parent,mutations,n_mut,pred_log10,pred_linear,ratio_to_parent_WT,min_hamming_to_seeds
avGFP,S65T:S72A:N105Y:S147N:I171S:L178V,6,3.7102093642969476,5131.086833546193,1.266565082438364,4
avGFP,S65T:S72A:K79R:L178V,4,3.705156296693694,5071.732001905026,1.2519138477839011,2
avGFP,S65T:S72A:K79R:N105Y:I171S:L178V,6,3.682246426647626,4811.122629285992,1.1875846438114726,4
avGFP,S65T:S72A:K79R:I171S:L178V,5,3.6737820289004173,4718.261736837334,1.1646627234240425,3
avGFP,S65T:S72A:K79R:S147N:L178V,5,3.666936493586843,4644.473546217157,1.1464487370372185,3
avGFP,S65T:S72A:S147N,3,3.664203195527917,4615.334640183,1.1392560462641785,1
avGFP,S65T:S72A:L178V,3,3.6593530362361246,4564.077772399384,1.1266037250160854,1
avGFP,S65T:S72A:N105Y:Y145L:L178V,5,3.61927440422012,4161.734821035193,1.0272887943017104,3
avGFP,S65T:S72A:S147N:L178V,4,3.6157018147479882,4127.640021852203,1.018872783515146,2
avGFP,S30C:S65T:S72A:V93F:S147N,5,3.595982996852266,3944.418589030316,0.9736461333541419,3
avGFP,S65T:S72A:S147N:I171S:L178V,5,3.5952502798654478,3937.7694006293327,0.9720048378297355,3
avGFP,S65T:S72A:S147N:I171S,4,3.580635189237699,3807.4585952591997,0.9398387254055252,2
avGFP,S65T:S72A:Y145L:S147N,4,3.580386095372356,3805.2754161402404,0.9392998262345534,2
avGFP,S65T:S72A:K79R:S147N:N149H:L178V,6,3.5778969785365056,3783.528228465927,0.9339317181819982,4
avGFP,S30C:S65T:S72A:I171S,4,3.576040883159084,3767.3926240078395,0.9299487816514685,2
avGFP,S65T:S72A:F99C:S147N:I171S,5,3.57553548211,3763.0109502869536,0.9288672028129994,3
avGFP,S65T:S72A:I171S:L178V,4,3.5729569257280156,3740.7348500965486,0.9233685372106935,2
avGFP,S65T:S72A:V93F:S147N:L178V:A206V,6,3.5725514702105943,3737.244145345533,0.9225068864738879,4
avGFP,S65T:S72A:N105Y:V163A:L178V,5,3.5665083737097327,3685.6014805823315,0.9097593345272887,3
avGFP,S65T:S72A:K79R:S147N:M153I:L178V,6,3.565179381802825,3674.340347986671,0.9069796198592142,4
avGFP,S65T:S72A:K79R:N105Y:I167V,5,3.5650640201584873,3673.3644625686075,0.9067387308555632,3
avGFP,S65T:S72A:K79R:S147N,4,3.5619894033467365,3647.450471488227,0.9003420828716612,2
avGFP,S65T:S72A:V93F:L178V:A206V,5,3.5610429587990975,3639.5103503301675,0.8983821315912854,3
avGFP,S65T:S72A:N105Y:I171S:L178V,5,3.5577637845578525,3612.1334303950302,0.8916243720796243,3
avGFP,S65T:S72A:Y145L:L178V,4,3.554409898057098,3584.345770756243,0.8847652249704638,2
avGFP,S65T:S72A:I171S,3,3.552435752697005,3568.0896088737913,0.8807525298665401,1
avGFP,Y39N:S65T:S72A:N105Y:S147N:I171S,6,3.5509412420797117,3555.8320664486705,0.8777268599186715,4
avGFP,S30C:S65T:S72A,3,3.5415614229009065,3479.8572029599127,0.8589731119585385,1
avGFP,L64M:S65T:S72A:R73L:K79R:I171S,6,3.529567623271905,3385.0697612155172,0.8355756392862352,4
avGFP,Y39N:S65T:Q69H:S72A,4,3.5273155730230035,3367.5617889520304,0.8312539454516551,2
avGFP,S65T:S72A:R73L:K79R:L178V,5,3.5250489428361407,3350.031902301751,0.8269268422373441,3
avGFP,S30C:S65T:S72A:S147N,4,3.5225499686551127,3330.810834411356,0.8221822853380165,2
avGFP,S65T:S72A:S147N:I167V:I171S:L178V,6,3.5155810413065214,3277.7893612459193,0.8090943862808936,4
avGFP,S65T:S72A:K79R:M153I,4,3.5136767701817435,3263.448549842118,0.8055544791292278,2
avGFP,S65T:S72A:A206V,3,3.513500702549813,3262.1257810164025,0.8052279649108685,1
avGFP,S65T:S72A:N105Y,3,3.5130517204822076,3258.755074697944,0.8043959347650905,1
avGFP,S65T:S72A:I171S:S202T,4,3.5124396512549847,3254.165610823503,0.8032630646970037,2
avGFP,Y39N:S65T:S72A:N105Y:S147N:L178V,6,3.509462324949582,3231.9328210318454,0.7977750898977458,4
avGFP,S65T:S72A:I167V,3,3.5063024291086937,3208.5028478784407,0.7919916005822742,1
avGFP,S65T:S72A:N105Y:S147N,4,3.503108097462291,3184.9901786126325,0.7861876984357943,2
avGFP,S65T:S72A:I167V:I171S,4,3.5006654047853276,3167.126461088215,0.7817781919135021,2
avGFP,S65T:S72A:N105Y:I171S,4,3.5000132461105418,3162.374112046077,0.7806051150290925,2
avGFP,S65T:S72A:I167V:L178V,4,3.499801357282974,3160.831591162006,0.7802243568867973,2
avGFP,S65T:S72A:K79R:I167V,4,3.4904947238708304,3093.8177292473565,0.7636825558427132,2
avGFP,S65T:S72A:V163A:L178V,4,3.4902593847617567,3092.1416796990593,0.7632688372869423,2
avGFP,S65T:S72A:S147N:V163A:I171S:L178V,6,3.4896816523238314,3088.031006118325,0.7622541525249107,4
avGFP,S65T:S72A:S147N:I167V:I171S,5,3.4894814472489775,3086.6077851806576,0.7619028425582854,3
avGFP,S65T:S72A:K79R:Y145L:L178V,5,3.4878855643044058,3075.286376386546,0.759108249224007,3
avGFP,S65T:S72A:K79R:S147N:I167V:I171S,6,3.482893132612415,3040.136843342875,0.7504318863672982,4
avGFP,S65T:S72A:F99C,3,3.481036620629857,3027.1686746090477,0.7472308043676621,1
avGFP,S65T:S72A:V93F:F99C,4,3.4799687632819754,3019.7345175779496,0.7453957460226359,2
avGFP,S65T:S72A:V93F:S147N:L178V,5,3.479124116614371,3013.867231419702,0.7439474564072418,3
avGFP,L64M:S65T:S72A:R73L:I171S,5,3.4787989805848487,3011.6117339440257,0.7433907060658633,3
avGFP,S65T:Q69H:S72A:Y145L:I167V:I171S,6,3.4756588247645204,2989.9148814468467,0.7380350228230697,4
avGFP,S65T:S72A:R73L:Q80R:S147N:L178V,6,3.4746087661909435,2982.6944505621254,0.7362527209569314,4
avGFP,S65T:S72A:I167V:S202T,4,3.47412620573965,2979.382110456724,0.7354350980137309,2
avGFP,S65T:S72A:K79R:N105Y,4,3.4740551106722664,2978.894418247863,0.7353147153457388,2
avGFP,S65T:S72A:L178V:A206V,4,3.471183985132819,2959.2658686433397,0.7304695750558762,2
avGFP,S65T:S72A:K79R:F99C,4,3.4709502465602817,2957.6736115319445,0.7300765399494787,2
avGFP,S65T:S72A:V163A:A206V,4,3.470502445179798,2954.625523667223,0.7293241454212045,2
avGFP,S30C:S65T:S72A:Y145L:S147N,5,3.4696452447048056,2948.7995031844616,0.7278860418863367,3
avGFP,S65T:S72A:Q80R:N105Y:S202T,5,3.466409546939071,2926.9112029056796,0.7224831013892506,3
avGFP,S65T:S72A:F99C:Y145L:I171S,5,3.463264219673579,2905.789965368208,0.717269503796641,3
avGFP,S65T:S72A:N105Y:L178V,4,3.4621142526662787,2898.105910941976,0.7153727604080489,2
avGFP,S65T:S72A:K79R:F99C:S147N:I171S,6,3.459797824139611,2882.689220699025,0.7115672817283993,4
avGFP,S30C:S65T:S72A:Y145L,4,3.4587827954779082,2875.9596958193,0.7099061558284564,2
avGFP,S65T:Q69H:S72A:K79R:H231Y,5,3.45829828400599,2872.752981172975,0.7091146056301971,3
avGFP,Y39N:S65T:S72A:I171S,4,3.456277583534342,2859.417583936065,0.7058228764023285,2
avGFP,S65T:S72A:S147N:I167V,4,3.4547139089863266,2849.1407808108793,0.7032861350803232,2
avGFP,S65T:S72A:K79R,3,3.4514294196998523,2827.6745281065373,0.6979873734323301,1
avGFP,S30C:S65T:S72A:V93F:S202T,5,3.449320778905951,2813.9785258545176,0.6946066319278219,3
avGFP,S65T:S72A:K79R:N105Y:L178V,5,3.4460015920797553,2792.5540784400887,0.6893181895595801,3
avGFP,S65T:S72A:K79R:M153I:I167V,5,3.4452533988646743,2787.7472679154494,0.6881316693220737,3
avGFP,S65T:S72A:F99C:I171S,4,3.445159675733152,2787.1457216736358,0.6879831827557635,2
avGFP,S30C:S65T:S72A:K79R:V93F,5,3.44448433861383,2782.8150190741953,0.6869141857044925,3
avGFP,S65T:S72A:S147N:N164T,4,3.4425815470565526,2770.6492324617857,0.6839111648974903,2
avGFP,S65T:S72A:V163A:I167V:I171S,5,3.4418133344377537,2765.752632523641,0.6827024809080132,3
avGFP,F46Y:S65T:S72A:Y145L:L178V,5,3.4417529444299158,2765.368072696011,0.6826075555899305,3
avGFP,L64M:S65T:S72A:R73L:Q80R,5,3.441485465493571,2763.665426203623,0.6821872718050419,3
avGFP,S65T:S72A:N149H:A206V,4,3.4395642355360323,2751.4665382239486,0.6791760802074609,2
avGFP,Y39N:L64M:S65T:S72A:R73L:I171S,6,3.4393378394238145,2750.0325826522917,0.6788221204878642,4
avGFP,S65T:S72A:N105Y:I171S:L178V:A206V,6,3.4367408755418882,2733.6371982754094,0.6747750594969741,4
avGFP,S65T:S72A:R73L:Q80R:N105Y:L178V,6,3.4331222441042972,2710.9545971002412,0.6691760525888238,4
avGFP,S65T:S72A:K79R:F99C:I171S,5,3.4326068429492147,2707.739266414624,0.6683823755946499,3
avGFP,S65T:S72A:N149H:L178V:H231Y,5,3.428561622517428,2682.6352226407876,0.6621856562048961,3
avGFP,Y39N:S65T:S72A:S147N,4,3.428300605839763,2681.023408109262,0.6617877935159137,2
avGFP,S65T:Q69H:S72A:L178V,4,3.4272554542277374,2674.5791471575335,0.6601970825869506,2
avGFP,S65T:S72A:Y145L:I167V,4,3.4246770014278893,2658.7469299244276,0.6562890346089022,2
avGFP,S65T:S72A:Y145L:I171S,4,3.4240631063295357,2654.9913246137944,0.6553619954251626,2
avGFP,Y39N:S65T:S72A,3,3.422898386725916,2647.880533015554,0.6536067570830738,1
avGFP,S65T:Q69H:S72A:Y145L:S147N:L178V,6,3.4227290078704637,2646.848036528674,0.6533518941192523,4
avGFP,S65T:S72A:K79R:I171S,4,3.4223778859217338,2644.708956043816,0.6528238803205122,2
avGFP,S65T:S72A:K79R:N164T:L178V,5,3.4220188735033172,2642.523593213709,0.6522844421190426,3
avGFP,S65T:S72A:N105Y:V163A:I167V:I171S,6,3.418180129375318,2619.2691594516255,0.646544283207217,4
avGFP,S65T:S72A:K79R:S202T,4,3.414793116073353,2598.9212257317554,0.6415215690756095,2
avGFP,Y39N:S65T:S72A:M153I,4,3.4126049333696424,2585.8595543346105,0.6382974067399132,2
avGFP,S65T:S72A:M153I:L178V,4,3.41237803216248,2584.508900727293,0.6379640094007153,2
avGFP,S65T:S72A:S147N:N164T:I171S,5,3.4115005527903213,2579.2922474691595,0.6366763229751528,3
avGFP,S30C:S65T:S72A:V93F,4,3.410961594712285,2576.0933392783436,0.6358866997339468,2
avGFP,Y39N:S65T:S72A:Q80R:N105Y,5,3.41054094972374,2573.599418250195,0.6352710965693383,3
avGFP,S65T:S72A:K79R:V163A:I167V,5,3.409683939743023,2568.5258432627206,0.6340187277962638,3
avGFP,L64M:S65T:S72A:K79R:I167V,5,3.4093426894989176,2566.5083969551765,0.6335207383582124,3
avGFP,S30C:S65T:S72A:R73L:Q80R:I171S,6,3.4092425576687733,2565.916725704736,0.6333746893494155,4
avGFP,S65T:S72A:V93F:N105Y:L178V,5,3.4091699469754704,2565.487760046656,0.633268802830299,3
avGFP,S30C:S65T:S72A:V93F:I171S,5,3.405173103847764,2541.9857044288756,0.6274675205724362,3
avGFP,S65T:S72A:Q80R:S147N,4,3.404206026247354,2536.331562996723,0.6260718439172852,2
avGFP,S65T:S72A:N149H:L178V,4,3.403931638327636,2534.7296109365748,0.6256764156953618,2
avGFP,S65T:S72A:N149H:I171S,4,3.4020858415354884,2523.9796065273968,0.6230228686667465,2
avGFP,S30C:S65T:S72A:K79R:V93F:A206V,6,3.402006978170283,2523.5213196685827,0.6229097444589629,4
avGFP,S30C:F46Y:S65T:S72A:I171S,5,3.4013062041325113,2519.4526696794946,0.6219054328626064,3
avGFP,S65T:S72A:K79R:N164T:I171S,5,3.3997570999094395,2510.481930935547,0.6196910824091162,3
avGFP,S65T:S72A:N105Y:I167V,4,3.399145309795665,2506.9479078334757,0.618818738906303,2
avGFP,S65T:S72A:N149H:L178V:A206V,5,3.398913651471628,2505.6110258069284,0.6184887409645231,3
avGFP,S30C:S65T:S72A:K79R,4,3.3980865465417374,2500.843682113706,0.6173119627782055,2
avGFP,S65T:Q69H:S72A:I171S,4,3.3970845972653416,2495.080702372665,0.6158894203135018,2
avGFP,S65T:S72A:M153I:I171S:L178V,5,3.395577050432455,2486.4346563439517,0.6137552174912987,3
avGFP,S65T:S72A:N105Y:I167V:L178V,5,3.394667665877277,2481.233670159464,0.6124713983494262,3
avGFP,S65T:S72A:S202T,3,3.3932335390740147,2473.053656268532,0.6104522315911519,1
avGFP,Y39N:S65T:Q69H:S72A:I167V,5,3.392969828019246,2471.5524315223097,0.6100816670487578,3
avGFP,S65T:S72A:K79R:I167V:L178V,5,3.3929636887196772,2471.5174932623027,0.6100730428368507,3
avGFP,S65T:Q69H:S72A:A206V,4,3.3925766550579826,2469.3159125400116,0.6095296013868263,2
avGFP,L64M:S65T:S72A,3,3.392573043178754,2469.2953761663352,0.6095245321578965,1
avGFP,S65T:Q69H:S72A:Y145L:I171S,5,3.392381303604043,2468.205431061132,0.6092554884919426,3
avGFP,S65T:S72A:L178V:S202T,4,3.3909469320006393,2460.0669813789823,0.6072465815045961,2
avGFP,L64M:S65T:S72A:Y145L:I167V,5,3.39027995032024,2456.291754311753,0.6063146988573628,3
avGFP,Y39N:S65T:S72A:N105Y:L178V:A206V,6,3.3896049968776367,2452.4773034659847,0.6053731341544735,4
avGFP,S65T:S72A:K79R:N149H,4,3.3893895880585188,2451.2611833688243,0.6050729452664108,2
sfGFP,S65T:S72A:K79R:N105Y:M153I,5,3.3880356724031877,2443.631261253022,13.028651921519975,3
avGFP,F46Y:S65T:S72A:I167V:I171S,5,3.387697502608391,2441.7292323981633,0.6027200643547055,3
avGFP,S65T:S72A:V93F:F99C:I171S,5,3.386081050061636,2432.6579606870473,0.6004808981945277,3
avGFP,S65T:S72A:N149H:I167V:I171S,5,3.3852064834634814,2427.764090836252,0.59927288810386,3
avGFP,S65T:S72A:L178V:H231Y,4,3.3846362803802865,2424.5786711251762,0.5984865943789942,2
avGFP,S65T:S72A:V93F:F99C:S147N,5,3.382739178369522,2414.01063114208,0.5958779637191323,3
avGFP,S65T:S72A:M153I:I171S,4,3.3826328720243772,2413.4198033688103,0.5957321229154909,2
avGFP,S65T:S72A:V163A,3,3.381997484400231,2409.891469632925,0.5948611837842633,1
avGFP,Y39N:L64M:S65T:S72A:M153I,5,3.3818322120201025,2408.9745509518016,0.5946348502173954,3
avGFP,S65T:S72A:L178V:T203I,4,3.3816633580146624,2408.038121975927,0.5944037007004407,2
avGFP,S65T:S72A:N164T:I171S,4,3.3807905973565426,2403.203774079071,0.5932103830971435,2
avGFP,S65T:S72A:N149H:I171S:A206V,5,3.3803414519991546,2400.7196765223657,0.5925972047727925,3
avGFP,S65T:S72A:V163A:I167V:L178V,5,3.3791373044866733,2394.0725354042324,0.5909564146027206,3
avGFP,S65T:S72A:K79R:S147N:I167V,5,3.3788613231208733,2392.5516560326137,0.5905809984834495,3
avGFP,L64M:S65T:S72A:Y145L:S147N:I171S,6,3.3786884201824305,2391.599314034015,0.5903459209723696,4
avGFP,S30C:F46Y:S65T:S72A,4,3.377653211258686,2385.905351380525,0.5889404147878965,2
avGFP,Y39N:S65T:S72A:N149H:I167V,5,3.3767343367735947,2380.8626211423434,0.5876956597784742,3
avGFP,L64M:S65T:S72A:Y145L:I171S,5,3.374105016295989,2366.4918672368262,0.5841483615752857,3
avGFP,S65T:S72A:M153I:I171S:S202T,5,3.370933790339957,2349.274638695608,0.579898435352229,3
avGFP,S65T:S72A:Y145L:S147N:I171S,5,3.370806130601324,2348.5841769821664,0.5797280007590571,3
avGFP,L64M:S65T:S72A:K79R,4,3.370377931546714,2346.2696969331973,0.5791566910718269,2
avGFP,S65T:S72A:N105Y:V163A:I171S,5,3.3700817451235796,2344.670099559176,0.5787618440841185,3
avGFP,S65T:S72A:S147N:I167V:L178V,5,3.3670049015134293,2328.117533004516,0.574675984011394,3
avGFP,S30C:S65T:S72A:V93F:S147N:A206V,6,3.36581599681991,2321.752900755171,0.5731049287494018,4
avGFP,S65T:S72A:K79R:N105Y:S202T,5,3.3647114131339264,2315.8552624348213,0.5716491469613076,3
avGFP,S65T:Q69H:S72A:M153I:A206V,5,3.3637447556761333,2310.7063385876118,0.5703781789639677,3
avGFP,Y39N:S65T:S72A:N149H,4,3.363019472857109,2306.8506207628775,0.5694264278587992,2
avGFP,S65T:S72A:M153I,3,3.362735061978349,2305.3404044116937,0.5690536438153034,1
avGFP,S65T:S72A:V93F:L178V,4,3.3616036174960517,2299.342239525291,0.5675730479005827,2
avGFP,S65T:S72A:M153I:V163A:L178V,5,3.3608113016382144,2295.1512019293677,0.5665385259658772,3
avGFP,F46Y:S65T:S72A:Y145L:I167V:I171S,6,3.360008713883642,2290.9136182480306,0.5654925145264288,4
avGFP,S65T:Q69H:S72A:R73L:Q80R:L178V,6,3.359444459437123,2287.9390954899686,0.5647582789181657,4
avGFP,S65T:Q69H:S72A:K79R:S202T,5,3.359283375146863,2287.0906327084404,0.5645488431070609,3
avGFP,S65T:S72A:K79R:N149H:I171S,5,3.3552806424609143,2266.1082008066364,0.5593695085033824,3
avGFP,S65T:S72A:S147N:V163A:L178V:A206V,6,3.3540179407604525,2259.5291097288127,0.5577455159061661,4
avGFP,S30C:S65T:S72A:S147N:V163A:I171S,6,3.353420884473475,2256.4249046057375,0.5569792693106282,4
avGFP,Y39N:S65T:S72A:K79R:N149H:L178V,6,3.3531921549233212,2255.2368278770837,0.556686002689231,4
avGFP,Y39N:S65T:S72A:N105Y:S147N:T203I,6,3.3522775250908126,2250.4922675655475,0.5555148483866323,4
avGFP,S65T:S72A:N149H:M153I:L178V:A206V,6,3.3514897967992625,2246.413998710156,0.5545081624550546,4
avGFP,S65T:S72A:K79R:V163A:L178V,5,3.3511138157923375,2244.4700562081766,0.5540283168053615,3
avGFP,S65T:S72A:I171S:A206V,4,3.3505445973051695,2241.5302146623208,0.5533026419589451,2
avGFP,S65T:S72A:V163A:I171S,4,3.3497950556231353,2237.664931115954,0.5523485296368644,2
avGFP,S65T:S72A:Q80R:N105Y:L178V,5,3.3479517491519544,2228.1875801267247,0.5500091262655373,3
avGFP,S30C:S65T:S72A:M153I:A206V,5,3.3467008115960315,2221.778764902432,0.548427164812494,3
avGFP,S65T:S72A:V163A:I167V,4,3.3465293619501786,2220.901829969483,0.5482107008933137,2
avGFP,S65T:S72A:S147N:M153I,4,3.3460114504763547,2218.2549048640476,0.5475573299753912,2
avGFP,S65T:S72A:K79R:I167V:I171S:S202T,6,3.345966543628316,2218.0255450861237,0.5475007144677105,4
avGFP,L64M:S65T:S72A:Y145L,4,3.3453431843653596,2214.844212987845,0.5467154297352487,2
avGFP,F46Y:S65T:S72A:I167V,4,3.343762990417089,2206.800076887795,0.5447298032523572,2
avGFP,L64M:S65T:S72A:N105Y:M153I,5,3.3437321962941233,2206.6436068736607,0.5446911799620524,3
avGFP,S65T:S72A:R73L:Q80R:L178V,5,3.342389960755462,2199.8342566202537,0.5430103498485037,3
avGFP,L64M:S65T:S72A:M153I:I167V,5,3.3423500524527756,2199.6321181601347,0.5429604536912742,3
avGFP,Y39N:S65T:S72A:L178V,4,3.342301149646293,2199.3844472081123,0.5428993182262271,2
avGFP,S65T:Q69H:S72A,3,3.342273885430089,2199.2463781941315,0.5428652370660855,1
avGFP,S65T:S72A:Q80R:A206V,4,3.3417045825135174,2196.3653443338344,0.5421540783959732,2
avGFP,Y39N:F46Y:S65T:S72A:L178V,5,3.3403679163144484,2189.6157903458657,0.540488008481252,3
avGFP,S30C:S65T:S72A:V93F:I167V:S202T,6,3.3402869956341426,2189.207844353919,0.540387310487692,4
avGFP,S65T:S72A:N149H:H231Y,4,3.337653966681465,2175.9753270794013,0.5371209763022922,2
avGFP,S65T:S72A:R73L:Q80R:I167V:I171S,6,3.3374047640758127,2174.7270883913875,0.5368128592136374,4
avGFP,S65T:S72A:F99C:S147N,4,3.3354757703787277,2165.0890839625795,0.5344337999090656,2
avGFP,L64M:S65T:S72A:M153I:I167V:I171S,6,3.335165735639422,2163.544018765484,0.5340524137247706,4
avGFP,Y39N:S65T:S72A:M153I:I167V,5,3.335138961742293,2163.410642169919,0.5340194908481488,3
avGFP,S30C:S65T:S72A:N149H:M153I:I171S,6,3.333949665151136,2157.494340479125,0.53255910216602,4
avGFP,L64M:S65T:S72A:K79R:M153I,5,3.3338994356332843,2157.244823991262,0.5324975111461694,3
avGFP,S30C:S65T:S72A:A206V,4,3.331302374681487,2144.3830941400056,0.5293227026781362,2
avGFP,S65T:S72A:Y145L:M153I,4,3.331141586010399,2143.5893269979956,0.5291267680197936,2
avGFP,S65T:S72A:I167V:I171S:L178V:S202T,6,3.3303174777241,2139.5255528176326,0.5281236599752929,4
avGFP,S65T:S72A:N105Y:L178V:S202T,5,3.3288213120399313,2132.1674646409506,0.5263073785790867,3
avGFP,S30C:S65T:Q69H:S72A,4,3.3284271898528552,2130.2334006521905,0.5258299713562445,2
avGFP,S30C:S65T:S72A:M153I:I167V:I171S,6,3.3279499985221945,2127.8940417832464,0.525252520544201,4
avGFP,Y39N:S65T:Q69H:S72A:N105Y,5,3.3250160419371735,2113.5671091789814,0.5217160392559924,3
avGFP,L64M:S65T:S72A:K79R:M153I:I167V,6,3.323151255807121,2104.511269996583,0.5194806824840869,4
avGFP,S65T:S72A:N105Y:N149H:L178V,5,3.3230933544993624,2104.230709599858,0.5194114285397404,3
avGFP,S65T:S72A:V163A:L178V:S202T,5,3.322470350189304,2101.214311701818,0.5186668564098322,3
avGFP,S65T:S72A:R73L:Q80R:N105Y,5,3.3223845995258956,2100.799471675731,0.5185644566826624,3
avGFP,F46Y:S65T:S72A:I171S,4,3.321818092750042,2098.060912218757,0.5178884666055295,2
avGFP,S30C:S65T:S72A:V93F:S147N:M153I,6,3.321458396778966,2096.32395341093,0.517459713117819,4
avGFP,S65T:S72A:M153I:I167V:I171S,5,3.3214212072903058,2096.1444487631593,0.5174154039243914,3
avGFP,S30C:S65T:S72A:M153I:I171S:S202T,6,3.3212384976893747,2095.2627770378886,0.5171977707683707,4
avGFP,S65T:S72A:V93F:F99C:S202T,5,3.320750663123162,2092.9105303723754,0.5166171387135119,3
avGFP,S65T:S72A:N105Y:Y145L,4,3.3199054070479144,2088.8411143259154,0.5156126380224179,2
avGFP,S65T:S72A:Q80R:S202T,4,3.318219994129611,2080.750435150264,0.5136155227777301,2
avGFP,S65T:Q69H:S72A:S147N:I171S,5,3.3181941605045506,2080.6266672229176,0.5135849717190192,3
avGFP,S30C:S65T:Q69H:S72A:S147N:I171S,6,3.3177477015909833,2078.4888619842877,0.513057272703949,4
avGFP,S65T:S72A:N164T:I167V:I171S,5,3.3176526292054795,2078.0339050947173,0.512944970470711,3
avGFP,S65T:S72A:N105Y:S147N:I167V,5,3.317430029436002,2076.969071527787,0.5126821253741002,3
avGFP,Y39N:L64M:S65T:S72A,4,3.3167929787214168,2073.9246748530204,0.5119306419846278,2
avGFP,S30C:S65T:S72A:V93F:I167V:I171S,6,3.315466715909561,2067.600916049134,0.5103696759845203,4
avGFP,Y39N:S65T:Q69H:S72A:N105Y:M153I,6,3.3152620314898607,2066.6266785263206,0.5101291937497763,4
avGFP,L64M:S65T:S72A:I167V,4,3.314672905389343,2063.8251731871646,0.5094376660177485,2
avGFP,S65T:S72A:K79R:N105Y:S147N,5,3.313665212265359,2059.0420326643116,0.5082569885185811,3
avGFP,S65T:S72A:R73L:F99C:I171S,5,3.3131256957100734,2056.485708376305,0.507625981640777,3
avGFP,S65T:Q69H:S72A:V163A,4,3.312853135234468,2055.1954758393726,0.5073074987281861,2
avGFP,S65T:S72A:K79R:N149H:L178V:S202T,6,3.3125587425574756,2053.802804498161,0.5069637296692493,4
avGFP,L64M:S65T:S72A:Y145L:M153I:S202T,6,3.312548176698905,2053.752838572041,0.5069513960059557,4
avGFP,S65T:S72A:S147N:V163A:L178V,5,3.3091047382473087,2037.533407794624,0.5029477676624641,3
avGFP,S65T:S72A:N105Y:S147N:S202T,5,3.307365645457066,2029.3906048435963,0.5009377861077726,3
avGFP,S65T:S72A:H231Y,3,3.3066365020684465,2025.9862897076005,0.5000974599116382,1
avGFP,S65T:S72A:Q80R:N105Y,4,3.306050255057394,2023.2532890150837,0.4994228419681666,2
avGFP,S65T:S72A:R73L:I171S:S202T,5,3.305889403156518,2022.504064951061,0.49923790238924354,3
avGFP,Y39N:S65T:Q69H:S72A:S147N,5,3.3048803194662946,2017.810229784048,0.49807926915653505,3
avGFP,S65T:S72A:V93F:S147N:I167V,5,3.3040440583449353,2013.928548700528,0.49712110924206904,3
avGFP,S30C:Y39N:S65T:S72A:K79R:I171S,6,3.3027501797270284,2007.9374495880338,0.4956422574534572,4
avGFP,S65T:S72A:M153I:A206V,4,3.302329631179502,2005.99400685239,0.49516253516682734,2
avGFP,L64M:S65T:S72A:F99C:Y145L:I171S,6,3.302229919419761,2005.5334939040793,0.4950488614678114,4
avGFP,S65T:S72A:K79R:V93F:N105Y,5,3.3021467671378093,2005.1495407807997,0.49495408590953016,3
avGFP,S65T:S72A:M153I:I171S:A206V,5,3.302029345780026,2004.6074764326522,0.49482028194205296,3
avGFP,S65T:Q69H:S72A:S147N,4,3.3019496194595703,2004.239511109574,0.4947294528360804,2
avGFP,S65T:S72A:S147N:M153I:L178V,5,3.3018776378791537,2003.9073485368717,0.49464746133409926,3
avGFP,Y39N:S65T:Q69H:S72A:S147N:H231Y,6,3.30176665602514,2003.3953251329042,0.49452107271782864,4
avGFP,S65T:S72A:N105Y:A206V,4,3.3017602953342813,2003.3659835558274,0.4945138299994349,2
avGFP,S65T:S72A:R73L:I171S:H231Y,5,3.299698843481873,1993.8792028505568,0.4921720989830176,3
avGFP,S65T:S72A:R73L,3,3.299258435374844,1991.8582803857046,0.49167325148514196,1
avGFP,S30C:Y39N:S65T:S72A:I171S,5,3.2987874327821296,1989.6992341547223,0.49114030931202296,3
avGFP,S30C:S65T:S72A:K79R:I167V:I171S,6,3.298729176690721,1989.432354580065,0.49107443236208187,4
avGFP,S30C:S65T:Q69H:S72A:I171S,5,3.298270251582355,1987.3312036868979,0.4905557811599972,3
avGFP,S65T:Q69H:S72A:Y145L:L178V,5,3.297908122492917,1985.6747919431166,0.4901469100290122,3
avGFP,S65T:S72A:R73L:Q80R,4,3.297130589476396,1982.1229474576785,0.489270167469503,2
avGFP,S30C:S65T:S72A:S147N:V163A,5,3.2971062112602554,1982.0116882373106,0.4892427040785707,3
avGFP,S65T:S72A:Y145L:V163A:I167V:L178V,6,3.296825601323222,1980.731468115673,0.4889266926454177,4
avGFP,F46Y:S65T:S72A:Y145L:I171S,5,3.2965915268981663,1979.6641884788162,0.48866324375727915,3
avGFP,Y39N:S65T:S72A:N105Y,4,3.29655790924533,1979.5109535415538,0.4886254190181465,2
avGFP,Y39N:S65T:S72A:I167V,4,3.2959486453146516,1976.7358801734106,0.4879404157930372,2
avGFP,S30C:S65T:S72A:L178V,4,3.295725122767234,1975.7187561410178,0.4876893473886759,2
avGFP,Y39N:F46Y:S65T:S72A:F99C:I171S,6,3.2954486267841343,1974.461304195594,0.48737895608590054,4
avGFP,S65T:S72A:R73L:K79R:F99C:I171S,6,3.2952094394877927,1973.374170799771,0.48711060646645926,4
avGFP,Y39N:S65T:Q69H:S72A:M153I:I167V,6,3.2935296020604277,1965.755964423471,0.48523011710815267,4
avGFP,Y39N:F46Y:S65T:S72A:Y145L,5,3.293320369842678,1964.8091404684492,0.48499640167913155,3
avGFP,S65T:S72A:I167V:L178V:T203I,5,3.2914556312394185,1956.3908872626023,0.4829184275750992,3
sfGFP,S65T:S72A:N105Y:S147N:M153I:V163A,6,3.290737128149977,1953.1568817356115,10.4136010877542,3
avGFP,Y39N:F46Y:S65T:S72A:N105Y,5,3.289906111690677,1949.4231165625265,0.48119849272358667,3
avGFP,L64M:S65T:S72A:N149H:I167V:I171S,6,3.289896534924576,1949.3801296857441,0.48118788177918015,4
avGFP,S65T:S72A:R73L:I171S,4,3.289197262672634,1946.2438922851466,0.48041372828876094,2
avGFP,S30C:S65T:S72A:K79R:Y145L:I171S,6,3.2885392248361596,1943.2971996353551,0.4796863623056902,4
avGFP,S65T:S72A:I171S:T203I,4,3.287866923580162,1940.2912428766692,0.4789443674821023,2
sfGFP,L64M:S65T:S72A:V93F:F99C:I171S,6,3.2877769252174716,1939.8892001382555,10.342862098579186,4
avGFP,S65T:S72A:R73L:Q80R:I171S:A206V,6,3.2869898615551287,1936.376759416054,0.47797811058023437,4
avGFP,Y39N:S65T:S72A:N105Y:M153I:I171S,6,3.2859106395034146,1931.5708358256545,0.47679180927489084,4
avGFP,S65T:S72A:I171S:L178V:A206V,5,3.285905347826124,1931.5473006722445,0.47678599982272485,3
avGFP,S30C:S65T:S72A:S147N:I171S:S202T,6,3.2849476231654515,1927.2924636202779,0.47573572953568677,4
avGFP,S65T:S72A:S147N:N164T:I167V:I171S,6,3.2845404355167864,1925.4863114807645,0.47528989626338214,4
avGFP,S65T:S72A:S147N:A206V,4,3.283701525847566,1921.7705148467987,0.4743726835124199,2
avGFP,S65T:S72A:V93F:F99C:A206V,5,3.2816819273337825,1912.8544575841102,0.47217183071684604,3
avGFP,Y39N:S65T:Q69H:S72A:A206V,5,3.281107402550119,1910.3256303894943,0.4715476112623475,3
avGFP,L64M:S65T:S72A:I171S,4,3.2800422547419146,1905.646119047523,0.47039251374385177,2
avGFP,S65T:S72A:S147N:I171S:L178V:T203I,6,3.280005411630733,1905.4844615622508,0.47035260997047923,4
avGFP,S65T:S72A:K79R:N105Y:M153I,5,3.2796076427018708,1903.740033409951,0.4699220127387036,3
avGFP,F46Y:S65T:S72A:I171S:L178V,5,3.2791270937135635,1901.6347006596989,0.46940232928081516,3
avGFP,Y39N:S65T:Q69H:S72A:K79R,5,3.277944481598172,1896.4634697053891,0.46812585496408127,3
avGFP,S65T:S72A:K79R:N149H:H231Y,5,3.2778198152759597,1895.9191588619633,0.4679914964683785,3
avGFP,S65T:Q69H:S72A:K79R:N105Y:L178V,6,3.2769194369423373,1891.9926152244234,0.46702226261455543,4
avGFP,S65T:S72A:F99C:Y145L,4,3.276446756592989,1889.9345157832422,0.46651423829671623,2
avGFP,L64M:S65T:S72A:F99C:Y145L,5,3.274898912639256,1883.210698112096,0.4648545211726016,3
avGFP,Y39N:S65T:Q69H:S72A:N149H,5,3.274361256639616,1880.8807282823539,0.46427938796491686,3
avGFP,S65T:Q69H:S72A:Y145L:I171S:L178V,6,3.27368306901507,1877.945865801802,0.4635549421583632,4
avGFP,S65T:S72A:V163A:I167V:I171S:A206V,6,3.2736304515486916,1877.7183548111625,0.46349878300807734,4
sfGFP,Y39N:S65T:S72A:N105Y:M153I,5,3.273491453971796,1877.1174801742561,10.008183580222568,2
sfGFP,S65T:S72A:N105Y:M153I,4,3.273491453971796,1877.1174801742561,10.008183580222568,2
sfGFP,S65T:S72A:N105Y:M153I:A206V,5,3.273491453971796,1877.1174801742561,10.008183580222568,2
avGFP,S65T:S72A:N149H:I167V:I171S:S202T,6,3.273443608598058,1876.91069320334,0.4632994186191907,4
avGFP,F46Y:S65T:S72A:Y145L,4,3.273296308628054,1876.2742080059627,0.46314230766928116,2
avGFP,S65T:S72A:K79R:N164T,4,3.2730796945603933,1875.3386077055736,0.46291136270381217,2
avGFP,S65T:S72A:N105Y:N149H:H231Y,5,3.272786212708429,1874.0717439785828,0.4625986481829189,3
avGFP,S65T:S72A:Y145L:V163A:L178V,5,3.2727404245708476,1873.8741689803933,0.46254987847739887,3
avGFP,S30C:F46Y:S65T:S72A:K79R:V93F,6,3.2721274691609215,1871.2312822276822,0.461897504392451,4
avGFP,S65T:S72A:K79R:I171S:L178V:A206V,6,3.2710602711755272,1866.6387240680463,0.4607638705264183,4
avGFP,S30C:S65T:S72A:S202T,4,3.2707857552326556,1865.4592014290463,0.46047271540919527,2
avGFP,S65T:S72A:R73L:N105Y:I171S,5,3.2704674871818713,1864.0926204741943,0.4601353865399146,3
avGFP,S65T:S72A:N149H,3,3.2700786413990706,1862.4243511632371,0.45972358846946537,1
avGFP,S65T:S72A:M153I:I167V:I171S:L178V,6,3.2699155230804116,1861.7249674576408,0.45955095155852027,4
avGFP,S65T:S72A:V163A:N164T:A206V,5,3.268784365160171,1856.882251506443,0.4583555683722811,3
avGFP,S30C:S65T:S72A:K79R:L178V,5,3.266861162606174,1848.6775301859332,0.4563303027954533,3
avGFP,S65T:S72A:K79R:T203I,4,3.2663262934731896,1846.4021342403707,0.4557686406862624,2
avGFP,S65T:S72A:V93F:N105Y:I167V,5,3.264756774047396,1839.741368586883,0.45412448741568096,3
avGFP,S65T:S72A:Y145L:M153I:L178V,5,3.264719626025582,1839.5840103138116,0.454085644866223,3
avGFP,S65T:S72A:Y145L,3,3.261769467829705,1827.1300816040891,0.45101149863665907,1
avGFP,F46Y:S65T:S72A,3,3.260717520181484,1822.7097646009913,0.44992038103310783,1
avGFP,Y39N:S65T:S72A:N149H:I171S,5,3.259575722479088,1817.9239970594306,0.44873905507674733,3
avGFP,Y39N:F46Y:S65T:S72A:S147N:L178V,6,3.2589238662331734,1815.197422645446,0.4480660234053975,4
avGFP,S65T:Q69H:S72A:F99C,4,3.258041415384553,1811.5128346797728,0.4471565142483932,2
avGFP,S65T:S72A:V93F:N105Y,4,3.257381857012537,1808.763797560526,0.4464779378495684,2
avGFP,S65T:S72A:V93F:S147N,4,3.257194131690681,1807.9821219814696,0.44628498789055493,2
avGFP,S65T:Q69H:S72A:K79R:I171S,5,3.2565557683143753,1805.3265465573036,0.44562948171513017,3
avGFP,S30C:S65T:S72A:N105Y:V163A:I167V,6,3.256278800534609,1804.1755812582062,0.4453453757340338,4
avGFP,Y39N:S65T:S72A:N149H:L178V,5,3.2561373354251835,1803.5879930138587,0.4452003345805153,3
avGFP,S65T:S72A:Q80R:M153I:S202T:A206V,6,3.255476097842794,1800.8440191108132,0.4445230079934854,4
avGFP,S65T:S72A:N164T:I171S:A206V,5,3.2551679605941475,1799.5667514174436,0.444207725342104,3
avGFP,S65T:S72A:V93F:M153I:I167V:A206V,6,3.2549590134263844,1798.701154564808,0.4439940601314806,4
avGFP,S65T:S72A:M153I:I167V:L178V,5,3.2548272768773594,1798.1556289869875,0.44385940178893857,3
avGFP,S65T:S72A:Q80R:S147N:S202T,5,3.2545745940600623,1797.1097237424062,0.4436012289874835,3
avGFP,S65T:Q69H:S72A:I167V,4,3.2543533911874025,1796.1946197529944,0.44337534336180834,2
avGFP,Y39N:S65T:S72A:N105Y:T203I,5,3.2539463456407316,1794.5119124458067,0.44295998139496073,3
avGFP,Y39N:F46Y:S65T:S72A,4,3.2529177331888834,1790.2666982581818,0.44191208643002566,2
avGFP,S65T:S72A:F99C:I167V,4,3.2526579387324386,1789.1960830435617,0.4416478141829259,2
avGFP,Y39N:S65T:S72A:M153I:A206V,5,3.2523402444415415,1787.8877322552623,0.4413248589343017,3
avGFP,S65T:S72A:F99C:Y145L:N149H:M153I,6,3.2511332928730665,1782.9258958574999,0.440100071880399,4
avGFP,Y39N:F46Y:S65T:S72A:I167V,5,3.251088751895994,1782.7430494419698,0.4400549378000624,3
avGFP,S65T:S72A:Q80R:V93F:N105Y,5,3.250424594037324,1780.0188197643615,0.4393824849069165,3
avGFP,S65T:S72A:Y145L:S202T,4,3.2503540635535906,1779.7297638363211,0.4393111339130229,2
avGFP,S65T:S72A:M153I:I167V,4,3.250251335663225,1779.3088368608371,0.43920723167423814,2
avGFP,S65T:S72A:N105Y:N164T:I171S,5,3.249707034836907,1777.0802277788994,0.4386571185038406,3
avGFP,S30C:S65T:S72A:Y145L:V163A,5,3.2491965423851923,1774.9925819256025,0.43814180090582294,3
avGFP,S65T:S72A:V93F:S147N:S202T,5,3.248057558926923,1770.3435740640855,0.43699423291167355,3
avGFP,S65T:S72A:K79R:Q80R:L178V:S202T,6,3.247754095852613,1769.1069793715799,0.4366889900441359,4
avGFP,S30C:L64M:S65T:S72A:R73L:I171S,6,3.246955597809564,1765.8572705239606,0.4358868270934768,4
avGFP,S65T:S72A:K79R:Q80R:S147N,5,3.2452878057825103,1759.088971296089,0.4342161300759422,3
avGFP,Y39N:L64M:S65T:S72A:N105Y,5,3.2447810970162214,1757.0377685815622,0.4337098081563369,3
avGFP,S65T:S72A:A206V:H231Y,4,3.244736121504337,1756.8558192715138,0.4336648955188477,2
avGFP,S65T:S72A:N105Y:V163A,4,3.244701855405907,1756.7172077485282,0.4336306804449788,2
avGFP,S65T:S72A:K79R:S147N:S202T,5,3.2427211788363106,1748.7236310509106,0.4316575341199539,3
avGFP,Y39N:S65T:S72A:L178V:H231Y,5,3.2423883457389935,1747.383963715894,0.4313268486485013,3
avGFP,S65T:S72A:V93F:S147N:L178V:S202T,6,3.2415658533362848,1744.07779700888,0.43051074955611274,4
avGFP,S65T:S72A:S147N:S202T,4,3.241517791492689,1743.8847967297356,0.43046310908102525,2
avGFP,L64M:S65T:Q69H:S72A:K79R,5,3.2407999697157637,1741.004804948802,0.42975220763932837,3
avGFP,S65T:S72A:N105Y:S202T,4,3.2407283185310733,1740.7175925337567,0.42968131170091606,2
avGFP,S30C:S65T:S72A:Q80R,4,3.2401223502866863,1738.2904743497584,0.42908219824941385,2
avGFP,S65T:S72A:N105Y:S147N:N164T,5,3.240054419160504,1738.018597087279,0.4290150876628001,3
avGFP,S65T:S72A:K79R:V93F:F99C:S202T,6,3.239505554436688,1735.823463153227,0.4284732375475441,4
avGFP,S30C:Y39N:S65T:S72A:N105Y:Y145L,6,3.2392755819938217,1734.9045339351237,0.4282464076967466,4
avGFP,S65T:S72A:V93F:N105Y:S147N,5,3.2381543085985207,1730.4310871826679,0.4271421754670823,3
avGFP,L64M:S65T:S72A:S147N,4,3.2375367370785413,1727.9721439204031,0.4265352062660701,2
avGFP,S65T:Q69H:S72A:F99C:S147N,5,3.236750367034758,1724.8461634453465,0.4257635846103605,3
sfGFP,S65T:S72A:N105Y:S147N,4,3.235844197633312,1721.250968511292,9.177153727691955,2
sfGFP,S65T:S72A:N105Y:S147N:V163A,5,3.235844197633312,1721.250968511292,9.177153727691955,2
sfGFP,S65T:S72A:Q80R:N105Y:S147N,5,3.235844197633312,1721.250968511292,9.177153727691955,2
avGFP,S65T:Q69H:S72A:K79R:N105Y,5,3.235112661203773,1718.3540910304594,0.4241610718289359,3
avGFP,S65T:S72A:S147N:V163A,4,3.234114629930931,1714.4097579700542,0.4231874468075944,2
avGFP,S65T:S72A:S147N:M153I:I171S:A206V,6,3.2332881975931067,1711.1504569652457,0.4223829161146313,4
avGFP,S65T:S72A:S147N:M153I:I167V,5,3.2332264360914778,1710.9071296566324,0.4223228528409641,3
avGFP,S65T:S72A:V93F:Y145L:L178V,5,3.233027110810675,1710.1220660402264,0.4221290665737874,3
avGFP,Y39N:S65T:S72A:A206V,4,3.2320989716025665,1706.4712333396963,0.42122788961648383,2
avGFP,S30C:S65T:S72A:S147N:N149H,5,3.231978252300541,1705.9969574823078,0.42111081866058336,3
sfGFP,S65T:S72A:N105Y:I171S:L178V:S202T,6,3.231877545385952,1705.601406125114,9.093715320152073,4
sfGFP,F46Y:S65T:S72A:N149H:I171S:T203I,6,3.231871097756041,1705.5760845853106,9.093580313887648,4
avGFP,S65T:Q69H:S72A:V93F:L178V,5,3.231594851509811,1704.4915458796647,0.42073922062834196,3
avGFP,L64M:S65T:S72A:K79R:Y145L,5,3.2314881147508645,1704.072683665371,0.42063582805827104,3
avGFP,Y39N:S65T:S72A:Y145L:N149H:L178V,6,3.229835616005125,1697.6009750591497,0.41903834190957323,4
avGFP,S65T:S72A:K79R:N105Y:I167V:T203I,6,3.2287740202698014,1693.4564021858873,0.4180152893959077,4
avGFP,S65T:S72A:Q80R:V93F:A206V,5,3.2281987090867856,1691.2145607025604,0.4174619099199301,3
sfGFP,S30C:S65T:S72A:M153I:I171S,5,3.2280330583723007,1690.5696124231517,9.013570655527616,3
sfGFP,S30C:Y39N:S65T:S72A:M153I:I171S,6,3.2280330583723007,1690.5696124231517,9.013570655527616,3
avGFP,Y39N:S65T:S72A:I171S:L178V,5,3.2257381974467068,1681.6600126992892,0.41510345112318797,3
avGFP,S65T:S72A:K79R:Y145L:S147N,5,3.2247991461159797,1678.0277790491414,0.4142068651830597,3
avGFP,S65T:S72A:S147N:L178V:T203I,5,3.2244801380376584,1676.79564766026,0.41390272404400696,3
avGFP,S65T:S72A:N149H:I167V,4,3.223631884903908,1673.523768602544,0.41309508856581323,2
avGFP,S30C:S65T:S72A:K79R:Y145L,5,3.22339904099002,1672.6267611575836,0.4128736699180043,3
avGFP,S65T:S72A:Q80R:S147N:L178V,5,3.223198033979329,1671.852788826975,0.41268262144026013,3
avGFP,F46Y:L64M:S65T:S72A:Y145L,5,3.222419224866959,1668.857384860048,0.4119432314834378,3
avGFP,S65T:S72A:S147N:N149H:I167V:H231Y,6,3.2223770586247555,1668.695361091376,0.4119032372961278,4
avGFP,S65T:S72A:N164T,3,3.222138659567803,1667.779608647468,0.4116771916049833,1
avGFP,S30C:S65T:S72A:S147N:A206V,5,3.2219572567769963,1667.083130308211,0.4115052718589734,3
avGFP,S65T:S72A:N164T:L178V,4,3.22125222606481,1664.3789944091266,0.4108377789439137,2
avGFP,S65T:S72A:K79R:Y145L:M153I,5,3.221028185907844,1663.520610105046,0.4106258940894705,3
avGFP,S30C:S65T:S72A:V93F:Y145L:L178V,6,3.220866647627945,1662.9019693003743,0.4104731878759162,4
sfGFP,S30C:F46Y:S65T:S72A:M153I:A206V,6,3.220159170366474,1660.1952630128537,8.851624443722125,3
sfGFP,S30C:F46Y:S65T:S72A:M153I,5,3.220159170366474,1660.1952630128537,8.851624443722125,3
avGFP,S65T:Q69H:S72A:K79R:N149H:H231Y,6,3.220144527021778,1660.139286244403,0.40979124309383597,4
avGFP,S65T:S72A:I167V:H231Y,4,3.220079538403977,1659.8908785624535,0.4097299257732813,2
avGFP,Y39N:F46Y:S65T:S72A:A206V,5,3.219849199372919,1659.0107469944248,0.40951267279195797,3
avGFP,S30C:S65T:S72A:Q80R:A206V,5,3.218688802828649,1654.583933289904,0.40841995153299404,3
sfGFP,L64M:S65T:S72A:M153I:I171S,5,3.2184116383155636,1653.5283231798492,8.81607847578366,3
sfGFP,S65T:S72A:K79R:N105Y:M153I:L178V,6,3.217156378327142,1648.7559594757895,8.790633775296728,4
avGFP,F46Y:S65T:S72A:K79R,4,3.216365086705837,1645.7546343190027,0.4062405142828113,2
sfGFP,S65T:S72A:Q80R:M153I:T203I,5,3.2157788133199694,1643.5344560303101,8.762794406903934,2
sfGFP,S65T:S72A:M153I:T203I,4,3.2157788133199694,1643.5344560303101,8.762794406903934,2
sfGFP,Y39N:S65T:S72A:M153I:T203I,5,3.2157788133199694,1643.5344560303101,8.762794406903934,2
avGFP,L64M:S65T:S72A:Y145L:L178V,5,3.2156291850183267,1642.968303521031,0.40555273225703053,3
avGFP,S30C:S65T:S72A:M153I:V163A,5,3.2152936659364135,1641.699500074337,0.4052395389328495,3
avGFP,S65T:S72A:Q80R:N105Y:Y145L,5,3.21514778698388,1641.148147948448,0.40510344235654255,3
avGFP,S30C:S65T:S72A:M153I,4,3.2150420323260636,1640.748562095638,0.4050048079921235,2
avGFP,S65T:S72A:S147N:N149H,4,3.213198746678421,1633.7994543453879,0.40328947993081965,2
avGFP,Y39N:S65T:S72A:M153I:I171S,5,3.212258709619866,1630.2668949187969,0.40241749772383245,3
avGFP,S65T:S72A:V93F:S147N:I171S:L178V,6,3.2111556521261426,1626.1314605220975,0.4013967009652724,4
avGFP,S65T:S72A:N149H:M153I:L178V:S202T,6,3.2111331653260806,1626.0472652400906,0.40137591807701595,4
avGFP,L64M:S65T:S72A:Y145L:S147N:I167V,6,3.20981914628502,1621.1348658512372,0.4001633341276983,4
avGFP,Y39N:S65T:S72A:K79R:L178V,5,3.2096370748380267,1620.4553718200198,0.3999956068134695,3
sfGFP,L64M:S65T:S72A:F99C:I167V,5,3.209415353311309,1619.628287537376,8.635334444752388,3
avGFP,Y39N:S65T:S72A:V163A:A206V,5,3.209392518086471,1619.5431296426,0.39977042760171,3
avGFP,S30C:S65T:S72A:K79R:I171S:S202T,6,3.20904748306296,1618.2569581423818,0.39945294712144347,4
avGFP,S30C:S65T:S72A:K79R:S202T,5,3.2078518925273753,1613.8081058986984,0.3983547858367936,3
avGFP,S30C:S65T:S72A:M153I:I167V,5,3.2077895785946335,1613.5765682674908,0.39829763274457913,3
avGFP,S65T:S72A:Q80R:Y145L:S147N:L178V,6,3.2077310266474752,1613.3590391820917,0.39824393754258414,4
avGFP,S65T:Q69H:S72A:R73L:V163A:I171S,6,3.2064712859351703,1608.6860135589059,0.3970904409685305,4
avGFP,L64M:S65T:S72A:Y145L:V163A,5,3.2055772933198985,1605.3779489246826,0.39627387338897535,3
sfGFP,S30C:S65T:S72A:V93F:N105Y:M153I,6,3.204673180481298,1602.0393546799153,8.541555940808493,4
avGFP,S65T:S72A:N149H:I171S:T203I,5,3.203745503054062,1598.6209608000947,0.39460596842094753,3
avGFP,L64M:S65T:S72A:N149H:I167V,5,3.2027692752296084,1595.0315401992723,0.39371995051739855,3
avGFP,Y39N:S65T:S72A:F99C:N105Y:L178V,6,3.20232699197268,1593.4079951634696,0.3933191922533462,4
sfGFP,S65T:S72A:K79R:F99C:N105Y:S202T,6,3.2011880328191444,1589.2346771988568,8.473285539904188,4
avGFP,S65T:S72A:N105Y:S147N:M153I,5,3.2011545146682576,1589.112027350885,0.3922587691883679,3
avGFP,F46Y:S65T:S72A:V93F:I167V,5,3.2008008723906864,1587.8185537389493,0.3919394862440173,3
avGFP,F46Y:S65T:S72A:Q80R:I167V,5,3.200791239292926,1587.7833346828565,0.39193079271998804,3
avGFP,S65T:Q69H:S72A:F99C:S202T,5,3.199516359691976,1583.1292013998705,0.3907819595592032,3
avGFP,S65T:S72A:F99C:V163A:I167V,5,3.1971108729679525,1574.3847448419772,0.38862346493605293,3
avGFP,S30C:Y39N:S65T:S72A:N105Y:S147N,6,3.196147690468531,1570.8969282247601,0.38776252711047676,4
avGFP,L64M:S65T:S72A:M153I,4,3.1961375856560243,1570.8603782916555,0.3877535050707925,2
avGFP,S65T:S72A:I171S:S202T:A206V,5,3.1958554194165405,1569.8401032824345,0.3875016588746386,3
avGFP,S65T:Q69H:S72A:L178V:S202T,5,3.1944322561656318,1564.7042283231708,0.3862339118841483,3
avGFP,S65T:S72A:Q80R:N149H:H231Y,5,3.1938002943007433,1562.4290110600584,0.3856722938811983,3
avGFP,S65T:S72A:N105Y:M153I,4,3.1933501423930055,1560.810371980691,0.38527274661070704,2
avGFP,S65T:S72A:V93F:I167V,4,3.1930346317043337,1559.6768703170367,0.3849929513792788,2
avGFP,S30C:S65T:S72A:V163A:I171S,5,3.1922309535670332,1556.7932989959243,0.3842811663585764,3
avGFP,S65T:S72A:K79R:V93F:N149H:L178V,6,3.1918001288676994,1555.2497094048454,0.3839001444150587,4
avGFP,S65T:S72A:Q80R:L178V:A206V,5,3.1913701763956523,1553.71077074633,0.38352027051463145,3
avGFP,S65T:S72A:Q80R:I167V,4,3.1911071789024006,1552.7701685639984,0.3832880908772069,2
avGFP,F46Y:S65T:S72A:K79R:I171S,5,3.190689462381692,1551.2773890101084,0.38291961095861077,3
avGFP,Y39N:L64M:S65T:S72A:R73L:Q80R,6,3.190622951713407,1551.0398345396227,0.38286097266086705,4
avGFP,S65T:S72A:Y145L:N149H:H231Y,5,3.190305766178035,1549.907451303956,0.3825814535038617,3
avGFP,S30C:S65T:S72A:N105Y,4,3.1893261898129843,1546.4154848994253,0.38171949133863176,2
avGFP,S65T:S72A:N105Y:S147N:N149H,5,3.18914005019012,1545.7528296515743,0.3815559205346579,3
avGFP,S30C:S65T:S72A:Y145L:H231Y,5,3.1890449891808137,1545.414522927056,0.381472412401132,3
avGFP,S65T:S72A:R73L:K79R,4,3.1890029292618927,1545.264862121242,0.38143546990590577,2
sfGFP,S65T:S72A:N105Y:Y145L:S147N:M153I,6,3.187010891194204,1538.1932144771495,8.201148961071354,4
sfGFP,S65T:S72A:N105Y:M153I:I167V,5,3.1867548494991556,1537.286627953549,8.196315334803748,3
avGFP,S65T:Q69H:S72A:I171S:L178V,5,3.1867372785281307,1537.2244326609475,0.37945075837546777,3
avGFP,Y39N:S65T:Q69H:S72A:Q80R:S147N,6,3.186724324791926,1537.1785824287888,0.37943944063617435,4
avGFP,S65T:S72A:R73L:K79R:I171S,5,3.1867082415946344,1537.121657255498,0.3794253891419898,3
avGFP,S65T:Q69H:S72A:Y145L:I167V,5,3.1866317422235984,1536.8509227905824,0.37935856064522133,3
avGFP,S30C:S65T:S72A:N149H:I171S,5,3.186252017430665,1535.5077665435958,0.37902701396556465,3
avGFP,S65T:S72A:V93F:N105Y:I171S,5,3.1857802033379574,1533.8405088536279,0.3786154656051404,3
avGFP,S65T:S72A:Q80R:N105Y:I167V,5,3.1857301303800116,1533.663671460972,0.37857181480092034,3
avGFP,S30C:S65T:S72A:S147N:I167V,5,3.185067112512395,1531.3240823862586,0.3779943071645434,3
avGFP,L64M:S65T:S72A:N149H:M153I,5,3.1834007470350425,1525.4597288452749,0.3765467414407432,3
avGFP,L64M:S65T:S72A:F99C:Y145L:V163A,6,3.1810844872648034,1517.3455218060863,0.3745438185433326,4
avGFP,S30C:F46Y:S65T:S72A:V93F:M153I,6,3.1808139212541104,1516.4005080327097,0.37431054994223295,4
avGFP,S65T:S72A:Y145L:M153I:I171S,5,3.1805908180285742,1515.621711673989,0.3741183106942364,3
avGFP,S65T:S72A:N105Y:I171S:T203I,5,3.180317406901184,1514.6678486937087,0.3738828577417829,3
avGFP,S30C:S65T:S72A:V93F:N105Y:I167V,6,3.180046692513397,1513.723985429301,0.3736498731340231,4
avGFP,S65T:S72A:F99C:N149H:I167V,5,3.1800210978362866,1513.6347783667388,0.37362785313042285,3
avGFP,S65T:S72A:R73L:Q80R:M153I:I171S,6,3.1787785863932467,1509.310475774313,0.3725604358663734,4
sfGFP,L64M:S65T:S72A:N105Y:M153I,5,3.1783387870194924,1507.7828077074505,8.03901050308196,3
sfGFP,L64M:S65T:S72A:Q80R:N105Y:M153I,6,3.1783387870194924,1507.7828077074505,8.03901050308196,3
avGFP,S65T:S72A:S147N:N149H:H231Y,5,3.1778447829266714,1506.0687002508826,0.37176023118922064,3
avGFP,S65T:S72A:K79R:I171S:T203I,5,3.177771186770118,1505.813501344685,0.3716972375128024,3
sfGFP,S65T:S72A:F99C:N105Y:I167V:S202T,6,3.177193400396089,1503.8114956432894,8.01783675097946,4
avGFP,F46Y:S65T:S72A:M153I:I167V:I171S,6,3.1771864934013374,1503.787579300933,0.37119715591145774,4
sfGFP,S65T:S72A:V93F:N149H:I171S,5,3.1770289243559406,1503.24207986746,8.014800810140294,3
avGFP,S30C:S65T:S72A:V93F:N149H,5,3.176935681258106,1502.919368186089,0.37098284539247434,3
avGFP,S65T:S72A:N105Y:Y145L:L178V:H231Y,6,3.176556782161019,1501.608721889936,0.37065932351728764,4
avGFP,S65T:Q69H:S72A:M153I:L178V:A206V,6,3.1763818922438936,1501.0041474241532,0.3705100894596825,4
avGFP,S65T:Q69H:S72A:M153I,4,3.1760660428961662,1499.912908998876,0.3702407265486838,2
avGFP,S65T:S72A:N149H:I167V:L178V,5,3.1759751214557115,1499.5989285693508,0.37016322315388533,3
avGFP,S30C:S65T:S72A:I167V,4,3.175931033797313,1499.4467036335634,0.3701256477250144,2
avGFP,S65T:Q69H:S72A:M153I:I171S,5,3.175855355337121,1499.1854386715465,0.37006115669438283,3
avGFP,S65T:S72A:F99C:N149H,4,3.1755432490312265,1498.1084341077858,0.369795307290867,2
avGFP,S65T:S72A:S147N:N164T:I171S:L178V,6,3.1754502376913836,1497.7876237856183,0.3697161179952413,4
avGFP,S65T:S72A:S147N:M153I:A206V,5,3.1754016685220954,1497.6201286042108,0.3696747732362985,3
avGFP,S65T:Q69H:S72A:K79R,4,3.1743374409576024,1493.9547414332196,0.36877000363192475,2
avGFP,S65T:S72A:T203I,3,3.1736260006045356,1491.5094200089245,0.3681663968655956,1
avGFP,S65T:Q69H:S72A:N164T:I171S,5,3.173511863360941,1491.1174868552157,0.3680696515047703,3
avGFP,S65T:S72A:Q80R:L178V,4,3.1731433780223632,1489.852856695028,0.36775748832081867,2
avGFP,Y39N:S65T:S72A:K79R:N105Y,5,3.1731431464122637,1489.8520621537875,0.3677572921950807,3
avGFP,L64M:S65T:S72A:M153I:I171S:S202T,6,3.1728663268023993,1488.9027319798665,0.36752295812727026,4
avGFP,L64M:S65T:Q69H:S72A:I167V,5,3.172599621146003,1487.988658948123,0.3672973269847146,3
avGFP,F46Y:S65T:S72A:K79R:I167V,5,3.172151640482287,1486.4545697653698,0.3669186501360754,3
avGFP,S65T:S72A:S147N:I171S:T203I,5,3.1717039874925246,1484.9231825705008,0.36654064025013205,3
avGFP,S65T:Q69H:S72A:L178V:A206V,5,3.1715359962588754,1484.3489044072992,0.3663988845767799,3
avGFP,S65T:S72A:Y145L:H231Y,4,3.1714235053206377,1483.964478206368,0.36630399224330956,2
avGFP,S30C:S65T:S72A:R73L:N105Y,5,3.1708813067461348,1482.1129663630932,0.3658469623144685,3
avGFP,S65T:S72A:V93F:A206V,4,3.1707179590748624,1481.5556160215383,0.36570938512971235,2
sfGFP,S65T:S72A:N105Y:I171S:L178V,5,3.170694790287019,1481.4765799444458,7.898754200780167,3
sfGFP,S30C:S65T:S72A:M153I:I171S:T203I,6,3.1705190697472307,1480.8772787402154,7.895558920497961,4
avGFP,S65T:S72A:Y145L:S202T:H231Y,5,3.1703993437358755,1480.4690877531893,0.3654411848808341,3
avGFP,S30C:S65T:S72A:V93F:I167V:L178V,6,3.1700897846097735,1479.4142057720749,0.36518079624842237,4
avGFP,S65T:Q69H:S72A:N105Y:S147N,5,3.169309050295247,1476.7570413285557,0.3645248978371043,3
avGFP,S65T:S72A:Y145L:L178V:A206V,5,3.1692489919954494,1476.5528356834275,0.36447449141286187,3
avGFP,F46Y:S65T:S72A:L178V,4,3.169004497284467,1475.7218148571933,0.3642693609998652,2
avGFP,S65T:S72A:F99C:S147N:V163A,5,3.1688769272355652,1475.2883986727495,0.36416237590622164,3
sfGFP,F46Y:S65T:S72A:N105Y:S147N:I171S,6,3.1684544769987197,1473.8540426349693,7.858113296017374,4
avGFP,L64M:S65T:S72A:Y145L:V163A:I171S,6,3.168384690465002,1473.617228892911,0.36374986187973285,4
avGFP,S65T:S72A:Q80R:I171S:A206V,5,3.1680134441542545,1472.358080499206,0.36343905182314823,3
avGFP,S65T:S72A:I167V:L178V:H231Y,5,3.167958643524527,1472.1723054940958,0.3633931948454171,3
sfGFP,S65T:S72A:Q80R:V93F:N105Y:M153I,6,3.1670828085630536,1469.2063900487826,7.833333514895026,3
avGFP,S30C:Y39N:S65T:S72A:Q80R:N105Y,6,3.166948104891538,1468.7507618651014,0.36254861594252435,4
avGFP,S65T:S72A:Q80R:F99C:S147N,5,3.1667705140721534,1468.1502860612181,0.3624003936047001,3
avGFP,S65T:Q69H:S72A:I167V:H231Y,5,3.1666401990799096,1467.7098169790308,0.3622916675633194,3
avGFP,Y39N:L64M:S65T:S72A:I167V:I171S,6,3.1664284015467627,1466.9942160581184,0.36211502757089853,4
avGFP,S65T:S72A:R73L:Q80R:S147N,5,3.1656828440067324,1464.4779733374462,0.36149391448660867,3
avGFP,S65T:S72A:Y145L:I171S:H231Y,5,3.1647628291697014,1461.3788886960388,0.36072893183835847,3
avGFP,S30C:S65T:S72A:V163A,4,3.1646374184966213,1460.9569490708475,0.3606247796356184,2
sfGFP,Y39N:S65T:S72A:K158G:I167V:I171S,6,3.164028203267723,1458.9089993678695,7.778431156667407,3
avGFP,S65T:Q69H:S72A:V93F:H231Y,5,3.1628293692486364,1454.8873549288387,0.35912655201752763,3
avGFP,S65T:S72A:K79R:M153I:L178V:T203I,6,3.162752918218285,1454.6312663701317,0.35906333873796475,4
avGFP,S65T:S72A:Q80R:N105Y:S147N:I167V,6,3.162664411082037,1454.3348496871988,0.3589901708044189,4
avGFP,S30C:S65T:S72A:I171S:L178V,5,3.162284423605922,1453.0629308392272,0.3586762084699669,3
sfGFP,S65T:S72A:M153I:K158G:I171S:H231Y,6,3.1618774114241166,1451.7017869746835,7.740004630094353,4
avGFP,S65T:S72A:N105Y:N164T,4,3.1610276082903384,1448.86395553318,0.3576397271791241,2
avGFP,S30C:Y39N:S65T:S72A:A206V,5,3.1608348095265595,1448.2208960515964,0.3574809934231526,3
avGFP,F46Y:S65T:S72A:A206V,4,3.1607405045623893,1447.9064559694953,0.3574033765670307,2
avGFP,S65T:S72A:Q80R:S147N:N149H,5,3.1606482033181584,1447.5987629817682,0.3573274251736888,3
avGFP,S65T:S72A:I167V:A206V,4,3.160588106542997,1447.3984611079918,0.3572779823621555,2
avGFP,S65T:S72A:V93F:N105Y:M153I,5,3.160181417738962,1446.04370011616,0.3569435711500735,3
avGFP,S30C:S65T:S72A:N105Y:A206V,5,3.160097166835858,1445.7632022598475,0.3568743326432953,3
avGFP,Y39N:S65T:S72A:F99C:N105Y:N149H,6,3.159426361524469,1443.5318199346157,0.35632353492141083,4
avGFP,S65T:S72A:M153I:S202T:A206V,5,3.1592780040151585,1443.0387853243167,0.35620183352712614,3
avGFP,F46Y:S65T:S72A:S147N:I167V,5,3.1580345588981653,1438.9130749258045,0.3551834370546975,3
avGFP,Y39N:S65T:S72A:T203I:H231Y,5,3.157861282938714,1438.3390880997072,0.35504175329542814,3
sfGFP,S65T:S72A:V93F:I167V:A206V,5,3.1575071357640008,1437.1666668222329,7.662508068274038,2
sfGFP,S65T:S72A:V93F:I167V,4,3.1575071357640008,1437.1666668222329,7.662508068274038,2
avGFP,S65T:S72A:N149H:V163A,4,3.157191242292504,1436.1216926948805,0.3544944081257164,2
avGFP,S30C:Y39N:S65T:S72A:S147N:I171S,6,3.1570248773430487,1435.5716637005542,0.3543586381531664,4
avGFP,S65T:Q69H:S72A:S147N:A206V,5,3.157009138542274,1435.5196396294377,0.35434579645431,3
avGFP,S65T:Q69H:S72A:I167V:L178V,5,3.1565470103444557,1433.992930676338,0.35396894135250195,3
avGFP,S65T:Q69H:S72A:N149H:H231Y,5,3.156198391867692,1432.8422924382367,0.3536849161036269,3
avGFP,L64M:S65T:S72A:R73L:K79R,5,3.155961080303636,1432.0595581986206,0.353491704823271,3
avGFP,F46Y:S65T:Q69H:S72A:L178V,5,3.155952588747322,1432.0315580834738,0.3534847932333292,3
avGFP,S65T:S72A:M153I:V163A,4,3.1555814554948407,1430.8083154989727,0.35318284621993007,2
avGFP,S65T:S72A:R73L:N149H:I171S:A206V,6,3.1552554871514955,1429.7347968446059,0.35291785728345804,4
avGFP,Y39N:L64M:S65T:Q69H:S72A,5,3.1545979534584134,1427.5717772078133,0.35238393430895704,3
sfGFP,L64M:S65T:S72A:N149H:V163A,5,3.1543468984838356,1426.7467715024823,7.606952554914754,2
sfGFP,L64M:S65T:S72A:Q80R:N149H,5,3.1543468984838356,1426.7467715024823,7.606952554914754,2
sfGFP,L64M:S65T:S72A:Q80R:N149H:A206V,6,3.1543468984838356,1426.7467715024823,7.606952554914754,2
sfGFP,Y39N:L64M:S65T:S72A:N149H,5,3.1543468984838356,1426.7467715024823,7.606952554914754,2
sfGFP,L64M:S65T:S72A:N149H,4,3.1543468984838356,1426.7467715024823,7.606952554914754,2
avGFP,S65T:Q69H:S72A:N105Y:S202T,5,3.1540756717151037,1425.8560139139604,0.35196041275334505,3
avGFP,F46Y:S65T:S72A:Q80R:Y145L:L178V,6,3.1535255930422985,1424.0511637332195,0.3515149008584744,4
avGFP,S65T:S72A:M153I:I171S:L178V:A206V,6,3.1533874795220207,1423.5983616443823,0.3514031305194447,4
avGFP,S65T:Q69H:S72A:V93F:F99C,5,3.1531020186007153,1422.6629406590428,0.3511722298163684,3
avGFP,S65T:S72A:N105Y:I167V:A206V,5,3.152998075550843,1422.3224845021678,0.3510881911137724,3
avGFP,S30C:F46Y:S65T:S72A:Y145L:N149H,6,3.1528939885535032,1421.9816385018107,0.3510040561816331,4
avGFP,S30C:Y39N:S65T:S72A:K79R:T203I,6,3.1528056703540397,1421.6924934760311,0.3509326831947215,4
sfGFP,F46Y:S65T:S72A:R73L:F99C:M153I,6,3.152440894922423,1420.4988776618845,7.5736408047409505,4
avGFP,S65T:Q69H:S72A:Y145L:L178V:S202T,6,3.1523711722088894,1420.2708455529641,0.35058176151335263,4
avGFP,S65T:S72A:Q80R:N105Y:Y145L:S202T,6,3.152169573848962,1419.611712545667,0.35041906014445995,4
avGFP,S65T:S72A:N105Y:Y145L:I167V:S202T,6,3.1519776075563484,1418.9843562501253,0.35026420258621593,4
avGFP,S65T:S72A:N105Y:I167V:L178V:S202T,6,3.1504313906853274,1413.9413346907418,0.34901937566663627,4
avGFP,S65T:S72A:Y145L:N149H,4,3.150378108979249,1413.7678750025866,0.34897655862000365,2
avGFP,Y39N:L64M:S65T:Q69H:S72A:M153I,6,3.1501656485085863,1413.0764171533044,0.3488058781391837,4
sfGFP,F46Y:S65T:S72A:N149H:V163A:T203I,6,3.150076569041418,1412.7866064579803,7.5325214678617405,3
sfGFP,S65T:S72A:N105Y:Y145L:I167V,5,3.1496747500702638,1411.4800691932815,7.525555433536444,3
avGFP,Y39N:S65T:S72A:Y145L,4,3.1496506535111672,1411.401756272502,0.3483925023641563,2
avGFP,S65T:S72A:N164T:A206V,4,3.1495117257989533,1410.9503311087515,0.3482810719073567,2
avGFP,S65T:S72A:Q80R:Y145L:I167V,5,3.1493021439818456,1410.2695990103964,0.34811303898679985,3
sfGFP,S65T:S72A:K79R:F99C:N105Y:A206V,6,3.1492429418345944,1410.0773670075957,7.518076678940105,3
sfGFP,S65T:S72A:K79R:F99C:N105Y,5,3.1492429418345944,1410.0773670075957,7.518076678940105,3
sfGFP,Y39N:S65T:S72A:K79R:F99C:N105Y,6,3.1492429418345944,1410.0773670075957,7.518076678940105,3
avGFP,S65T:Q69H:S72A:K79R:M153I:I171S,6,3.1490902968865426,1409.5818429483095,0.3479432722606203,4
avGFP,F46Y:S65T:Q69H:S72A:R73L:I171S,6,3.148156631777447,1406.5547178682612,0.34719605221719857,4
avGFP,L64M:S65T:S72A:R73L:N105Y:I171S,6,3.147681121404534,1405.0155195429188,0.34681611422022673,4
avGFP,S65T:S72A:S147N:H231Y,4,3.1473144631443213,1403.8298191405083,0.3465234341747229,2
sfGFP,L64M:S65T:S72A:Y145L:N164T:I167V,6,3.147181463781833,1403.3999728204096,7.482474971764769,4
avGFP,S65T:Q69H:S72A:N105Y:Y145L,5,3.1470189303701845,1402.874852844079,0.3462877088780752,3
avGFP,S30C:S65T:S72A:R73L:Y145L:I171S,6,3.1466507917658904,1401.6861811409967,0.3459942953923077,4
avGFP,L64M:S65T:S72A:R73L:I171S:T203I,6,3.1464227704596404,1400.9504351505002,0.34581268276103927,4
avGFP,S65T:S72A:S147N:V163A:N164T,5,3.146418285414609,1400.9359673329116,0.34580911150349264,3
avGFP,S65T:S72A:K79R:Q80R,4,3.1459710263147396,1399.4939530926354,0.3454531625701844,2
avGFP,S30C:S65T:S72A:V93F:M153I:I167V,6,3.1457531858797503,1398.7921483562363,0.345279928048406,4
avGFP,S65T:Q69H:S72A:R73L,4,3.145382178759942,1397.5977048099558,0.34498508983230486,2
avGFP,S65T:S72A:Q80R:M153I:A206V,5,3.144808687261056,1395.753376902587,0.34452983319685526,3
avGFP,S65T:S72A:Q80R:S147N:A206V,5,3.1446884049639707,1395.3668622614266,0.3444344253497021,3
avGFP,L64M:S65T:S72A:S202T,4,3.1445898908715533,1395.0503772125846,0.3443563037109575,2
sfGFP,L64M:S65T:S72A:R73L:F99C:M153I,6,3.143976290990389,1393.0807497882258,7.427456210498017,4
avGFP,S65T:S72A:T203I:A206V,4,3.143586844698856,1391.8320879361772,0.3435618964138457,2
avGFP,S30C:S65T:S72A:N105Y:Y145L:V163A,6,3.143574242009412,1391.7916992741305,0.3435519268166172,4
avGFP,S65T:S72A:V93F:S202T,4,3.143083315511922,1390.2193067724343,0.3431637951199334,2
avGFP,S65T:Q69H:S72A:R73L:N149H:L178V,6,3.142549656700882,1388.5120616271906,0.342742376196755,4
sfGFP,S65T:S72A:N149H:M153I:T203I,5,3.142491437063881,1388.3259361907203,7.402105081505729,3
sfGFP,S65T:S72A:N149H:M153I:T203I:A206V,6,3.142491437063881,1388.3259361907203,7.402105081505729,3
avGFP,S65T:S72A:Y145L:I171S:L178V:A206V,6,3.1424187220200204,1388.0935046617033,0.3426390589747521,4
avGFP,S65T:S72A:V163A:T203I,4,3.1421959854658397,1387.3817758550924,0.34246337478076705,2
avGFP,S65T:S72A:F99C:M153I,4,3.1419884758030463,1386.719031178315,0.3422997819020244,2
avGFP,S65T:S72A:N105Y:N149H,4,3.1416487723554654,1385.6347690761165,0.34203214103695906,2
avGFP,S65T:S72A:K79R:V93F,4,3.141276109645536,1384.4462830473026,0.3417387733833033,2
avGFP,S65T:S72A:I171S:L178V:T203I,5,3.1409785620218558,1383.4980839899881,0.3415047185219932,3
avGFP,L64M:S65T:S72A:I167V:S202T,5,3.1405426851620057,1382.110241613926,0.3411621414519744,3
avGFP,S30C:S65T:S72A:Y145L:V163A:L178V,6,3.1396918529629074,1379.405181353466,0.34049442036618205,4
sfGFP,S65T:Q69H:S72A:F99C:M153I:H231Y,6,3.1392045553656516,1377.858295792589,7.346295006823281,4
avGFP,S65T:S72A:R73L:Q80R:V163A:A206V,6,3.139097369998869,1377.5182776027993,0.34002865424644074,3
avGFP,L64M:S65T:S72A:V163A:I167V,5,3.139095118230639,1377.5111353433838,0.340026891240536,3
avGFP,Y39N:S65T:S72A:N149H:I167V:T203I,6,3.138181017263543,1374.6148055944977,0.3393119569106035,4
sfGFP,S65T:S72A:N105Y:I167V:I171S,5,3.1378090526716482,1373.4379793708492,7.3227273086377975,3
avGFP,S65T:S72A:Q80R:N149H:M153I:L178V,6,3.1373459867518347,1371.9743333767142,0.33866017883303745,4
avGFP,S30C:S65T:S72A:N149H:H231Y,5,3.1370997425382905,1371.19664681761,0.33846821352962386,3
avGFP,S65T:Q69H:S72A:S202T,4,3.1368568356098603,1370.4299319483914,0.33827895649441064,2
avGFP,S65T:S72A:N105Y:M153I:L178V:S202T,6,3.135696616472167,1366.7737098542204,0.3373764492111893,4
avGFP,S65T:S72A:V93F:F99C:Y145L,5,3.1354700803618734,1366.060961076389,0.33720051324599576,3
avGFP,S30C:S65T:S72A:Y145L:I171S:S202T,6,3.1351968133081636,1365.2016776861115,0.3369884064597825,4
avGFP,Y39N:S65T:S72A:I167V:H231Y,5,3.134920429711397,1364.3331441707905,0.3367740163589873,3
avGFP,F46Y:S65T:S72A:N105Y:Y145L,5,3.134882072197697,1364.2126496250853,0.3367442733066544,3
avGFP,L64M:S65T:S72A:N149H,4,3.134176661010197,1361.9985995139698,0.3361977538942028,2
avGFP,L64M:S65T:S72A:V163A,4,3.1334297686790995,1359.6582702816045,0.3356200635562136,2
sfGFP,S65T:Q69H:S72A:N149H:M153I:I171S,6,3.1330904567102746,1358.5963913808455,7.243596759380862,4
avGFP,S65T:S72A:K79R:N149H:M153I:H231Y,6,3.1324836960738383,1356.6995972436507,0.33488974031636415,4
sfGFP,L64M:S65T:S72A:Q80R:F99C:Y145L,6,3.1321470420254722,1355.648325697315,7.2278786261905035,3
avGFP,S30C:S65T:S72A:R73L:V93F:S147N,6,3.1320772542900785,1355.4305010883552,0.3345764747395578,4
sfGFP,S65T:S72A:V93F:N149H:T203I,5,3.1319331253648013,1354.980750201111,7.2243193294548265,3
sfGFP,S65T:S72A:V93F:N149H:T203I:A206V,6,3.1319331253648013,1354.980750201111,7.2243193294548265,3
avGFP,S65T:S72A:V93F:I171S:A206V,5,3.1317335355969016,1354.3581814815539,0.3343117817777648,3
avGFP,S65T:S72A:N105Y:Y145L:I167V,5,3.1313238966426797,1353.0813144619108,0.33399659802928017,3
sfGFP,S65T:S72A:K79R:M153I:T203I,5,3.13122155660504,1352.7625029545354,7.21249235223868,3
avGFP,Y39N:S65T:S72A:F99C:N105Y:T203I,6,3.1308699806506257,1351.6678394641203,0.3336476937649055,4
avGFP,S65T:S72A:S147N:N149H:L178V:A206V,6,3.130774281193925,1351.3700239671434,0.3335741805460269,4
avGFP,S65T:S72A:S147N:T203I,4,3.13035780317776,1350.0747136353802,0.3332544442230306,2
avGFP,S65T:S72A:K79R:V93F:I171S:L178V,6,3.1298222291018356,1348.4108210766312,0.3328437265165862,4
avGFP,S65T:S72A:I167V:T203I,4,3.1291045237373845,1346.1843077090805,0.3322941306554355,2
avGFP,Y39N:S65T:S72A:Q80R,4,3.1290059210287273,1345.8787032003058,0.33221869478533506,2
avGFP,S65T:Q69H:S72A:K79R:F99C:I167V,6,3.128696857473092,1344.9212558893034,0.33198235707137125,4
avGFP,S65T:Q69H:S72A:N149H,4,3.128340261392881,1343.817403949094,0.33170988062164314,2
avGFP,S30C:S65T:S72A:Q80R:S147N:I171S,6,3.128303778451317,1343.704521205501,0.3316820164778306,4
avGFP,S65T:S72A:F99C:Y145L:N149H,5,3.128103284937909,1343.084338643696,0.3315289296946594,3
avGFP,S65T:Q69H:S72A:N149H:L178V,5,3.1279902207773946,1342.734725778749,0.3314426307366652,3
avGFP,S65T:S72A:Q80R:N105Y:Y145L:I171S,6,3.1278105271723944,1342.1792710257848,0.33130552146180764,4
avGFP,S30C:Y39N:F46Y:S65T:S72A,5,3.1276107722800686,1341.5620740818797,0.33115317165298597,3
avGFP,Y39N:S65T:S72A:S147N:S202T,5,3.127593918603441,1341.5100130596886,0.33114032083307154,3
avGFP,S65T:S72A:Q80R:S147N:I171S,5,3.1275581361347635,1341.3994876798824,0.3311130385844316,3
sfGFP,L64M:S65T:S72A:N149H:M153I:L178V,6,3.1273031589588522,1340.612174269078,7.147710727578291,4
avGFP,S65T:S72A:K79R:V93F:N105Y:M153I,6,3.127002081003824,1339.683106754536,0.330689364571746,4
avGFP,S30C:S65T:S72A:N105Y:S147N:V163A,6,3.126560249825543,1338.3208679985112,0.3303531075372625,4
avGFP,Y39N:S65T:S72A:N105Y:T203I:A206V,6,3.1265522442146363,1338.2961981538897,0.33034701799623534,4
avGFP,S65T:S72A:N105Y:S147N:T203I,5,3.1262002872244183,1337.2120676569125,0.330079409616798,3
avGFP,S65T:S72A:Q80R:N105Y:M153I,5,3.125946380176833,1336.4305050296168,0.3298864875389645,3
avGFP,S65T:S72A:K79R:M153I:N164T:I171S,6,3.125482565692435,1335.0039961173293,0.32953436596380853,4
avGFP,S65T:S72A:M153I:I167V:S202T,5,3.1250679136572317,1333.7299805163084,0.32921988606372476,3
avGFP,S65T:S72A:N105Y:M153I:A206V,5,3.1250395624194884,1333.6429159480697,0.3291983949166002,3
sfGFP,L64M:S65T:S72A:K79R:M153I:I171S,6,3.12487675785327,1333.1430651004891,7.1078878520633175,4
avGFP,S65T:S72A:K79R:N149H:T203I,5,3.1236675315062574,1329.4362956524092,0.3281600265251851,3
sfGFP,S65T:S72A:K79R:V93F:N149H:I171S,6,3.123540594956274,1329.0477818574557,7.086053125711782,4
avGFP,S65T:S72A:F99C:M153I:A206V,5,3.1234188237958866,1328.6751844368591,0.32797215270415264,3
sfGFP,Y39N:L64M:S65T:S72A:F99C:N105Y,6,3.1227210156219694,1326.5420329044616,7.072693282338959,3
sfGFP,L64M:S65T:S72A:F99C:N105Y:V163A,6,3.1227210156219694,1326.5420329044616,7.072693282338959,3
avGFP,S65T:S72A:I167V:S202T:T203I,5,3.1223146095583583,1325.301256013867,0.32713932720931405,3
avGFP,S65T:S72A:V93F:I167V:S202T,5,3.1214788854719537,1322.753396825234,0.32651040986919133,3
avGFP,S65T:S72A:N149H:A206V:H231Y,5,3.121288443285898,1322.1734842657727,0.3263672633931116,3
avGFP,S65T:S72A:Q80R:N105Y:I171S:S202T,6,3.121118347662222,1321.6557436607145,0.32623946353444616,4
avGFP,L64M:S65T:S72A:R73L:K79R:N105Y,6,3.12099418438077,1321.2779408905046,0.3261462061384365,4
avGFP,S65T:S72A:S147N:I171S:A206V,5,3.1209507941009047,1321.1459388546205,0.3261136225601644,3
sfGFP,L64M:S65T:S72A:V93F:N149H:L178V,6,3.1207847280633043,1320.6408540817035,7.04123010455618,4
avGFP,S65T:S72A:F99C:S202T,4,3.1204969037916626,1319.7659026887472,0.3257729723866437,2
sfGFP,S65T:S72A:Q80R:N105Y:N149H:I171S,6,3.1203567855484833,1319.3401697832653,7.0342952763548725,3
avGFP,S65T:S72A:N149H:V163A:I167V:I171S,6,3.1202844121687234,1319.1203255175392,0.3256136171604321,4
avGFP,L64M:S65T:S72A:K79R:S147N,5,3.119909689123411,1317.982637574217,0.3253327885815232,3
avGFP,F46Y:S65T:S72A:I171S:S202T,5,3.119799729095039,1317.6489767316143,0.32525042724437825,3
avGFP,Y39N:S65T:S72A:S147N:N149H:H231Y,6,3.119332268025442,1316.231463385072,0.3249005261480095,4
avGFP,S65T:S72A:Q80R:I167V:S202T,5,3.1192610546496815,1316.0156522127822,0.32484725499823375,3
sfGFP,S65T:Q69H:S72A:S147N:N149H:L178V,6,3.1190292842477545,1315.313520098736,7.012826481949808,4
avGFP,S65T:Q69H:S72A:R73L:Q80R,5,3.1186929007045294,1314.2951361798396,0.3244225602694574,3
sfGFP,S65T:Q69H:S72A:K79R:V93F:I171S,6,3.1185060164312897,1313.729694384695,7.004382035252882,4
avGFP,S65T:S72A:K79R:N105Y:Y145L,5,3.118319008103668,1313.1641207565594,0.32414337874528987,3
avGFP,S65T:S72A:M153I:T203I,4,3.1183016785639754,1313.1117229557956,0.32413044479445313,2
avGFP,S30C:L64M:S65T:S72A:A206V,5,3.118212377683299,1312.8417449037593,0.3240638030117613,3
avGFP,S65T:Q69H:S72A:V93F:A206V,5,3.117961601181808,1312.0838839649023,0.32387673149384727,3
avGFP,S65T:S72A:R73L:L178V,4,3.1176931087553035,1311.2729694195089,0.3236765641450272,2
sfGFP,S65T:S72A:F99C:S147N:I171S:A206V,6,3.1176308677311075,1311.085057465842,6.990281686145026,3
avGFP,S30C:S65T:S72A:N149H:I171S:L178V,6,3.1173533249765892,1310.2474555025283,0.3234234247691136,4
avGFP,Y39N:S65T:Q69H:S72A:K79R:S147N,6,3.117345375265011,1310.2234717899335,0.32341750459393337,4
sfGFP,S65T:S72A:V93F:V163A:I171S,5,3.1171054673988086,1309.499893373924,6.981830103649923,2
sfGFP,S65T:S72A:V93F:I171S,4,3.1171054673988086,1309.499893373924,6.981830103649923,2
sfGFP,S65T:S72A:K79R:V93F:N149H:M153I,6,3.116304542603977,1307.087142431679,6.968966095606537,4
avGFP,S65T:S72A:Q80R:N149H:M153I,5,3.1159266799067717,1305.9503914604943,0.3223627311092325,3
sfGFP,S65T:S72A:Q80R:N105Y:L178V,5,3.115903915096348,1305.8819380604345,6.962540335510806,2
sfGFP,S65T:S72A:N105Y:L178V,4,3.115903915096348,1305.8819380604345,6.962540335510806,2
sfGFP,L64M:S65T:S72A:I171S:A206V,5,3.115883031991255,1305.819146071965,6.96220554892733,2
sfGFP,L64M:S65T:S72A:Q80R:I171S,5,3.115883031991255,1305.819146071965,6.96220554892733,2
sfGFP,L64M:S65T:S72A:I171S,4,3.115883031991255,1305.819146071965,6.96220554892733,2
sfGFP,Y39N:L64M:S65T:S72A:I171S,5,3.115883031991255,1305.819146071965,6.96220554892733,2
avGFP,S65T:S72A:R73L:K79R:Q80R,5,3.115723816159184,1305.3405100657637,0.32221218708141675,3
avGFP,Y39N:S65T:S72A:N105Y:N164T:I171S,6,3.1151115789002866,1303.501630960279,0.3217582754363038,4
avGFP,S65T:Q69H:S72A:V93F:A206V:H231Y,6,3.114909502250842,1302.8952544551985,0.32160859656064633,4
avGFP,S65T:S72A:K79R:I167V:T203I,5,3.113803486930665,1299.5813998998442,0.32079059978837376,3
avGFP,Y39N:S65T:Q69H:S72A:Y145L:L178V,6,3.1137695951310644,1299.4799861457313,0.32076556666693085,4
avGFP,S65T:S72A:Y145L:V163A:I171S,5,3.1129093386859115,1296.9085060817115,0.32013081871490234,3
avGFP,S65T:S72A:V163A:S202T:A206V,5,3.112813846042922,1296.6233732707285,0.32006043610904045,3
avGFP,S30C:Y39N:F46Y:S65T:S72A:A206V,6,3.1113121515065507,1292.1476780543253,0.31895564886520134,4
avGFP,Y39N:S65T:Q69H:S72A:Q80R,5,3.1106453693850136,1290.165336712243,0.3184663247888789,3
avGFP,Y39N:L64M:S65T:S72A:R73L:S147N,6,3.1105427318295873,1289.8604657651038,0.31839106999222017,4
avGFP,S65T:S72A:V93F:N164T:L178V,5,3.110078572326304,1288.4826422004053,0.31805096598045435,3
avGFP,S65T:S72A:F99C:V163A,4,3.1097653200249313,1287.5536075450143,0.31782164168853233,2
avGFP,S65T:S72A:V163A:S202T:T203I,5,3.1097502905154735,1287.5090503031201,0.3178106431128731,3
sfGFP,S65T:Q69H:S72A:N105Y,4,3.1094839490655235,1286.719696737659,6.860373459440236,2
avGFP,Y39N:S65T:S72A:K79R:F99C:N105Y,6,3.1091920640356863,1285.8551956879587,0.31740240318730834,4
avGFP,F46Y:S65T:S72A:V93F:F99C,5,3.1090865377465637,1285.5427923562247,0.31732528908566726,3
avGFP,L64M:S65T:S72A:Y145L:A206V,5,3.109073301351465,1285.503612275146,0.31731561781635703,3
sfGFP,L64M:S65T:S72A:N149H:L178V,5,3.108264369043987,1283.1114162332005,6.841135274255255,3
avGFP,S65T:Q69H:S72A:I167V:S202T,5,3.1080873263302675,1282.5884548781655,0.316596036041851,3
avGFP,S65T:S72A:N149H:M153I:A206V,5,3.107664547564519,1281.3404829704218,0.3162879848056337,3
sfGFP,S65T:S72A:F99C:N105Y:S202T:A206V,6,3.1073372423256895,1280.3751668682894,6.826546477200977,3
sfGFP,Y39N:L64M:S65T:S72A:V93F:I171S,6,3.1073187373451345,1280.3206121507355,6.826255609083125,3
avGFP,F46Y:S65T:S72A:F99C:Y145L:S147N,6,3.107124688959304,1279.7486761425164,0.3158950608478806,4
sfGFP,F46Y:S65T:S72A:F99C:M153I:T203I,6,3.1068166896495666,1278.841407020615,6.818368965518504,4
avGFP,S65T:S72A:R73L:N149H:L178V,5,3.106661662654256,1278.3849896161696,0.3155584464436241,3
sfGFP,F46Y:S65T:S72A:N105Y:L178V,5,3.1066125054202103,1278.2402990516052,6.815164052150575,3
avGFP,S65T:S72A:N105Y:S147N:N164T:A206V,6,3.106612482049491,1278.240230265573,0.31552271383087166,4
avGFP,S30C:L64M:S65T:S72A:Y145L:I171S,6,3.106207156858092,1277.0478106260969,0.3152283751989272,4
avGFP,S65T:S72A:F99C:N149H:A206V,5,3.1058503036442855,1275.998910727277,0.31496946319257935,3
avGFP,S65T:S72A:Y145L:S147N:N164T,5,3.1055405013902666,1275.0890065189785,0.31474486108858457,3
avGFP,F46Y:S65T:S72A:K79R:N105Y:Y145L,6,3.1050712557595577,1273.7120449290667,0.31440496984795324,4
avGFP,S65T:S72A:Y145L:S147N:I167V:H231Y,6,3.104623775341177,1272.4003366522734,0.3140811858318906,4
avGFP,S30C:S65T:S72A:N105Y:S147N,5,3.1045104969442803,1272.068495746316,0.3139992737306059,3
avGFP,S65T:S72A:F99C:V163A:A206V,5,3.103794707141948,1269.9736413298533,0.3134821767601674,3
avGFP,S65T:S72A:S147N:N164T:S202T,5,3.1034028079321567,1268.8281578010044,0.31319942390736766,3
avGFP,Y39N:S65T:S72A:N105Y:S147N:N149H,6,3.103281585621464,1268.474045963432,0.3131120144162994,4
avGFP,Y39N:S65T:S72A:K79R:I171S:L178V,6,3.1031678201479274,1268.1418067639472,0.31303000399964975,4
avGFP,S65T:S72A:Q80R:F99C,4,3.1030773616435265,1267.877695037925,0.3129648102695699,2
sfGFP,Y39N:S65T:S72A:N105Y:Y145L,5,3.1030529961098985,1267.8065643850484,6.759534751868027,2
sfGFP,S65T:S72A:N105Y:Y145L,4,3.1030529961098985,1267.8065643850484,6.759534751868027,2
sfGFP,S65T:S72A:Q80R:N105Y:Y145L:A206V,6,3.1030529961098985,1267.8065643850484,6.759534751868027,2
sfGFP,S65T:S72A:N105Y:Y145L:V163A,5,3.1030529961098985,1267.8065643850484,6.759534751868027,2
avGFP,Y39N:S65T:S72A:N149H:H231Y,5,3.1029654868666503,1267.551130293989,0.31288420054394206,3
avGFP,S30C:Y39N:S65T:S72A,4,3.1028530707997852,1267.2230702376246,0.31280322171317715,2
avGFP,S65T:S72A:N105Y:T203I,4,3.1026564090309647,1266.649362941166,0.31266160695341827,2
avGFP,S65T:S72A:N164T:I167V,4,3.1019117612690184,1264.479408001306,0.3121259720584243,2
avGFP,S30C:S65T:S72A:Q80R:V93F:Y145L,6,3.100950751619247,1261.6844532435005,0.3114360612816104,4
sfGFP,L64M:S65T:S72A:Q80R:N149H:I167V,6,3.10067833505995,1260.893294298766,6.722675430651353,3
sfGFP,L64M:S65T:S72A:N149H:I167V,5,3.10067833505995,1260.893294298766,6.722675430651353,3
avGFP,S65T:S72A:R73L:I167V:I171S:S202T,6,3.100561824553697,1260.5550730730174,0.311157283405668,4
avGFP,L64M:S65T:S72A:K79R:N105Y:N149H,6,3.100544548020048,1260.5049283212943,0.31114490560079733,4
avGFP,S65T:S72A:V93F:N105Y:S147N:N164T,6,3.100229174861416,1259.589915272466,0.3109190424230307,4
avGFP,S65T:S72A:Q80R:V93F:F99C,5,3.1001226510269886,1259.281000701555,0.3108427894922842,3
avGFP,S30C:S65T:S72A:N149H,4,3.10012205489341,1259.2792721528274,0.31084236281475325,2
avGFP,S65T:S72A:N149H:M153I,4,3.1000526824331143,1259.0781359926693,0.3107927140667323,2
avGFP,L64M:S65T:S72A:Q80R:A206V,5,3.0999763597617807,1258.8568857412656,0.310738100326603,3
avGFP,S65T:S72A:N105Y:Y145L:H231Y,5,3.099833668451448,1258.4433450676313,0.31063602133351925,3
avGFP,S65T:S72A:V93F:N105Y:N149H,5,3.0996521585391013,1257.917498610271,0.31050622061425215,3
sfGFP,S65T:S72A:R73L:I167V:I171S,5,3.099168178142453,1256.516448557988,6.699339504083798,3
avGFP,S30C:S65T:S72A:Q80R:I171S,5,3.09913765575433,1256.4281431876407,0.3101385859132934,3
avGFP,S65T:S72A:K79R:Y145L:N149H:I171S,6,3.098208257466663,1253.74223850618,0.30947559321902546,4
avGFP,S65T:S72A:K79R:V93F:N164T,5,3.097624987799053,1252.0595577192987,0.30906023779848957,3
avGFP,Y39N:S65T:S72A:S202T,4,3.0975972791842072,1251.979677060457,0.30904051993821297,2
avGFP,S65T:Q69H:S72A:Q80R:N105Y:L178V,6,3.0974853048006166,1251.6569200662666,0.3089608501231785,4
avGFP,F46Y:S65T:S72A:K79R:V93F,5,3.097466581413784,1251.602959556734,0.3089475304309921,3
avGFP,S65T:S72A:F99C:V163A:I171S,5,3.097150738411043,1250.693055464891,0.3087229283557433,3
avGFP,S65T:S72A:N105Y:Y145L:V163A:I167V,6,3.0968585030375184,1249.8517511789037,0.3085152595582927,4
avGFP,F46Y:S65T:S72A:N164T,4,3.096804847307136,1249.69734542679,0.30847714581348595,2
avGFP,Y39N:S65T:S72A:Y145L:I167V,5,3.09644409609549,1248.6597024013079,0.3082210124704447,3
avGFP,S65T:S72A:Q80R:M153I:I167V,5,3.0962657850683195,1248.1471375351016,0.30809449019883217,3
avGFP,S65T:S72A:V93F:I167V:I171S:S202T,6,3.0960986309658844,1247.6668349332422,0.30797593159238984,4
avGFP,S65T:S72A:N149H:S202T,4,3.0959850844532695,1247.340674445567,0.3078954216539769,2
sfGFP,F46Y:S65T:Q69H:S72A:F99C:A206V,6,3.095854258591573,1246.96498502472,6.648414188268257,3
avGFP,S30C:S65T:S72A:R73L:Q80R,5,3.0958357085800587,1246.9117245717334,0.30778953903106704,3
avGFP,S65T:S72A:N164T:L178V:A206V,5,3.095607952736308,1246.2579815693657,0.3076281681389835,3
avGFP,S30C:Y39N:S65T:S72A:R73L:Q80R,6,3.0955178442488736,1245.9994317208634,0.30756434731099797,4
avGFP,S65T:Q69H:S72A:S202T:H231Y,5,3.095316783276111,1245.4227173337629,0.3074219902765261,3
avGFP,L64M:S65T:S72A:K79R:M153I:L178V,6,3.095228505260422,1245.1695889207954,0.30735950768372694,4
avGFP,S30C:F46Y:S65T:S72A:S147N,5,3.0948282902205966,1244.0226573513344,0.3070763973944354,3
avGFP,S65T:S72A:R73L:Q80R:H231Y,5,3.094648165490931,1243.5068028058665,0.30694906309351583,3
sfGFP,S65T:S72A:F99C:V163A:I171S,5,3.094330937655633,1242.598822272423,6.625135219941744,2
sfGFP,S65T:S72A:F99C:I171S,4,3.094330937655633,1242.598822272423,6.625135219941744,2
avGFP,L64M:S65T:S72A:N105Y:M153I:A206V,6,3.0941846943830105,1242.1804629953308,0.30662166740796837,4
avGFP,S65T:S72A:K79R:S147N:I167V:T203I,6,3.0937366694384463,1240.899671059095,0.3063055148272521,4
sfGFP,L64M:S65T:S72A:S147N:N149H:H231Y,6,3.0936713190680334,1240.712960991183,6.615080417240888,4
avGFP,S65T:S72A:Q80R,3,3.0933358855363786,1239.7550486322507,0.3060229745301481,1
sfGFP,S30C:S65T:S72A:Q80R:M153I,5,3.0931056607706706,1239.0980136296205,6.606470039980209,2
sfGFP,S30C:S65T:S72A:M153I,4,3.0931056607706706,1239.0980136296205,6.606470039980209,2
avGFP,Y39N:S65T:S72A:V163A,4,3.092243301237471,1236.6400321298067,0.30525405923769566,2
avGFP,S65T:S72A:Y145L:I171S:T203I,5,3.091850927325499,1235.523264178517,0.30497839458064047,3
avGFP,S65T:S72A:N149H:V163A:L178V,5,3.091540905649578,1234.6415990295418,0.3047607630479223,3
avGFP,S65T:S72A:N164T:S202T,4,3.0914471728554362,1234.3751578840129,0.30469499432047736,2
avGFP,Y39N:S65T:S72A:S147N:M153I:A206V,6,3.091402845340934,1234.2491742653528,0.30466389633723706,4
avGFP,S65T:S72A:N105Y:Y145L:S147N:N164T,6,3.091372379985317,1234.1625958658005,0.3046425251967119,4
avGFP,S65T:Q69H:S72A:N105Y:L178V:A206V,6,3.0913393926996906,1234.0688573320488,0.3046193866380439,4
avGFP,S65T:Q69H:S72A:V93F:N105Y:I171S,6,3.091295215560497,1233.943332230443,0.3045884018358332,4
avGFP,S30C:S65T:Q69H:S72A:Y145L,5,3.0912088986043376,1233.6981077270648,0.3045278702557971,3
sfGFP,S65T:S72A:N105Y:M153I:K158G:L178V,6,3.0910507951008763,1233.2490656566374,6.575285340203532,4
avGFP,S65T:S72A:V163A:N164T:I171S,5,3.091042258165599,1233.2248238934615,0.3044110441725187,3
avGFP,Y39N:S65T:S72A:F99C:I171S,5,3.0908784213528584,1232.7596797880278,0.3042962273118114,3
sfGFP,S65T:S72A:Y145L:I167V:I171S,5,3.0907848560274354,1232.4941200322057,6.571260214188672,3
avGFP,S65T:S72A:K79R:S147N:N164T:I167V,6,3.090694956319958,1232.2390180258906,0.304167706390401,4
avGFP,F46Y:S65T:S72A:Y145L:S147N,5,3.0904539903484554,1231.5555064333228,0.30399898737537123,3
sfGFP,S65T:Q69H:S72A:N105Y:M153I:N164T,6,3.0900064631280917,1230.2870796883872,6.559492988555121,4
avGFP,S65T:Q69H:S72A:T203I,4,3.089949134905725,1230.1246886856882,0.3036458022009089,2
avGFP,S65T:S72A:I171S:H231Y,4,3.0895124101826386,1228.888302176358,0.30334061072161506,2
sfGFP,L64M:S65T:S72A:V93F:S147N:N164T,6,3.089247017320549,1228.1375706617976,6.548032501306632,4
avGFP,S65T:S72A:R73L:S147N:I171S:A206V,6,3.0890484379896685,1227.576138273202,0.3030167142380655,4
avGFP,L64M:S65T:S72A:R73L:N149H:I167V,6,3.0890161883677973,1227.4849849243149,0.3029942138102627,4
avGFP,S65T:S72A:Q80R:V163A:A206V,5,3.0889442956050095,1227.2818048547217,0.30294406054060613,2
sfGFP,L64M:S65T:S72A:Q80R:N149H:I171S,6,3.0888546882613634,1227.0286077212816,6.542119869407153,3
avGFP,Y39N:S65T:S72A:V163A:T203I,5,3.087784497686746,1224.008680246288,0.30213611760882636,3
avGFP,S30C:S65T:S72A:K79R:V163A,5,3.087757774551193,1223.9333665019888,0.3021175270525073,3
avGFP,S65T:Q69H:S72A:N105Y:M153I,5,3.087756309166271,1223.9292367454536,0.3021165076572805,3
avGFP,S65T:Q69H:S72A:F99C:I167V,5,3.087741844802078,1223.8884739355199,0.3021064457048328,3
sfGFP,S65T:Q69H:S72A:N149H:I171S:T203I,6,3.0876110547226068,1223.5199489449365,6.523412835071315,4
avGFP,S65T:S72A:F99C:M153I:V163A,5,3.0873745904170167,1222.8539491281817,0.30185108206738187,3
sfGFP,S65T:S72A:N105Y:Y145L:M153I:H231Y,6,3.087131404405375,1222.1693958067995,6.516212122338052,4
avGFP,S65T:S72A:R73L:Q80R:A206V,5,3.0868441522170933,1221.361292617556,0.3014826325209675,3
avGFP,Y39N:S65T:Q69H:S72A:M153I:H231Y,6,3.08596032016953,1218.8782295820508,0.30086970955936354,4
avGFP,S65T:Q69H:S72A:K158G,4,3.085793858853685,1218.41113362938,0.30075441090179,2
avGFP,L64M:S65T:S72A:N149H:M153I:A206V,6,3.085779313228538,1218.370326629568,0.30074433804144723,4
sfGFP,S65T:Q69H:S72A:N164T:I171S:A206V,6,3.0856176570079827,1217.9169004439045,6.493539191786073,3
avGFP,F46Y:S65T:S72A:N105Y:S147N:I171S,6,3.085575910077886,1217.799832762463,0.3006035164893549,4
avGFP,Y39N:L64M:S65T:S72A:A206V,5,3.0852483541591034,1216.8816835153125,0.300376879167744,3
avGFP,S65T:S72A:K79R:Q80R:M153I,5,3.084909616623636,1215.9329199279532,0.30014268495700064,3
avGFP,S65T:S72A:R73L:N105Y:I171S:S202T,6,3.0848019101724877,1215.6314019793933,0.30006825781948315,4
sfGFP,S65T:S72A:F99C:Y145L:I171S:S202T,6,3.084357308328652,1214.3875560868323,6.474721868620917,4
avGFP,S30C:F46Y:S65T:S72A:K79R,5,3.0841241931044983,1213.735887057271,0.29960036610541096,3
avGFP,L64M:S65T:S72A:N105Y:I167V,5,3.0840929412073854,1213.6485495802876,0.2995788075930872,3
avGFP,S65T:S72A:N105Y:N149H:N164T,5,3.083971536309623,1213.3093274818066,0.299495073507295,3
avGFP,S65T:S72A:S147N:N164T:A206V,5,3.083971371391373,1213.3088667418674,0.2994949597775652,3
avGFP,S65T:S72A:F99C:A206V,4,3.0838470645151634,1212.9616344866179,0.29940924845279865,2
avGFP,S65T:S72A:S147N:S202T:T203I,5,3.0836150126894686,1212.313699066039,0.29924931111281544,3
avGFP,S30C:S65T:Q69H:S72A:N105Y,5,3.0835636650645575,1212.1703729316137,0.29921393227726795,3
avGFP,S30C:S65T:S72A:N149H:I171S:S202T,6,3.0834425759539665,1211.832445148001,0.299130517682077,4
sfGFP,F46Y:S65T:S72A:M153I:T203I,5,3.08294875988805,1210.455309896827,6.453756403130419,3
sfGFP,S65T:S72A:S147N:N149H:L178V:T203I,6,3.0826962974247585,1209.7518569734334,6.4500058195512215,4
avGFP,L64M:S65T:S72A:N105Y:M153I:I171S,6,3.0826798722421653,1209.706104562977,0.2986056486191028,4
avGFP,S65T:S72A:K79R:N149H:V163A,5,3.082334197062087,1208.743626294286,0.29836806905608315,3
avGFP,S65T:S72A:S147N:I167V:H231Y,5,3.0819487333982507,1207.6712662764817,0.2981033661191782,3
sfGFP,S65T:S72A:S147N:M153I:V163A:L178V,6,3.0816892128193056,1206.9498158912686,6.435066242329327,3
avGFP,S65T:S72A:K79R:F99C:Y145L,5,3.0813700227850944,1206.0630792805289,0.29770639885645556,3
avGFP,S65T:Q69H:S72A:M153I:H231Y,5,3.0813308242830297,1205.9542274884213,0.2976795297186848,3
sfGFP,F46Y:S65T:Q69H:S72A:T203I:A206V,6,3.0812895715809097,1205.8396819210807,6.429147366878201,3
sfGFP,S65T:S72A:V93F:M153I:S202T:A206V,6,3.081279997710517,1205.8130998988286,6.429005640128841,3
avGFP,S65T:Q69H:S72A:N105Y,4,3.0811402177994163,1205.425065204058,0.29754891051576343,2
avGFP,S30C:S65T:S72A:Y145L:N149H,5,3.080889665044554,1204.729833100234,0.2973772983923558,3
sfGFP,S65T:S72A:K79R:F99C:N105Y:N149H,6,3.0805232046963757,1203.71370344469,6.417812336916548,4
avGFP,S65T:S72A:K79R:V93F:S147N,5,3.0798530005668425,1201.8575625730048,0.29666830287637247,3
avGFP,S65T:S72A:N105Y:N149H:M153I:S202T,6,3.0797259558813352,1201.5060331583736,0.2965815308344123,4
avGFP,L64M:S65T:S72A:R73L:L178V,5,3.0793825023247163,1200.5562205132405,0.29634707767269247,3
avGFP,S65T:S72A:R73L:S147N:I167V,5,3.0792719444354466,1200.250635077407,0.296271646510585,3
avGFP,S65T:S72A:F99C:S147N:N149H:I167V,6,3.0783505780154754,1197.7069730232029,0.29564376519734836,4
avGFP,S65T:S72A:S202T:T203I,4,3.078284979846021,1197.5260785957441,0.2955991129486417,2
sfGFP,Y39N:S65T:S72A:N105Y,4,3.0779168937432164,1196.5115458729877,6.37941276101755,1
sfGFP,S65T:S72A:N105Y:A206V,4,3.0779168937432164,1196.5115458729877,6.37941276101755,1
sfGFP,Y39N:S65T:S72A:N105Y:V163A,5,3.0779168937432164,1196.5115458729877,6.37941276101755,1
sfGFP,Y39N:S65T:S72A:N105Y:A206V,5,3.0779168937432164,1196.5115458729877,6.37941276101755,1
sfGFP,S65T:S72A:N105Y,3,3.0779168937432164,1196.5115458729877,6.37941276101755,1
sfGFP,S65T:S72A:N105Y:V163A,4,3.0779168937432164,1196.5115458729877,6.37941276101755,1
sfGFP,S65T:S72A:N105Y:V163A:A206V,5,3.0779168937432164,1196.5115458729877,6.37941276101755,1
sfGFP,S65T:S72A:Q80R:N105Y,4,3.0779168937432164,1196.5115458729877,6.37941276101755,1
sfGFP,L64M:S65T:S72A:V93F:M153I:V163A,6,3.0778430707709488,1196.3081757279772,6.378328457148719,3
avGFP,S65T:S72A:L178V:S202T:T203I,5,3.077842089087893,1196.305471585541,0.2952978165043104,3
avGFP,S65T:S72A:R73L:K79R:Q80R:F99C,6,3.0772821971780684,1194.7641897714886,0.2949173642158959,4
avGFP,S65T:Q69H:S72A:K158G:T203I,5,3.077209290546367,1194.5636370926761,0.29486785949527555,3
avGFP,Y39N:L64M:S65T:S72A:V93F:M153I,6,3.0768419028029,1193.5535333927248,0.294618524000184,4
avGFP,L64M:S65T:S72A:R73L,4,3.076649261596745,1193.0242229487937,0.2944878682253353,2
avGFP,S65T:Q69H:S72A:K79R:V163A,5,3.0761729070836226,1191.7163755317083,0.2941650372296079,3
avGFP,S65T:S72A:M153I:S202T,4,3.075790486646414,1190.6674648858834,0.2939061225704534,2
avGFP,S65T:Q69H:S72A:N149H:M153I,5,3.0755741233526837,1190.074428169654,0.29375973650805637,3
avGFP,S65T:S72A:Q80R:M153I:S202T,5,3.075268797329409,1189.23805329219,0.293553284493115,3
sfGFP,L64M:S65T:S72A:M153I:K158G:I171S,6,3.0751682876606954,1188.9628573196949,6.339165593949314,4
avGFP,S65T:S72A:Q80R:A206V:H231Y,5,3.0749898586110493,1188.474474557043,0.29336480158588635,3
sfGFP,S65T:S72A:R73L:I171S,4,3.0748687945316915,1188.1432211754718,6.334795558995717,2
sfGFP,Y39N:S65T:S72A:R73L:I171S,5,3.0748687945316915,1188.1432211754718,6.334795558995717,2
sfGFP,S65T:S72A:R73L:V163A:I171S,5,3.0748687945316915,1188.1432211754718,6.334795558995717,2
sfGFP,S65T:S72A:R73L:I171S:A206V,5,3.0748687945316915,1188.1432211754718,6.334795558995717,2
avGFP,S65T:Q69H:S72A:S147N:V163A:I167V,6,3.074729435677856,1187.7620242655616,0.293188939299506,4
sfGFP,Y39N:S65T:S72A:F99C:Y145L:I171S,6,3.074148702027444,1186.1748238017647,6.324300700531631,3
avGFP,S65T:Q69H:S72A:V93F:N105Y:L178V,6,3.073831038224875,1185.3075159086634,0.2925830648171106,4
avGFP,S30C:S65T:S72A:N105Y:I167V,5,3.073748389031841,1185.0819652910877,0.2925273895682187,3
avGFP,S65T:S72A:M153I:T203I:A206V,5,3.0737443296412286,1185.0708882723309,0.29252465530048366,3
avGFP,S65T:S72A:N149H:T203I,4,3.073517440173718,1184.4519306516224,0.2923718708835891,2
avGFP,S65T:S72A:K79R:F99C:S147N:M153I,6,3.0734418900399634,1184.2459005902463,0.2923210141177348,4
avGFP,S65T:Q69H:S72A:S147N:M153I,5,3.0734177803963934,1184.1801595890388,0.29230478651151515,3
avGFP,S65T:S72A:V93F:N164T,4,3.0732741161375867,1183.7884985465646,0.29220810831903044,2
avGFP,Y39N:L64M:S65T:S72A:S147N:T203I,6,3.073273316336027,1183.7863184704754,0.29220757018581595,4
sfGFP,S65T:S72A:Q80R:F99C:S147N,5,3.0732381534182514,1183.6904763687494,6.311054963144771,2
sfGFP,S65T:S72A:F99C:S147N,4,3.0732381534182514,1183.6904763687494,6.311054963144771,2
sfGFP,S65T:S72A:F99C:S147N:V163A,5,3.0732381534182514,1183.6904763687494,6.311054963144771,2
sfGFP,S65T:S72A:Q80R:V93F:Y145L:N149H,6,3.073215296599502,1183.6281806503976,6.3107228225131315,3
avGFP,S65T:S72A:N105Y:K158G:T203I,5,3.073029405573607,1183.1216608030588,0.2920435051016273,3
avGFP,S65T:Q69H:S72A:Y145L,4,3.0719297463794812,1180.129716598128,0.29130496915758636,2
avGFP,S65T:S72A:R73L:Q80R:N149H:H231Y,6,3.0715880797867157,1179.2016543008697,0.2910758848839876,4
avGFP,S30C:S65T:Q69H:S72A:S147N:M153I,6,3.0709777026000427,1177.5455148264507,0.2906670809603758,4
avGFP,Y39N:S65T:S72A:F99C:N105Y,5,3.0709688664147534,1177.521556648442,0.29066116708819056,3
sfGFP,L64M:S65T:S72A:Y145L:S202T:A206V,6,3.070655279100381,1176.6716205858738,6.273632693127018,3
sfGFP,L64M:S65T:S72A:Y145L:S202T,5,3.070655279100381,1176.6716205858738,6.273632693127018,3
sfGFP,S30C:S65T:S72A:R73L:Q80R:I171S,6,3.0703309448153986,1175.793201687626,6.268949247531921,3
avGFP,S65T:Q69H:S72A:F99C:M153I,5,3.0703286692786453,1175.78704099771,0.29023301667300033,3
avGFP,S30C:L64M:S65T:S72A:V93F,5,3.070272996712977,1175.6363255533931,0.29019581384924226,3
sfGFP,S65T:S72A:Q80R:N105Y:S202T,5,3.0702046808883114,1175.4514089774207,6.267126919293947,2
sfGFP,S65T:S72A:N105Y:S202T,4,3.0702046808883114,1175.4514089774207,6.267126919293947,2
avGFP,S65T:Q69H:S72A:K79R:N149H:I167V,6,3.0697986186507533,1174.3528839451494,0.28987900721955856,4
avGFP,S65T:S72A:K79R:V163A,4,3.0695674226041336,1173.7278852394559,0.28972473161228857,2
avGFP,S30C:S65T:Q69H:S72A:Y145L:N149H,6,3.06949358296858,1173.5283425889984,0.28967547620856504,4
avGFP,S65T:S72A:Q80R:S147N:N149H:S202T,6,3.0694249892819645,1173.3430068729747,0.2896297276656034,4
avGFP,Y39N:S65T:S72A:L178V:T203I,5,3.0693071114602626,1173.0245769716948,0.28955112595659926,3
avGFP,S30C:S65T:S72A:R73L:S147N,5,3.0690575113079386,1172.350603423143,0.2893847613264975,3
avGFP,S65T:S72A:N105Y:N149H:S202T,5,3.068840187052658,1171.76409704076,0.2892399872213904,3
avGFP,S65T:S72A:V93F:S147N:I167V:S202T,6,3.0685541952865396,1170.9927205168278,0.2890495794964153,4
avGFP,S30C:S65T:S72A:H231Y,4,3.0684104782181576,1170.6052788030331,0.28895394280927833,2
sfGFP,S65T:S72A:S147N:V163A:I171S:L178V,6,3.068135331556188,1169.8638783462852,6.237336012274463,3
sfGFP,S65T:S72A:S147N:I171S:L178V,5,3.068135331556188,1169.8638783462852,6.237336012274463,3
sfGFP,F46Y:S65T:S72A:N149H:A206V,5,3.0678703506368414,1169.1503140049767,6.233531517883705,2
sfGFP,Y39N:F46Y:S65T:S72A:N149H:V163A,6,3.0678703506368414,1169.1503140049767,6.233531517883705,2
sfGFP,Y39N:F46Y:S65T:S72A:Q80R:N149H,6,3.0678703506368414,1169.1503140049767,6.233531517883705,2
sfGFP,F46Y:S65T:S72A:N149H,4,3.0678703506368414,1169.1503140049767,6.233531517883705,2
avGFP,S65T:S72A:N105Y:N149H:A206V,5,3.0675629601362497,1168.3230906347571,0.28839060409776124,3
avGFP,Y39N:S65T:Q69H:S72A:N149H:M153I,6,3.0671051024875684,1167.0920278186868,0.2880867267268057,4
sfGFP,S65T:S72A:Q80R:F99C:I171S:S202T,6,3.067064908866758,1166.9840193458367,6.221981535068823,3
avGFP,S65T:S72A:V93F:L178V:H231Y,5,3.0668334961053327,1166.3623603807584,0.28790661453446653,3
avGFP,S65T:S72A:Q80R:V163A:S202T,5,3.066522550657939,1165.527569062169,0.28770055340754597,2
avGFP,S65T:S72A:S147N:N164T:I167V,5,3.0661945643301936,1164.6476757903404,0.2874833592476099,3
avGFP,S65T:S72A:N105Y:V163A:T203I,5,3.0661084587009864,1164.4167891812306,0.28742636685465545,3
avGFP,S65T:S72A:K79R:H231Y,4,3.0657749787278568,1163.5230162944201,0.2872057466299765,2
avGFP,S30C:F46Y:S65T:S72A:N149H:I171S,6,3.0656187831133126,1163.104626186258,0.2871024705952832,4
avGFP,S65T:S72A:V93F:N105Y:Y145L,5,3.0655639756913917,1162.9578530946585,0.2870662409077156,3
sfGFP,S65T:S72A:F99C:Y145L:M153I:T203I,6,3.0649965877540053,1161.4394883898094,6.19241988841632,4
avGFP,S30C:S65T:Q69H:S72A:V93F:L178V,6,3.0649429996414637,1161.2961858315878,0.2866560724965562,4
avGFP,Y39N:S65T:S72A:Q80R:Y145L:L178V,6,3.064932615473873,1161.2684190729694,0.286649218508686,4
avGFP,F46Y:S65T:S72A:K79R:T203I,5,3.064707463992271,1160.6665381996359,0.2865006493414351,3
avGFP,S65T:S72A:Q80R:M153I:I167V:T203I,6,3.0642306410358677,1159.39291219109,0.2861862656089356,4
avGFP,S65T:S72A:K79R:V93F:A206V,5,3.0642185497991705,1159.3606338648228,0.286178297979017,3
avGFP,S65T:S72A:F99C:Y145L:S147N,5,3.0641494136756386,1159.1760878395498,0.28613274436449126,3
avGFP,L64M:S65T:S72A:N105Y:A206V,5,3.0638928940592933,1158.4916130914842,0.2859637876027302,3
avGFP,S65T:S72A:N149H:V163A:I171S,5,3.063536890414858,1157.5423534060674,0.28572947093440665,3
sfGFP,S65T:S72A:N105Y:I171S,4,3.0633843449069285,1157.1358391954723,6.169474222171815,2
sfGFP,Y39N:S65T:S72A:N105Y:I171S,5,3.0633843449069285,1157.1358391954723,6.169474222171815,2
avGFP,S30C:S65T:Q69H:S72A:I171S:A206V,6,3.0632875177216174,1156.8778812386838,0.2855654516393213,4
sfGFP,S65T:S72A:Y145L:M153I:N164T:T203I,6,3.063147010636428,1156.5036576327354,6.166103634447431,4
sfGFP,L64M:S65T:S72A:F99C:M153I,5,3.0630991908361414,1156.376322997761,6.165424727337778,3
sfGFP,S30C:F46Y:S65T:S72A:I171S:L178V,6,3.063039064370901,1156.2162380533175,6.164571206165373,4
avGFP,S65T:S72A:S147N:M153I:V163A:L178V,6,3.0630119929961506,1156.1441685501197,0.28538434091131687,4
sfGFP,S65T:S72A:N105Y:N149H:S202T,5,3.0629850810053734,1156.0725278121176,6.16380498961714,3
sfGFP,Y39N:S65T:Q69H:S72A:M153I:I171S,6,3.0627634212449584,1155.4826299747185,6.16065984504701,3
avGFP,S65T:S72A:M153I:I171S:S202T:A206V,6,3.0623493202476513,1154.3813991676284,0.2849492163030842,4
avGFP,S30C:S65T:S72A:R73L:Q80R:V163A,6,3.0620468899095115,1153.577800593303,0.2847508548394107,3
avGFP,S30C:S65T:S72A:K79R:N105Y,5,3.0617959183314634,1152.9113596962616,0.2845863495801773,3
avGFP,S30C:S65T:S72A:S147N:I171S:L178V,6,3.0613106928121483,1151.6239622290661,0.28426856648040416,4
avGFP,S65T:S72A:N105Y:K158G,4,3.061158666782563,1151.2209035065846,0.2841690748676859,2
avGFP,S65T:S72A:K79R:S147N:N149H:N164T,6,3.061008355123539,1150.8225286959387,0.2840707394387104,4
avGFP,S65T:Q69H:S72A:S147N:V163A,5,3.0609506763033503,1150.6696976542996,0.2840330143977723,3
sfGFP,S65T:Q69H:S72A:F99C:N105Y:M153I,6,3.060675745344031,1149.941494502622,6.131116302017152,4
avGFP,S65T:Q69H:S72A:S147N:N149H,5,3.060627863320194,1149.8147176423968,0.28382196986385805,3
avGFP,L64M:S65T:S72A:V93F:I167V,5,3.060610926827906,1149.7698783704345,0.28381090167147865,3
avGFP,S65T:S72A:Y145L:K158G:L178V,5,3.060250413872768,1148.8158369126224,0.28357540466336656,3
avGFP,S65T:S72A:N105Y:N149H:V163A,5,3.0601939820185593,1148.666570461539,0.28353855951124685,3
avGFP,S65T:Q69H:S72A:F99C:Y145L:H231Y,6,3.059915130156763,1147.929271196957,0.28335656346749993,4
avGFP,S65T:S72A:K79R:Q80R:A206V,5,3.059668586832815,1147.2777916285995,0.2831957512848237,3
avGFP,S65T:S72A:N105Y:L178V:T203I,5,3.0592908787149065,1146.2804320701887,0.2829495615725272,3
avGFP,S65T:S72A:Q80R:S147N:I167V:I171S,6,3.0591646005081423,1145.9471807827922,0.2828673013305967,4
avGFP,S65T:S72A:K79R:M153I:V163A,5,3.0590972077264875,1145.7693692295773,0.2828234100631397,3
sfGFP,S65T:Q69H:S72A:L178V:S202T,5,3.059023336414604,1145.574496183799,6.107832878720043,3
sfGFP,Y39N:S65T:Q69H:S72A:L178V:S202T,6,3.059023336414604,1145.574496183799,6.107832878720043,3
avGFP,Y39N:S65T:S72A:Q80R:N149H,5,3.0587861666982525,1144.9490647859952,0.28262092489792723,3
avGFP,Y39N:S65T:S72A:S147N:T203I,5,3.0583825446973507,1143.8854732047557,0.2823583863749059,3
avGFP,L64M:S65T:S72A:R73L:L178V:A206V,6,3.0577184364309016,1142.137619386079,0.28192694354656217,4
avGFP,S30C:S65T:S72A:Q80R:N105Y:S147N,6,3.057602762581633,1141.8334528182468,0.28185186261993617,4
avGFP,S65T:S72A:V163A:H231Y,4,3.0574134143791136,1141.3357329616272,0.28172900471250234,2
avGFP,Y39N:S65T:S72A:Y145L:A206V,5,3.0570018651149993,1140.2546844724511,0.2814621571004406,3
avGFP,S30C:S65T:S72A:I167V:A206V,5,3.055590781156819,1136.5558486288708,0.2805491309761268,3
avGFP,S65T:S72A:Q80R:Y145L:H231Y,5,3.055502735094142,1136.3254539804473,0.28049226001947763,3
avGFP,Y39N:S65T:S72A:T203I,4,3.0554185743981748,1136.1052700284965,0.2804379094862863,2
sfGFP,S65T:S72A:S147N:N149H,4,3.055183697926611,1135.4910042170027,6.0540709592881115,2
avGFP,S65T:S72A:N149H:V163A:L178V:S202T,6,3.0548509397277597,1134.6213196106028,0.28007160896471134,4
avGFP,S65T:S72A:K79R:I167V:L178V:A206V,6,3.054841502483323,1134.5966644909922,0.28006552305842775,4
avGFP,F46Y:S65T:S72A:Y145L:N149H,5,3.0547158447023377,1134.2684303514116,0.27998450125670366,3
avGFP,S30C:S65T:S72A:K79R:H231Y,5,3.0546850776734913,1134.1880774230524,0.279964666820719,3
sfGFP,L64M:S65T:Q69H:S72A:N164T,5,3.0546343746681734,1134.0556709805358,6.04641822647779,3
sfGFP,L64M:S65T:Q69H:S72A:V163A:N164T,6,3.0546343746681734,1134.0556709805358,6.04641822647779,3
sfGFP,S65T:S72A:R73L:V93F:I171S:A206V,6,3.0544367856734445,1133.5398321581947,6.043667940634564,3
sfGFP,S65T:S72A:R73L:V93F:I171S,5,3.0544367856734445,1133.5398321581947,6.043667940634564,3
avGFP,L64M:S65T:S72A:V93F:F99C:Y145L,6,3.0542456728600977,1133.0411237078074,0.27968155106492926,4
sfGFP,S30C:S65T:S72A:N105Y:M153I,5,3.054007917507041,1132.4210079131885,6.037702731447451,3
sfGFP,F46Y:S65T:S72A:F99C:M153I,5,3.053887571080465,1132.107248594152,6.03602986818871,3
avGFP,S65T:Q69H:S72A:M153I:I167V,5,3.053846406136682,1131.9999460043214,0.2794245452167282,3
sfGFP,S65T:S72A:K79R:Q80R:N105Y,5,3.0536615437834667,1131.5181999746922,6.032889251374102,2
sfGFP,S65T:S72A:K79R:N105Y,4,3.0536615437834667,1131.5181999746922,6.032889251374102,2
avGFP,S65T:Q69H:S72A:V163A:I171S,5,3.0535853646811955,1131.3197390575936,0.27925664192537775,3
avGFP,S65T:S72A:K79R:A206V,4,3.0535696968983093,1131.2789258466116,0.27924656753186056,2
avGFP,S65T:S72A:K79R:N164T:L178V:T203I,6,3.0534814300789317,1131.0490259741407,0.27918981870644116,4
avGFP,S30C:S65T:S72A:K79R:N149H:I171S,6,3.053216786896101,1130.360015990171,0.2790197424603246,4
avGFP,Y39N:S65T:S72A:Q80R:A206V,5,3.053065384974694,1129.9660233007066,0.2789224887206395,3
avGFP,F46Y:S65T:S72A:V93F:I171S,5,3.052999935083711,1129.795745796251,0.2788804571689498,3
avGFP,Y39N:S65T:S72A:V163A:I167V:T203I,6,3.0525632165194554,1128.6602149495582,0.2786001610509715,4
avGFP,S65T:S72A:N105Y:Y145L:A206V,5,3.0523622260603864,1128.1379945219994,0.2784712553862773,3
sfGFP,S65T:S72A:V93F:N149H:I167V,5,3.0523120447158836,1128.0076492995836,6.014172130045661,3
avGFP,S65T:S72A:Y145L:N149H:I171S:T203I,6,3.052275646877307,1127.9131159319868,0.2784157460216656,4
avGFP,Y39N:S65T:S72A:L178V:S202T,5,3.05179571420531,1126.6673636040766,0.2781082426698256,3
avGFP,S65T:S72A:Y145L:I167V:L178V:S202T,6,3.0516075310020487,1126.1792755577787,0.27798776229273375,4
avGFP,S30C:Y39N:L64M:S65T:S72A:N105Y,6,3.0515900385193673,1126.1339163014006,0.2779765657466301,4
avGFP,S65T:S72A:V93F:S147N:N164T,5,3.05150353994454,1125.909646173554,0.2779212065757216,3
avGFP,Y39N:S65T:S72A:I167V:S202T:T203I,6,3.051460937239175,1125.7992039590777,0.277893944855735,4
avGFP,S65T:S72A:Q80R:S147N:I171S:T203I,6,3.051353661742756,1125.5211535603419,0.2778253104830142,4
avGFP,S65T:Q69H:S72A:I167V:S202T:H231Y,6,3.051102620516001,1124.8707410525699,0.27766476169515514,4
avGFP,S65T:S72A:S147N:A206V:H231Y,5,3.0510660442406534,1124.776008443333,0.2776413777574203,3
avGFP,S65T:S72A:Y145L:L178V:A206V:H231Y,6,3.0508907941891743,1124.322221218759,0.2775293642460246,4
sfGFP,F46Y:S65T:Q69H:S72A:F99C:L178V,6,3.049368894294732,1120.3891497144537,5.97355275312379,4
avGFP,Y39N:S65T:S72A:K79R:N149H:M153I,6,3.0493381741409396,1120.3099009301866,0.27653895715646987,4
avGFP,S30C:Y39N:S65T:S72A:V163A:T203I,6,3.049138726137942,1119.7955212135248,0.2764119869044798,4
avGFP,S65T:S72A:N149H:M153I:H231Y,5,3.0490240072169263,1119.4997662034816,0.27633898229925113,3
sfGFP,S65T:Q69H:S72A:N105Y:I171S:H231Y,6,3.0486932154829125,1118.6473946268602,5.964266278061609,4
avGFP,S30C:S65T:S72A:R73L:Q80R:L178V,6,3.0484201976934653,1117.944381639145,0.27595504886704475,4
avGFP,S65T:S72A:M153I:L178V:T203I,5,3.0484178042025243,1117.9382204225324,0.27595352802320017,3
avGFP,S65T:S72A:K79R:I167V:S202T:T203I,6,3.048216361004812,1117.4197960842466,0.275825559390811,4
avGFP,L64M:S65T:Q69H:S72A:R73L:M153I,6,3.048204256045596,1117.3886510130644,0.27581787149525805,4
avGFP,S65T:S72A:K79R:Y145L,4,3.048118392647107,1117.1677564189267,0.27576334554609555,2
avGFP,S65T:S72A:V93F:S147N:N164T:I171S,6,3.0478801908467448,1116.5551803514409,0.2756121363612612,4
avGFP,S30C:S65T:S72A:V163A:N164T:A206V,6,3.047228735407044,1114.881567865017,0.27519901937345675,4
avGFP,F46Y:S65T:Q69H:S72A:K79R,5,3.0470331735506115,1114.379652144857,0.275075125752845,3
avGFP,S65T:S72A:Q80R:N105Y:I171S:L178V,6,3.0470208037685285,1114.347912305368,0.2750672910438013,4
avGFP,S65T:S72A:V163A:I171S:A206V,5,3.0469816560883642,1114.2474685480083,0.27504249735779523,3
avGFP,F46Y:S65T:S72A:N105Y:M153I:I167V,6,3.046823434271525,1113.8416007423905,0.2749423123468302,4
avGFP,S65T:S72A:S147N:I171S:S202T:T203I,6,3.0464269606059093,1112.8252227625942,0.2746914280991981,4
avGFP,S65T:S72A:N105Y:N164T:I167V,5,3.045851260272312,1111.351040056692,0.2743275386541349,3
avGFP,S65T:S72A:R73L:I171S:A206V:H231Y,6,3.045634473395187,1110.7964251357553,0.27419063668466026,4
sfGFP,S65T:S72A:N149H:I167V:L178V:S202T,6,3.0455362310687626,1110.5451788327057,5.921067882686297,4
avGFP,S65T:Q69H:S72A:N105Y:N164T,5,3.04546391489012,1110.3602727359148,0.2740829761795509,3
sfGFP,L64M:S65T:S72A:K79R:M153I,5,3.045437277334354,1110.292170611961,5.919718924644372,3
avGFP,S30C:S65T:S72A:R73L,4,3.0452096844519883,1109.7104722369693,0.27392257846085805,2
avGFP,S65T:S72A:Q80R:S147N:N164T,5,3.0444681642203966,1107.8173542990965,0.27345527842193235,3
avGFP,S65T:S72A:V163A:I167V:T203I,5,3.0440558399725792,1106.7660787041932,0.2731957799952406,3
sfGFP,S65T:S72A:V93F:F99C:N149H:V163A,6,3.0440242187088438,1106.6854972796812,5.900489308381889,3
avGFP,L64M:S65T:S72A:N149H:I167V:H231Y,6,3.043965673459112,1106.5363201323594,0.27313906604868,4
avGFP,Y39N:F46Y:S65T:S72A:I171S:A206V,6,3.043758119958458,1106.007622150958,0.2730085614549903,4
avGFP,L64M:S65T:S72A:N105Y,4,3.0436617102404364,1105.762125022094,0.27294796257967496,2
avGFP,Y39N:S65T:S72A:N105Y:S202T,5,3.0435610575930117,1105.5058818652765,0.2728847111388853,3
avGFP,Y39N:S65T:S72A:I167V:I171S,5,3.043491698609053,1105.3293411874254,0.27284113357618756,3
avGFP,S65T:S72A:N149H:M153I:V163A,5,3.0432202960193515,1104.6388062119242,0.2726706808989002,3
avGFP,F46Y:S65T:S72A:N105Y,4,3.043205680775193,1104.6016326007452,0.2726615049095952,2
avGFP,S65T:S72A:I167V:A206V:H231Y,5,3.0431951116697746,1104.5747510502554,0.2726548694278119,3
avGFP,Y39N:S65T:S72A:Q80R:T203I,5,3.043083973769283,1104.2921215953802,0.2725851047540837,3
avGFP,S65T:Q69H:S72A:R73L:K79R,5,3.043030562914408,1104.1563207459337,0.27255158347103897,3
sfGFP,F46Y:S65T:S72A:F99C:M153I:K158G,6,3.0430057827715706,1104.093321164069,5.886668663317678,4
sfGFP,S65T:S72A:Q80R:Y145L:M153I:V163A,6,3.0429807619822924,1104.0297134238883,5.886329527409791,2
sfGFP,S65T:S72A:Y145L:M153I,4,3.0429807619822924,1104.0297134238883,5.886329527409791,2
sfGFP,S65T:S72A:Y145L:M153I:V163A:A206V,6,3.0429807619822924,1104.0297134238883,5.886329527409791,2
avGFP,S65T:S72A:V163A:I167V:A206V,5,3.0429505864578177,1103.953006213291,0.2725013970103239,3
avGFP,Y39N:S65T:S72A:I167V:S202T,5,3.042854742636908,1103.7094033026342,0.2724412657066396,3
avGFP,S65T:Q69H:S72A:I171S:T203I,5,3.042663682651192,1103.2239531457376,0.2723214364700791,3
avGFP,S65T:Q69H:S72A:V163A:I167V:I171S,6,3.042411058588193,1102.5824071758468,0.27216307631157816,4
sfGFP,L64M:S65T:Q69H:S72A:M153I:I171S,6,3.042225515385377,1102.1114525922717,5.876101980780271,4
avGFP,F46Y:S65T:S72A:K79R:V93F:M153I,6,3.0419671686041743,1101.4560395307574,0.2718850420518709,4
sfGFP,S65T:Q69H:S72A:N105Y:S202T,5,3.041844856952625,1101.145876855955,5.8709538431001675,3
avGFP,F46Y:S65T:Q69H:S72A:I167V,5,3.0418106075236264,1101.0590414664966,0.2717870464610146,3
sfGFP,L64M:S65T:S72A:N105Y:M153I:L178V,6,3.0414917346835018,1100.250905567331,5.86618214551055,4
avGFP,Y39N:S65T:S72A:S147N:A206V,5,3.0407599524752373,1098.3985539452729,0.2711303277762684,3
avGFP,S65T:S72A:Y145L:M153I:A206V,5,3.040692209969781,1098.2272359335836,0.2710880393842303,3
sfGFP,L64M:S65T:S72A:Q80R:N105Y:I171S,6,3.0405456904844503,1097.8567855699137,5.853417471642076,3
avGFP,S65T:Q69H:S72A:V93F:I167V:H231Y,6,3.0397283452977306,1095.7925546447348,0.27048705904471215,4
avGFP,Y39N:S65T:Q69H:S72A:F99C:M153I,6,3.0395964374070306,1095.4597810505318,0.2704049167172778,4
avGFP,S30C:S65T:S72A:V93F:M153I:V163A,6,3.0391807871127883,1094.4118507215173,0.2701462440409785,4
avGFP,L64M:S65T:S72A:R73L:M153I:V163A,6,3.039150911439431,1094.3365673187827,0.27012766097421614,4
sfGFP,L64M:S65T:S72A:V93F,4,3.039127546818217,1094.2776946582578,5.834334915929668,2
sfGFP,Y39N:L64M:S65T:S72A:V93F,5,3.039127546818217,1094.2776946582578,5.834334915929668,2
sfGFP,F46Y:S65T:S72A:V93F:F99C:N149H,6,3.0382157989521428,1091.982802949605,5.82209929521892,4
sfGFP,S65T:S72A:I167V:I171S:A206V,5,3.038134073098725,1091.7773321600703,5.821003791392571,2
sfGFP,S65T:S72A:V163A:I167V:I171S,5,3.038134073098725,1091.7773321600703,5.821003791392571,2
sfGFP,Y39N:S65T:S72A:V163A:I167V:I171S,6,3.038134073098725,1091.7773321600703,5.821003791392571,2
sfGFP,S65T:S72A:Q80R:I167V:I171S,5,3.038134073098725,1091.7773321600703,5.821003791392571,2
sfGFP,Y39N:S65T:S72A:I167V:I171S,5,3.038134073098725,1091.7773321600703,5.821003791392571,2
sfGFP,S65T:S72A:I167V:I171S,4,3.038134073098725,1091.7773321600703,5.821003791392571,2
sfGFP,S65T:S72A:I171S:T203I,4,3.037987347524673,1091.4085395428604,5.819037508378829,2
sfGFP,Y39N:S65T:S72A:I171S:T203I,5,3.037987347524673,1091.4085395428604,5.819037508378829,2
sfGFP,S65T:S72A:V163A:I171S:T203I,5,3.037987347524673,1091.4085395428604,5.819037508378829,2
avGFP,S65T:S72A:N105Y:Y145L:S147N:S202T,6,3.0379112089909213,1091.2172155320582,0.2693576755537635,4
avGFP,S65T:S72A:Q80R:F99C:S202T,5,3.036951943499012,1088.809605330207,0.2687633774815012,3
avGFP,S65T:S72A:S147N:I171S:L178V:H231Y,6,3.0368541880858353,1088.5645525855625,0.2687028882986456,4
sfGFP,S65T:S72A:V93F:N105Y:M153I:H231Y,6,3.036789792423061,1088.403156017084,5.803013774983008,4
avGFP,S65T:S72A:R73L:N105Y,4,3.0364757690119766,1087.6164535616201,0.2684688581297215,2
avGFP,S30C:S65T:Q69H:S72A:I171S:H231Y,6,3.036422302707554,1087.4825645635426,0.26843580877090356,4
avGFP,S30C:S65T:S72A:V93F:N164T:A206V,6,3.036273264940359,1087.109434871041,0.2683437048843247,4
avGFP,F46Y:S65T:S72A:N105Y:M153I,5,3.03623185437032,1087.0057824483617,0.2683181191666133,3
avGFP,S65T:S72A:Q80R:M153I,4,3.036125373120593,1086.739300715886,0.2682523404206262,2
avGFP,L64M:S65T:S72A:Q80R:M153I:A206V,6,3.0357855669845515,1085.8893330853912,0.26804253315037124,4
avGFP,S65T:S72A:F99C:Y145L:M153I,5,3.0354738001401076,1085.1100857805714,0.26785018259017096,3
avGFP,S30C:S65T:Q69H:S72A:N105Y:A206V,6,3.035060059195628,1084.0768221661745,0.26759513026745574,4
sfGFP,S65T:S72A:S147N:I171S:H231Y,5,3.0348901393706957,1083.6527548099566,5.777686171429804,3
sfGFP,S65T:S72A:V93F:Y145L:I171S:A206V,6,3.034862183054812,1083.583000380796,5.777314263363342,3
avGFP,S65T:S72A:R73L:I171S:L178V:T203I,6,3.0342338612433215,1082.0164445234889,0.2670865435949791,4
avGFP,F46Y:S65T:S72A:K79R:N149H,5,3.0341304895236676,1081.758931257947,0.26702297863866853,3
avGFP,S65T:Q69H:S72A:Q80R:S147N,5,3.0338980834080713,1081.1801992103003,0.26688012356187557,3
avGFP,S65T:S72A:M153I:I167V:T203I,5,3.033766648820178,1080.8530410749559,0.2667993673626326,3
avGFP,F46Y:S65T:S72A:N164T:A206V,5,3.0335036842265337,1080.1987844340626,0.2666378696832538,3
avGFP,S65T:Q69H:S72A:V163A:A206V,5,3.0331979931857758,1079.4387220371577,0.26645025475417083,3
avGFP,S65T:S72A:N105Y:Y145L:M153I,5,3.033099113402023,1079.192984358805,0.2663895965012631,3
avGFP,S65T:S72A:K79R:Y145L:I167V,5,3.0329371496731845,1078.7905902724967,0.2662902689483233,3
avGFP,Y39N:L64M:S65T:S72A:K79R:L178V,6,3.032295412623732,1077.1976880341788,0.2658970745978397,4
avGFP,F46Y:S65T:S72A:V93F:N105Y:Y145L,6,3.0319509702026872,1076.3436926473978,0.26568627311025056,4
avGFP,Y39N:S65T:S72A:A206V:H231Y,5,3.0313692510016925,1074.902940648804,0.2653306357505509,3
sfGFP,S65T:Q69H:S72A:N105Y:I171S:S202T,6,3.0313062740376764,1074.7470804693276,5.730203994822287,4
avGFP,S65T:S72A:Y145L:I167V:T203I,5,3.030984250235921,1073.9504646367213,0.26509552515938395,3
avGFP,S65T:S72A:Q80R:N149H:S202T,5,3.030865258466856,1073.6562546803007,0.26502290193748246,3
avGFP,Y39N:S65T:S72A:V93F:I171S:L178V,6,3.0308504937969576,1073.6197543069698,0.2650138921312062,4
avGFP,S30C:S65T:S72A:I171S:S202T:A206V,6,3.0306577993380954,1073.1434998367733,0.2648963327715863,4
avGFP,S65T:S72A:S147N:T203I:A206V,5,3.0303635144527212,1072.4165669600375,0.2647168955823868,3
sfGFP,S65T:S72A:V93F:S147N:N149H:I167V,6,3.0301433988088364,1071.8731664277905,5.714881214215708,4
avGFP,S65T:S72A:S147N:I167V:A206V,5,3.029999717021746,1071.5186070556679,0.264495241828085,3
avGFP,S65T:Q69H:S72A:K79R:K158G,5,3.029833967135889,1071.10973656125,0.2643943156289641,3
avGFP,S65T:S72A:R73L:Q80R:S202T,5,3.029202506462169,1069.5534833077431,0.26401016776823477,3
sfGFP,L64M:S65T:S72A:M153I:A206V,5,3.029083797295055,1069.2611736934805,5.7009549133468065,2
sfGFP,L64M:S65T:S72A:M153I,4,3.029083797295055,1069.2611736934805,5.7009549133468065,2
avGFP,F46Y:S65T:S72A:N149H,4,3.0286587938010894,1068.215299367792,0.2636798484602198,2
sfGFP,S65T:S72A:N105Y:N149H,4,3.0284952522998236,1067.81311915973,5.693234354691839,2
sfGFP,S65T:S72A:Y145L:M153I:L178V,5,3.027916755079738,1066.391697264809,5.68565579265746,3
avGFP,Y39N:S65T:Q69H:S72A:V163A,5,3.0277272981042977,1065.9265951454138,0.26311490131624604,3
avGFP,L64M:S65T:Q69H:S72A,4,3.02731150294663,1064.9065614153787,0.26286311467780415,2
sfGFP,S65T:S72A:F99C:V163A:I167V:S202T,6,3.0272485926067927,1064.7523140452856,5.676915131301624,3
avGFP,S65T:Q69H:S72A:K79R:K158G:L178V,6,3.0272276738649913,1064.701029160821,0.2628123807913231,4
avGFP,Y39N:S65T:S72A:M153I:I167V:A206V,6,3.0271698430532648,1064.5592626222165,0.2627773869287206,4
avGFP,F46Y:S65T:S72A:M153I:I167V,5,3.027050923272225,1064.2678018077913,0.26270544230910575,3
sfGFP,S65T:Q69H:S72A:K79R:N105Y,5,3.0269856953258154,1064.1079683466273,5.67347968833686,3
avGFP,S65T:S72A:I167V:I171S:H231Y,5,3.0269391908988315,1063.994029339807,0.262637863907155,3
avGFP,S65T:Q69H:S72A:I171S:A206V,5,3.0268940908064166,1063.8835427010638,0.2626105912214165,3
sfGFP,F46Y:S65T:S72A:Q80R:N105Y:I171S,6,3.0263191924700896,1062.4761560939353,5.664779392928667,3
sfGFP,Y39N:L64M:S65T:S72A:V93F:T203I,6,3.0259854038782077,1061.6598754714726,5.660427248532342,3
avGFP,S65T:Q69H:S72A:K79R:V93F:F99C,6,3.0258965456665687,1061.4426782662879,0.2620080846249892,4
avGFP,S65T:S72A:K79R:L178V:T203I:A206V,6,3.025649581328631,1060.8392536777244,0.2618591344047819,4
avGFP,F46Y:S65T:S72A:N164T:I171S,5,3.0256242086689067,1060.7772783861176,0.26184383633190395,3
avGFP,S65T:S72A:R73L:V93F:N105Y:L178V,6,3.024505974618626,1058.049471554409,0.26117050044873563,4
avGFP,S30C:Y39N:S65T:S72A:I167V,5,3.0244046620970706,1057.8026778183023,0.26110958151696595,3
sfGFP,L64M:S65T:S72A:K79R:N149H:L178V,6,3.0241186457079845,1057.10626257275,5.636148856622927,4
sfGFP,S65T:S72A:R73L:N105Y:M153I:H231Y,6,3.023844116599279,1056.4382487068735,5.632587222641869,4
avGFP,S65T:Q69H:S72A:S147N:S202T,5,3.023790181522525,1056.3070576776715,0.26074040042372665,3
avGFP,F46Y:S65T:S72A:Q80R:M153I,5,3.0235883990012296,1055.8163887831702,0.2606192829862373,3
sfGFP,S65T:S72A:V93F:I171S:T203I:H231Y,6,3.023542676863846,1055.7052392223327,5.6286790530335145,4
avGFP,S30C:S65T:Q69H:S72A:M153I,5,3.0232662900054796,1055.0335976512624,0.2604260576625038,3
avGFP,S65T:S72A:Q80R:N149H,4,3.0230170109561967,1054.428196664075,0.2602766195851296,2
sfGFP,S65T:S72A:I171S:S202T:H231Y,5,3.0230037975202633,1054.396116110314,5.621699231806247,3
avGFP,S65T:S72A:Y145L:K158G:I171S:L178V,6,3.022788182101201,1053.872766990845,0.2601395165009908,4
sfGFP,S65T:S72A:S147N:M153I:N164T,5,3.0227151272815846,1053.6955047575284,5.617963798562922,3
avGFP,S65T:S72A:R73L:V93F:S147N,5,3.0226129889656885,1053.447723506945,0.2600345981371646,3
avGFP,S65T:S72A:M153I:V163A:T203I,5,3.022553879187327,1053.3043534512246,0.2599992084600195,3
avGFP,S30C:S65T:S72A:Y145L:S147N:I167V,6,3.022448176347903,1053.0480211294946,0.2599359350096306,4
avGFP,S65T:Q69H:S72A:H231Y,4,3.0223566239149187,1052.826054350628,0.2598811444007998,2
avGFP,S65T:S72A:R73L:Q80R:I171S:H231Y,6,3.022263835483361,1052.601138660473,0.25982562587833385,4
sfGFP,Y39N:S65T:S72A:F99C:N105Y:I167V,6,3.0221999719623813,1052.4463637891643,5.611303782734929,3
avGFP,S65T:S72A:Q80R:V93F:L178V,5,3.0221185994367925,1052.2491883709743,0.2597387499469973,3
avGFP,S30C:S65T:Q69H:S72A:L178V,5,3.0213873902185933,1050.4790370535436,0.25930180317099805,3
avGFP,S65T:S72A:V93F:N149H,4,3.0212749351724377,1050.20706404792,0.2592346689510047,2
avGFP,F46Y:S65T:S72A:N149H:L178V,5,3.0212101927775135,1050.050516231727,0.2591960264559244,3
avGFP,L64M:S65T:S72A:L178V,4,3.021201607874678,1050.0297595955449,0.2591909028570709,2
avGFP,L64M:S65T:S72A:N149H:V163A,5,3.021038787107998,1049.6361681197554,0.25909374815356423,3
avGFP,S65T:S72A:F99C:V163A:I171S:S202T,6,3.0209891415691104,1049.5161878366212,0.25906413204256695,4
sfGFP,Y39N:S65T:S72A:M153I:I171S,5,3.020795443513811,1049.0482014226561,5.593185879535678,2
sfGFP,S65T:S72A:M153I:I171S,4,3.020795443513811,1049.0482014226561,5.593185879535678,2
avGFP,S30C:S65T:S72A:V93F:S147N:N164T,6,3.020471872370279,1048.2668990549137,0.2587557557472278,4
avGFP,F46Y:S65T:S72A:N105Y:L178V,5,3.0204433159029134,1048.197973897906,0.2587387421592688,3
sfGFP,S65T:S72A:N149H:I167V:T203I,5,3.0203553717714127,1047.9857365072307,5.587521160074361,3
avGFP,L64M:S65T:S72A:A206V,4,3.0203476631117048,1047.967135088005,0.25868176156514194,2
avGFP,S65T:S72A:Y145L:S147N:M153I,5,3.0203091931368644,1047.874309861156,0.258658848448504,3
avGFP,Y39N:S65T:Q69H:S72A:F99C,5,3.0199720558680054,1047.0611740495774,0.258458132799045,3
avGFP,S65T:S72A:N149H:N164T:L178V,5,3.019889239016845,1046.861526009719,0.2584088513808455,3
sfGFP,S65T:S72A:Y145L:N149H:M153I:I167V,6,3.0197477166949156,1046.5204437639493,5.579708692858847,4
avGFP,S30C:L64M:S65T:S72A:Y145L:A206V,6,3.0195928932346563,1046.1474317965665,0.25823258330640225,4
sfGFP,F46Y:S65T:S72A:V93F:N149H:T203I,6,3.0195079544671586,1045.9428476069615,5.576629136871852,4
avGFP,L64M:S65T:S72A:K79R:I171S,5,3.0194933101806423,1045.9075793059876,0.25817337776197125,3
avGFP,L64M:S65T:S72A:S147N:N164T,5,3.019213293216059,1045.2334342693239,0.25800697080148965,3
avGFP,S65T:Q69H:S72A:Y145L:I171S:T203I,6,3.0191158315188065,1044.9988957267362,0.25794907695986036,4
sfGFP,Y39N:S65T:S72A:Q80R:I171S:S202T,6,3.018620062102869,1043.806656544165,5.565239656700949,2
sfGFP,S65T:S72A:V163A:I171S:S202T,5,3.018620062102869,1043.806656544165,5.565239656700949,2
sfGFP,Y39N:S65T:S72A:I171S:S202T:A206V,6,3.018620062102869,1043.806656544165,5.565239656700949,2
sfGFP,S65T:S72A:Q80R:I171S:S202T,5,3.018620062102869,1043.806656544165,5.565239656700949,2
sfGFP,S65T:S72A:I171S:S202T,4,3.018620062102869,1043.806656544165,5.565239656700949,2
avGFP,S65T:S72A:Y145L:N149H:L178V:S202T,6,3.0180682640640186,1042.481277701358,0.2573276243933175,4
sfGFP,S30C:S65T:S72A:V93F:N105Y,5,3.0179931794162718,1042.301059953281,5.557212302399223,3
avGFP,S65T:S72A:Y145L:I171S:S202T:T203I,6,3.017980309813449,1042.2701735329522,0.25727551512736,4
sfGFP,L64M:S65T:S72A:N105Y:I171S:T203I,6,3.01784426241354,1041.9437223680309,5.55530709391277,4
avGFP,S65T:S72A:N105Y:Y145L:S147N:N149H,6,3.0176478615943108,1041.4726311054262,0.2570786485719427,4
sfGFP,S65T:S72A:S147N:N149H:K158G:I171S,6,3.0176076285902096,1041.376153637797,5.552281000923615,4
avGFP,S65T:S72A:N164T:I171S:L178V:A206V,6,3.0175442698954837,1041.224239616532,0.2570173352485058,4
sfGFP,S65T:S72A:V93F:N149H:M153I:V163A,6,3.017452329993788,1041.0038363511499,5.550295925511868,3
avGFP,F46Y:S65T:S72A:N105Y:T203I,5,3.017417965031439,1040.9214667982321,0.25694259835708094,3
sfGFP,L64M:S65T:S72A:S147N:N164T:I171S,6,3.0173980251672887,1040.8736758245316,5.549601951661509,4
avGFP,S65T:S72A:K79R:Q80R:I167V,5,3.017261066595983,1040.5454789405724,0.2568497889567763,3
sfGFP,S65T:S72A:K79R:F99C:I171S,5,3.0165825122369156,1038.9209697710398,5.539190754244209,3
sfGFP,S65T:S72A:N105Y:V163A:I167V,5,3.0163061562824165,1038.2600802636896,5.535667105039691,2
sfGFP,S65T:S72A:N105Y:I167V,4,3.0163061562824165,1038.2600802636896,5.535667105039691,2
sfGFP,Y39N:S65T:S72A:Q80R:N105Y:I167V,6,3.0163061562824165,1038.2600802636896,5.535667105039691,2
avGFP,S30C:F46Y:S65T:S72A:Q80R:I167V,6,3.016223021986444,1038.0613516047763,0.2562366032817104,4
avGFP,S65T:Q69H:S72A:N105Y:I167V,5,3.0155387983395325,1036.4271910505006,0.25583322466733727,3
avGFP,F46Y:S65T:S72A:V93F:A206V,5,3.015418148283769,1036.1393042915759,0.25576216227288184,3
avGFP,S65T:S72A:S147N:N164T:L178V,5,3.014458628301986,1033.8526095737009,0.25519771115797935,3
avGFP,S65T:Q69H:S72A:Y145L:V163A:H231Y,6,3.014334179367789,1033.5563971459637,0.25512459364308887,4
avGFP,S65T:Q69H:S72A:K79R:V163A:H231Y,6,3.013994092654343,1032.7473580648075,0.254924889236642,4
sfGFP,S65T:S72A:S147N:V163A:I171S:A206V,6,3.013822453765133,1032.3392833742278,5.504099330067267,2
sfGFP,S65T:S72A:S147N:I171S,4,3.013822453765133,1032.3392833742278,5.504099330067267,2
avGFP,S65T:S72A:S202T:A206V,4,3.013795557703511,1032.2753520963079,0.2548083785834807,2
avGFP,S65T:S72A:F99C:A206V:H231Y,5,3.013590974184061,1031.7891916700048,0.25468837402296673,3
avGFP,Y39N:S65T:Q69H:S72A:S202T,5,3.0133500898814582,1031.2170616631008,0.2545471486037003,3
sfGFP,S65T:Q69H:S72A:M153I:T203I,5,3.0133278539958894,1031.1642646819362,5.497834510253455,3
sfGFP,F46Y:S65T:S72A:V93F:N149H:A206V,6,3.0131800630847865,1030.8134179982287,5.495963909155686,3
avGFP,S65T:Q69H:S72A:N105Y:T203I,5,3.0131666094456406,1030.7814858012355,0.2544396304120796,3
avGFP,S30C:S65T:S72A:V93F:S202T:A206V,6,3.0130863319834327,1030.590967897287,0.25439260269016645,4
avGFP,Y39N:S65T:Q69H:S72A:N105Y:S202T,6,3.012949459709318,1030.266217964841,0.2543124409352978,4
avGFP,S65T:S72A:K158G:I167V:T203I,5,3.0128949315716747,1030.136870312807,0.2542805125690713,3
avGFP,S65T:S72A:R73L:N149H:V163A:I171S,6,3.012356209636932,1028.8598260630083,0.2539652850728322,4
sfGFP,Y39N:L64M:S65T:S72A:S147N:T203I,6,3.012172631673123,1028.425014924257,5.48322971607489,3
sfGFP,L64M:S65T:S72A:S147N:T203I,5,3.012172631673123,1028.425014924257,5.48322971607489,3
avGFP,S65T:S72A:V163A:S202T,4,3.0120113710269694,1028.043214779971,0.25376371153284494,2
avGFP,L64M:S65T:S72A:N105Y:Y145L:L178V,6,3.0119430198586237,1027.881429566208,0.2537237762307823,4
avGFP,S65T:S72A:N149H:N164T:I167V:I171S,6,3.0118885950389997,1027.7526258199107,0.2536919821230543,4
avGFP,F46Y:S65T:S72A:T203I,4,3.011745552392943,1027.4141728731595,0.25360843789581566,2
avGFP,S65T:S72A:R73L:V93F:F99C:A206V,6,3.0114276650622167,1026.6624192554714,0.2534228739181149,4
sfGFP,S65T:S72A:V93F:N105Y:S147N:A206V,6,3.010565873362373,1024.62718297368,5.462980903856337,3
avGFP,S65T:S72A:Q80R:S147N:V163A:N164T,6,3.010172206589836,1023.6988292083128,0.2526913369564224,3
avGFP,F46Y:S65T:S72A:F99C,4,3.010159968904455,1023.6699835097932,0.25268421664142704,2
avGFP,F46Y:S65T:Q69H:S72A:S147N,5,3.0100735786996298,1023.4663745116812,0.25263395749441886,3
sfGFP,L64M:S65T:S72A:K79R:N149H,5,3.009502272448116,1022.1209088390059,5.449618260384575,3
avGFP,S65T:S72A:N105Y:N149H:M153I,5,3.009248092064063,1021.522865154181,0.2521542187627512,3
sfGFP,F46Y:S65T:S72A:S147N:I171S:T203I,6,3.008555435573339,1019.8949363527802,5.437750094687987,4
avGFP,S65T:S72A:N105Y:Y145L:T203I,5,3.0080235287036374,1018.646573613944,0.2514442306939546,3
avGFP,Y39N:S65T:S72A:K79R,4,3.0079995239619643,1018.5902715582876,0.25143033301105094,2
avGFP,Y39N:S65T:S72A:N105Y:N149H:V163A,6,3.0079894563189105,1018.5666592748278,0.2514245045199891,4
avGFP,Y39N:S65T:S72A:H231Y,4,3.0078877491198903,1018.3281496075447,0.25136563044005156,2
avGFP,S30C:S65T:S72A:M153I:V163A:I171S,6,3.0078695746463753,1018.2855352260451,0.251355111442933,4
sfGFP,F46Y:S65T:S72A:F99C,4,3.0072806027759174,1016.9055152787626,5.421811467924691,2
avGFP,S65T:Q69H:S72A:R73L:H231Y,5,3.0072687929526842,1016.87786281806,0.25100763949843,3
sfGFP,S65T:S72A:V93F:N149H,4,3.0071337051954323,1016.5616110726811,5.419977881873298,2
sfGFP,S65T:S72A:N149H:V163A:T203I,5,3.0071224696310885,1016.535312107062,5.4198376642904,2
sfGFP,S65T:S72A:N149H:T203I,4,3.0071224696310885,1016.535312107062,5.4198376642904,2
sfGFP,Y39N:S65T:S72A:N149H:T203I,5,3.0071224696310885,1016.535312107062,5.4198376642904,2
sfGFP,S65T:S72A:Q80R:N149H:T203I,5,3.0071224696310885,1016.535312107062,5.4198376642904,2
avGFP,L64M:S65T:S72A:R73L:V93F,5,3.0070641022699665,1016.3987031947062,0.25088936302649695,3
avGFP,S65T:S72A:Q80R:Y145L:S147N:I167V,6,3.0069343684528795,1016.0951267140159,0.25081442775785595,4
avGFP,Y39N:L64M:S65T:S72A:N149H,5,3.0065805097663723,1015.2675600255882,0.25061014996935727,3
avGFP,S65T:Q69H:S72A:Y145L:V163A,5,3.006296567765464,1014.6039944102747,0.2504463544489291,3
sfGFP,Y39N:S65T:S72A:V93F:M153I:K158G,6,3.0062510457149574,1014.4976508216024,5.4089735130401015,3
avGFP,S65T:S72A:R73L:L178V:S202T,5,3.006238707984992,1014.4688306988528,0.2504129904379791,3
avGFP,Y39N:L64M:S65T:S72A:S147N:I167V,6,3.006082469077603,1014.103937748689,0.25032291972109244,4
avGFP,S65T:S72A:S147N:V163A:A206V,5,3.0058790126028585,1013.628965813829,0.25020567694439666,3
avGFP,S65T:S72A:V163A:N164T,4,3.005061171454104,1011.7219477681112,0.24973494578223923,2
sfGFP,Y39N:S65T:S72A:N149H:M153I:S202T,6,3.0048581630062134,1011.2491347009254,5.3916534752468195,3
sfGFP,S65T:S72A:V93F:M153I,4,3.004521759101303,1010.4661258180253,5.387478725009939,2
sfGFP,Y39N:S65T:S72A:V93F:M153I:A206V,6,3.004521759101303,1010.4661258180253,5.387478725009939,2
sfGFP,S65T:S72A:Q80R:V93F:M153I,5,3.004521759101303,1010.4661258180253,5.387478725009939,2
sfGFP,S65T:Q69H:S72A:S147N:M153I:H231Y,6,3.0041866887744657,1009.6868236352167,5.383323737699666,4
avGFP,S65T:Q69H:S72A:S147N:I167V:L178V,6,3.004129832129367,1009.5546468516332,0.2491999660103123,4
sfGFP,S30C:S65T:S72A:S147N:N149H,5,3.0036984789509216,1008.5524273144357,5.377275503238575,3
sfGFP,S30C:S65T:S72A:Q80R:S147N:N149H,6,3.0036984789509216,1008.5524273144357,5.377275503238575,3
avGFP,F46Y:S65T:Q69H:S72A,4,3.003687266142155,1008.5263883938778,0.24894614916788427,2
sfGFP,L64M:S65T:S72A:N164T,4,3.0032275795388346,1007.4594607221975,5.371448158696904,2
sfGFP,L64M:S65T:S72A:N164T:H231Y,5,3.00307971095866,1007.1164993257244,5.369619599401555,3
sfGFP,L64M:S65T:S72A:R73L:N149H:T203I,6,3.0030498343910184,1007.0472188017369,5.369250218044275,4
avGFP,L64M:S65T:S72A:V93F,4,3.0029525577521308,1006.8216778326837,0.24852535588519092,2
avGFP,S65T:S72A:N105Y:Y145L:V163A,5,3.0023362488174787,1005.3939067156695,0.24817292274554856,3
avGFP,S65T:S72A:F99C:I167V:A206V:H231Y,6,3.0021181254532663,1004.8890768174766,0.24804830978491,4
sfGFP,Y39N:L64M:S65T:S72A:N105Y,5,3.0020327719595725,1004.6916016728871,5.3566908290240125,2
sfGFP,L64M:S65T:S72A:N105Y,4,3.0020327719595725,1004.6916016728871,5.3566908290240125,2
sfGFP,S65T:Q69H:S72A:S147N:N149H:I171S,6,3.00202384383836,1004.6709476775598,5.356580708597835,4
avGFP,S65T:Q69H:S72A:N105Y:N164T:L178V,6,3.00199821286889,1004.6116562713718,0.24797983088594647,4
sfGFP,S65T:S72A:R73L:L178V:T203I:A206V,6,3.001919503196464,1004.4296012540663,5.355293927488893,3
avGFP,S65T:S72A:R73L:Q80R:N105Y:A206V,6,3.0018100596230233,1004.1765137306741,0.24787241965596532,4
sfGFP,L64M:S65T:S72A:N164T:L178V,5,3.0018016138825816,1004.1569856637028,5.353840429290723,3
sfGFP,Y39N:L64M:S65T:S72A:N164T:L178V,6,3.0018016138825816,1004.1569856637028,5.353840429290723,3
sfGFP,S65T:S72A:R73L:K79R:I167V:I171S,6,3.001162214542308,1002.6796818261944,5.34596392280367,4
avGFP,S30C:S65T:S72A:Y145L:M153I:S202T,6,3.000502433577341,1001.1575655277998,0.24712721800503007,4
sfGFP,S30C:F46Y:S65T:S72A:Q80R:A206V,6,3.0004577933502015,1001.0546639110976,5.337299852607099,2
sfGFP,S30C:F46Y:S65T:S72A,4,3.0004577933502015,1001.0546639110976,5.337299852607099,2
sfGFP,S65T:S72A:Y145L:I171S,4,3.000250688636474,1000.577398547731,5.334755227977313,2
sfGFP,S65T:S72A:Y145L:V163A:I171S,5,3.000250688636474,1000.577398547731,5.334755227977313,2
sfGFP,S65T:S72A:Q80R:Y145L:I171S,5,3.000250688636474,1000.577398547731,5.334755227977313,2
sfGFP,S65T:Q69H:S72A:Q80R:Y145L:M153I,6,3.0001472623468666,1000.3391415801609,5.333484918848613,3
avGFP,S65T:S72A:R73L:V93F:L178V,5,2.9999341651424216,999.848421127579,0.24680406686006234,3
avGFP,S65T:S72A:Y145L:S147N:N149H,5,2.999878649906341,999.7206201171372,0.24677252026913982,3
avGFP,S65T:S72A:Q80R:F99C:I171S,5,2.9994627034518033,998.7635939581714,0.2465362865129692,3
avGFP,L64M:S65T:S72A:R73L:V93F:N149H,6,2.9994235419107,998.6735367279957,0.24651405665273454,4
avGFP,F46Y:S65T:S72A:V93F:M153I:I167V,6,2.999393175334567,998.6037102921517,0.24649682059177122,4
avGFP,S65T:S72A:R73L:Q80R:F99C,5,2.9993181971765606,998.4313226449318,0.2464542681693127,3
avGFP,S65T:S72A:V93F:F99C:Y145L:S202T,6,2.999111445137261,997.9561183951992,0.24633696804766933,4
avGFP,S30C:S65T:S72A:K79R:N149H,5,2.9990965563253233,997.9219062951205,0.24632852308215572,3
sfGFP,S65T:S72A:N105Y:S147N:N164T:I171S,6,2.9990042128263985,997.7097419504778,5.319465810040785,4
avGFP,S65T:Q69H:S72A:T203I:A206V,5,2.9986413714583873,996.8765303858246,0.24607048094260742,3
avGFP,S65T:Q69H:S72A:K79R:M153I:A206V,6,2.99846170000151,996.4641990729364,0.24596870046992356,4
sfGFP,F46Y:L64M:S65T:S72A,4,2.9984374350075473,996.4085259678847,5.312528147071442,2
avGFP,L64M:S65T:S72A:S147N:N149H:I167V,6,2.99808139774998,995.5919989409564,0.24575340529603534,4
sfGFP,S65T:S72A:Q80R:F99C:N105Y:M153I,6,2.9976741596053973,994.6588694110332,5.30319954392952,3
sfGFP,S65T:S72A:F99C:N105Y:M153I,5,2.9976741596053973,994.6588694110332,5.30319954392952,3
avGFP,S30C:Y39N:S65T:S72A:M153I:I167V,6,2.997578293349136,994.4393324319575,0.24546887938576434,4
avGFP,S30C:S65T:S72A:Q80R:M153I:A206V,6,2.997452642305854,994.1516606543831,0.24539787005762423,4
avGFP,L64M:S65T:S72A:R73L:V163A,5,2.9973587762748943,993.9368133775889,0.2453448368372419,3
avGFP,S65T:S72A:K79R:S202T:T203I,5,2.997231149397745,993.6447663463184,0.24527274751499173,3
avGFP,S65T:S72A:K79R:F99C:S147N:N149H,6,2.9968864037063585,992.8563178599915,0.24507812572150459,4
sfGFP,S65T:S72A:F99C:N105Y,4,2.9967504013237196,992.5454465739134,5.291931456577541,2
sfGFP,S65T:S72A:F99C:N105Y:V163A,5,2.9967504013237196,992.5454465739134,5.291931456577541,2
avGFP,S65T:S72A:K79R:Q80R:L178V:A206V,6,2.9964217084459923,991.7945293816276,0.24481603227907076,4
sfGFP,Y39N:F46Y:S65T:S72A:I171S,5,2.995901814914988,990.6079634088654,5.281601422680254,2
sfGFP,F46Y:S65T:S72A:I171S,4,2.995901814914988,990.6079634088654,5.281601422680254,2
sfGFP,S65T:S72A:K79R:V93F:F99C,5,2.9958648258784915,990.5235965212078,5.281151605708921,3
avGFP,L64M:S65T:S72A:V93F:M153I,5,2.995509777952874,989.7141466052351,0.24430250750972596,3
sfGFP,S65T:S72A:F99C:Y145L:N149H,5,2.99535286133924,989.3566137658586,5.274929630913072,3
sfGFP,S30C:S65T:S72A:K79R:N105Y,5,2.995221218350297,989.0567662435346,5.273330940857075,3
sfGFP,S65T:S72A:F99C:M153I:S202T,5,2.994180990443275,986.6905992188069,5.2607153032025025,3
sfGFP,F46Y:L64M:S65T:S72A:I167V:S202T,6,2.9941158031613857,986.5425088009405,5.2599257329682825,4
avGFP,S65T:S72A:R73L:V93F:I167V:L178V,6,2.9939378890441706,986.1384422059666,0.24341987533370707,4
avGFP,S65T:S72A:V93F:L178V:T203I,5,2.9938085968965495,985.844906401397,0.2433474185204482,3
avGFP,S65T:S72A:F99C:N149H:L178V,5,2.9937441875872857,985.6987086398699,0.2433113308482088,3
avGFP,Y39N:F46Y:S65T:S72A:K79R:L178V,6,2.9936168912564396,985.4098322050912,0.2432400241606981,4
avGFP,S65T:S72A:F99C:N149H:I171S:S202T,6,2.9935792638318377,985.3244596537224,0.24321895067352664,4
sfGFP,S65T:S72A:R73L:K79R:N105Y:A206V,6,2.993413885458294,984.9493217196257,5.2514313744873435,3
avGFP,S30C:L64M:S65T:S72A:N105Y,5,2.9933680485880747,984.8453724093856,0.2431006920677374,3
sfGFP,S65T:S72A:S147N:I167V,4,2.993186013788489,984.4326603652386,5.248676703169152,2
avGFP,L64M:S65T:S72A:F99C:Y145L:I167V,6,2.9931621718658357,984.3786184096393,0.24298547781833083,4
avGFP,S65T:S72A:V93F:N149H:M153I:I167V,6,2.9926420199659396,983.2003397834945,0.24269462977508555,4
avGFP,S30C:F46Y:S65T:S72A:L178V,5,2.9926330619351056,983.1800598847334,0.24268962385480405,3
sfGFP,Y39N:S65T:S72A:S147N:M153I,5,2.992586097212715,983.073744276523,5.241431401886932,2
sfGFP,S65T:S72A:S147N:M153I:V163A,5,2.992586097212715,983.073744276523,5.241431401886932,2
sfGFP,S65T:S72A:S147N:M153I,4,2.992586097212715,983.073744276523,5.241431401886932,2
sfGFP,S65T:Q69H:S72A:N149H:S202T,5,2.992459471167418,982.7871539561804,5.239903394946185,3
avGFP,S65T:S72A:K79R:F99C:N149H:I167V,6,2.9924308348270223,982.7223534560239,0.24257664292124803,4
sfGFP,S30C:S65T:S72A:N149H:V163A:I167V,6,2.992299935126744,982.426198007175,5.237978894513914,3
sfGFP,S30C:S65T:S72A:N149H:I167V,5,2.992299935126744,982.426198007175,5.237978894513914,3
avGFP,L64M:S65T:S72A:K79R:S202T,5,2.9921032434832213,981.9813586638653,0.24239373466799438,3
sfGFP,S65T:S72A:Y145L:T203I,4,2.99172732513821,981.1317390952847,5.23107725806117,2
sfGFP,S65T:S72A:Q80R:Y145L:T203I,5,2.99172732513821,981.1317390952847,5.23107725806117,2
avGFP,Y39N:S65T:S72A:S147N:N164T:I171S,6,2.9917106636965767,981.0940992994359,0.2421747222508383,4
avGFP,S65T:S72A:N149H:I171S:S202T:A206V,6,2.991498979872839,980.6160109212975,0.2420567102066626,4
avGFP,S30C:S65T:S72A:R73L:K79R:Q80R,6,2.9908830117480893,979.2261704315075,0.24171363991928835,4
avGFP,S65T:S72A:K79R:N105Y:N164T,5,2.990698547358402,978.8103373746546,0.24161099507093184,3
avGFP,F46Y:S65T:S72A:L178V:A206V,5,2.9904989231525283,978.3605289044335,0.24149996368116028,3
sfGFP,S65T:S72A:R73L:V93F:N105Y:T203I,6,2.990428584919919,978.2020866932097,5.21545729853499,4
avGFP,S30C:S65T:S72A:M153I:I167V:A206V,6,2.990256706029123,977.8150243875039,0.2413653105373198,4
avGFP,S65T:S72A:K79R:N149H:K158G:L178V,6,2.9901758868933737,977.633076847673,0.24132039833679364,4
avGFP,Y39N:S65T:S72A:N149H:V163A,5,2.9899850013328937,977.2034719599673,0.24121435402928834,3
sfGFP,F46Y:S65T:S72A:N105Y,4,2.9899822889295544,977.197368816147,5.210100467614081,2
avGFP,L64M:S65T:S72A:Y145L:N164T,5,2.989967724961476,977.1645992709413,0.24120475863708823,3
avGFP,S65T:S72A:F99C:Y145L:I167V,5,2.9896010296686244,976.3398813837568,0.24100118405091264,3
avGFP,S65T:Q69H:S72A:M153I:S202T,5,2.989329325549677,975.7292528482332,0.2408504555977556,3
avGFP,S65T:S72A:Y145L:A206V,4,2.989297859298238,975.6585601936956,0.24083300571808552,2
sfGFP,S65T:S72A:Q80R:Y145L:I171S:L178V,6,2.989261348165349,975.576540035751,5.201458732529496,3
sfGFP,S65T:S72A:N105Y:Y145L:M153I:K158G,6,2.9888441935600945,974.6399155251592,5.1964649534257665,4
avGFP,S65T:S72A:N105Y:Y145L:I167V:T203I,6,2.988170644272843,973.129513594652,0.2402087321054727,4
sfGFP,S30C:Y39N:S65T:S72A:I171S:S202T,6,2.9881441146135552,973.0700700442559,5.188095044812479,3
avGFP,S65T:S72A:N149H:K158G:L178V,5,2.987951027867325,972.6375405497413,0.24008729274956253,3
avGFP,S65T:Q69H:S72A:M153I:I171S:H231Y,6,2.987438047717525,971.4893583445437,0.2398038737514913,4
sfGFP,Y39N:S65T:S72A:M153I:I171S:S202T,6,2.9872444361539903,971.0563580154753,5.177358583256612,3
sfGFP,L64M:S65T:Q69H:S72A:T203I,5,2.9865987793218194,969.6137807372655,5.1696672275575315,3
avGFP,Y39N:S65T:Q69H:S72A:K79R:I167V,6,2.9861000116871557,968.5008622105496,0.2390661889343932,4
avGFP,S65T:S72A:N105Y:Y145L:N149H:I171S,6,2.9856977122594004,967.6041274992028,0.23884483760855385,4
sfGFP,L64M:S65T:S72A:M153I:N164T:A206V,6,2.9855072942615157,967.1799709374538,5.156690940493389,3
sfGFP,Y39N:L64M:S65T:S72A:M153I:N164T,6,2.9855072942615157,967.1799709374538,5.156690940493389,3
avGFP,S30C:S65T:S72A:K79R:N149H:L178V,6,2.9849078861411447,965.846001328106,0.23841085913750673,4
sfGFP,S30C:F46Y:S65T:S72A:V93F:N105Y,6,2.984871690907072,965.7655085592469,5.149149484352296,4
avGFP,S65T:S72A:L178V:S202T:H231Y,5,2.984853163022396,965.7243079199815,0.23838082015619663,3
avGFP,S65T:S72A:R73L:Q80R:F99C:N105Y,6,2.9846952626963006,965.3732547242697,0.23829416566482065,4
avGFP,Y39N:S65T:S72A:V163A:L178V,5,2.9844968592743566,964.9323335942327,0.23818532803927842,3
avGFP,S65T:S72A:K79R:K158G:I167V:T203I,6,2.984302093120085,964.499691614149,0.23807853405138713,4
avGFP,S65T:S72A:Q80R:V163A:I167V,5,2.9841786649095896,964.225615933286,0.23801088080391972,2
avGFP,S65T:Q69H:S72A:V93F:S147N,5,2.9835213921395893,962.767435054389,0.2376509412735622,3
avGFP,L64M:S65T:S72A:K79R:Y145L:K158G,6,2.9832430897525333,962.1506769450331,0.23749869978731142,4
avGFP,S65T:S72A:N105Y:N164T:I167V:I171S,6,2.9832107816104596,962.0791030571799,0.237481032382703,4
avGFP,S65T:Q69H:S72A:V163A:H231Y,5,2.9830936604938247,961.8196832600496,0.23741699681530812,3
avGFP,S65T:S72A:Q80R:N105Y:K158G,5,2.9828583447671586,961.2986773501458,0.23728839094395276,3
avGFP,S65T:Q69H:S72A:N105Y:S147N:A206V,6,2.982707759401279,960.9654186381739,0.23720612886932904,4
sfGFP,S30C:Y39N:S65T:S72A:S147N:I167V,6,2.9826440954106905,960.8245593549555,5.122805940477507,3
avGFP,S65T:S72A:N149H:V163A:S202T,5,2.982358747490531,960.1934685836206,0.23701557957320502,3
avGFP,Y39N:L64M:S65T:S72A:R73L,5,2.982326077227701,960.1212397287526,0.23699775049556746,3
avGFP,F46Y:S65T:S72A:F99C:N149H:I167V,6,2.9823038136116176,960.0720214594153,0.2369856013849827,4
sfGFP,S65T:S72A:M153I:V163A:L178V,5,2.9822029523878535,959.8490787340357,5.117604993154696,2
sfGFP,S65T:S72A:M153I:L178V,4,2.9822029523878535,959.8490787340357,5.117604993154696,2
sfGFP,S30C:S65T:S72A:I167V:I171S,5,2.982154046594187,959.7409964535167,5.117028733375205,3
avGFP,F46Y:S65T:S72A:Y145L:T203I,5,2.9821005955869824,959.6228831263834,0.23687473541286863,3
avGFP,S30C:S65T:S72A:N149H:L178V,5,2.9820055907027583,959.4129820257931,0.2368229231139547,3
avGFP,S30C:S65T:S72A:Q80R:I167V,5,2.981997394186888,959.3948750273074,0.2368184535555992,3
avGFP,S65T:S72A:R73L:Q80R:V93F,5,2.98196854687186,959.3311508765211,0.23680272379172804,3
avGFP,S30C:Y39N:S65T:Q69H:S72A:I171S,6,2.9819056794333716,959.1922904266997,0.23676844727238996,4
sfGFP,L64M:S65T:S72A:R73L:F99C:H231Y,6,2.9817422206239486,958.8313396566788,5.11217873740324,4
avGFP,S65T:Q69H:S72A:S147N:V163A:N164T,6,2.9814108013766987,958.0999144269098,0.23649880356081174,4
avGFP,S65T:S72A:R73L:Q80R:S147N:A206V,6,2.981399922217461,958.0759141427321,0.23649287929507737,4
sfGFP,S65T:S72A:V93F:N105Y:V163A:I171S,6,2.980914049518711,957.0046533906483,5.10243943675371,3
avGFP,S30C:S65T:S72A:N164T:I171S,5,2.9808470015395985,956.8569188973315,0.23619198070115982,3
avGFP,S65T:S72A:R73L:I167V,4,2.9808428960437814,956.8478735290989,0.2361897479290527,2
avGFP,S30C:F46Y:S65T:S72A:I167V:T203I,6,2.9806282173792296,956.3750053010087,0.23607302443445544,4
sfGFP,S65T:S72A:K79R:V93F:Y145L:N149H,6,2.9806014341514273,956.3160268408307,5.098767902605432,4
avGFP,S30C:S65T:S72A:K158G:I171S,5,2.980522233560446,956.1416431178284,0.23601542096712658,3
avGFP,L64M:S65T:Q69H:S72A:K79R:S202T,6,2.9803737245375643,955.8147419210602,0.2359347281909827,4
avGFP,S30C:S65T:S72A:V93F:N105Y:S202T,6,2.9803307396960483,955.7201436387139,0.23591137741069676,4
avGFP,S65T:S72A:S147N:N149H:L178V:T203I,6,2.9800281282823087,955.0544407585004,0.2357470543246315,4
sfGFP,Y39N:S65T:S72A:V93F:S147N,5,2.97977827688556,954.5051520406402,5.089112903580319,2
sfGFP,S65T:S72A:V93F:S147N,4,2.97977827688556,954.5051520406402,5.089112903580319,2
sfGFP,S65T:S72A:V93F:F99C:Y145L:S147N,6,2.979592407496587,954.0967302496422,5.086935330623035,4
avGFP,Y39N:S65T:S72A:V93F:T203I,5,2.9795293062096397,953.9581138027027,0.23547643535321375,3
avGFP,S65T:S72A:K158G:T203I,4,2.979499289245597,953.8921817265614,0.23546016058177405,2
avGFP,S65T:S72A:I167V:L178V:S202T,5,2.9793138196420474,953.4848999390643,0.23535962654142528,3
avGFP,S65T:S72A:K79R:M153I:N164T,5,2.9791609017697422,953.1492308899656,0.23527676949561108,3
sfGFP,L64M:S65T:S72A:N105Y:Y145L:N164T,6,2.979097971683872,953.0111277826934,5.081147249216773,4
sfGFP,Y39N:S65T:S72A:M153I:N164T:T203I,6,2.979015393960663,952.8299373439017,5.080181200371371,3
avGFP,S65T:S72A:N105Y:S147N:I171S:H231Y,6,2.978804749039567,952.3679003424579,0.23508390470469664,4
sfGFP,L64M:S65T:Q69H:S72A:N149H:M153I,6,2.978803935689122,952.3661167413239,5.077708258859762,4
sfGFP,S65T:Q69H:S72A:V163A:L178V,5,2.9785966040894047,951.9115669514707,5.075284746324585,2
sfGFP,S65T:Q69H:S72A:L178V,4,2.9785966040894047,951.9115669514707,5.075284746324585,2
sfGFP,Y39N:S65T:Q69H:S72A:V163A:L178V,6,2.9785966040894047,951.9115669514707,5.075284746324585,2
sfGFP,S65T:Q69H:S72A:L178V:A206V,5,2.9785966040894047,951.9115669514707,5.075284746324585,2
sfGFP,Y39N:S65T:Q69H:S72A:L178V,5,2.9785966040894047,951.9115669514707,5.075284746324585,2
avGFP,S65T:S72A:F99C:M153I:I167V,5,2.9784467686235807,951.5832056263811,0.23489020949742417,3
avGFP,F46Y:S65T:S72A:R73L:I171S,5,2.978360402754991,951.3939880740669,0.23484350275623656,3
sfGFP,L64M:S65T:S72A:M153I:I167V:S202T,6,2.9782893038879252,951.2382469793836,5.07169482190054,4
avGFP,Y39N:S65T:S72A:N149H:I171S:H231Y,6,2.9782167801131965,951.0794109099519,0.2347658520625871,4
sfGFP,S30C:F46Y:S65T:S72A:N105Y,5,2.978065158061302,950.747425475681,5.069077920312836,3
avGFP,S65T:S72A:V93F:L178V:S202T:A206V,6,2.9779688439883243,950.5366003152301,0.23463186389049898,4
avGFP,S65T:S72A:Y145L:M153I:I171S:T203I,6,2.9776707037955266,949.8842873672094,0.23447084599515097,4
sfGFP,F46Y:S65T:S72A:S147N:N149H,5,2.977337774594047,949.1563871857213,5.060595018492753,3
avGFP,Y39N:S65T:S72A:V163A:I171S:T203I,6,2.9773276480716246,949.1342557938196,0.23428570708941837,4
sfGFP,F46Y:S65T:S72A:Q80R:F99C:S202T,6,2.977125765763745,948.6931521347404,5.058125198952966,3
sfGFP,L64M:S65T:S72A:I167V:I171S,5,2.9769915695123452,948.4000528608044,5.056562488375837,3
avGFP,S65T:S72A:N149H:K158G,4,2.9768180221732283,948.0211407846251,0.2340109441300066,2
sfGFP,S65T:S72A:S147N:M153I:V163A:I171S,6,2.9765895985654884,947.522646147345,5.051884439422818,3
avGFP,Y39N:S65T:Q69H:S72A:Y145L,5,2.976543512896728,947.4221040041316,0.23386307700284964,3
sfGFP,S65T:S72A:R73L:F99C:Y145L:I171S,6,2.976519156093868,947.3689706411983,5.051065091303404,4
avGFP,S65T:S72A:F99C:N105Y:N149H:A206V,6,2.9763978704487077,947.1044353576902,0.23378466320311864,4
sfGFP,S65T:Q69H:S72A:Y145L:I171S:A206V,6,2.9763624826840265,947.0272652695897,5.049243228726595,3
sfGFP,S65T:Q69H:S72A:Y145L:I171S,5,2.9763624826840265,947.0272652695897,5.049243228726595,3
avGFP,S65T:Q69H:S72A:N164T:I167V,5,2.9763527276739405,947.0059936275211,0.23376036370047296,3
avGFP,S30C:S65T:Q69H:S72A:K79R:L178V,6,2.9761416705166637,946.545882245883,0.23364678912476994,4
avGFP,S65T:Q69H:S72A:Q80R:T203I,5,2.9760183321597427,946.2771041641378,0.23358044354452412,3
avGFP,S65T:S72A:R73L:N105Y:M153I,5,2.9758927419055445,946.0034971877835,0.23351290599277266,3
sfGFP,Y39N:F46Y:L64M:S65T:S72A:I171S,6,2.9758355720111913,945.8789748585733,5.043120915467973,3
avGFP,S65T:S72A:Q80R:V93F:M153I:A206V,6,2.9755215018162695,945.1951876707303,0.23331338167301086,4
sfGFP,Y39N:S65T:S72A:Q80R:M153I:N164T,6,2.9753972202956342,944.9247410186247,5.038033249112758,2
sfGFP,S65T:S72A:M153I:N164T,4,2.9753972202956342,944.9247410186247,5.038033249112758,2
sfGFP,S65T:S72A:M153I:V163A:N164T,5,2.9753972202956342,944.9247410186247,5.038033249112758,2
avGFP,S65T:S72A:F99C:N105Y:I171S,5,2.9752900296628777,944.691547675094,0.23318906242968368,3
sfGFP,S30C:Y39N:S65T:S72A:V93F:I167V,6,2.975009179633804,944.0808310057786,5.033533793738783,3
avGFP,S65T:S72A:V93F:F99C:V163A,5,2.974837260361529,943.7071823057112,0.23294608022227478,3
avGFP,Y39N:S65T:S72A:N105Y:Y145L,5,2.974814143197043,943.6569508280862,0.2329336810098539,3
sfGFP,S65T:S72A:V93F:F99C:M153I,5,2.9747816276344095,943.5863020186712,5.030897125048099,3
sfGFP,S65T:S72A:V93F:F99C,4,2.974752862985471,943.5238074878287,5.03056392441253,2
sfGFP,S65T:S72A:N149H:I171S,4,2.974109664757511,942.1274653903415,5.023119079750411,2
avGFP,Y39N:S65T:S72A:Y145L:S202T,5,2.9736569075495556,941.1457979931587,0.2323138243205086,3
avGFP,S30C:S65T:S72A:I171S:H231Y,5,2.9734703422124484,940.7415849957162,0.23221404778484733,3
avGFP,Y39N:L64M:S65T:S72A:T203I:H231Y,6,2.973170863442729,940.0930964037791,0.2320539738992258,4
sfGFP,S65T:S72A:F99C:Y145L,4,2.973162457140559,940.0748999253924,5.012175464233215,2
sfGFP,S65T:S72A:F99C:Y145L:V163A,5,2.973162457140559,940.0748999253924,5.012175464233215,2
avGFP,S30C:S65T:S72A:Q80R:S202T,5,2.973145393994733,940.0379657236829,0.23204036536040232,3
avGFP,S65T:S72A:K79R:F99C:A206V,5,2.972942987981997,939.5999564624742,0.23193224650487942,3
sfGFP,L64M:S65T:S72A:Y145L,4,2.972919275100327,939.5486548336194,5.009369695525459,2
sfGFP,Y39N:L64M:S65T:S72A:Y145L:V163A,6,2.972919275100327,939.5486548336194,5.009369695525459,2
sfGFP,Y39N:L64M:S65T:S72A:Q80R:Y145L,6,2.972919275100327,939.5486548336194,5.009369695525459,2
sfGFP,L64M:S65T:Q69H:S72A:V93F:T203I,6,2.9728574680411155,939.414951529159,5.008656832728934,4
avGFP,S65T:S72A:N149H:V163A:L178V:A206V,6,2.972479223969424,938.5971344456104,0.2316847084312386,4
avGFP,S65T:Q69H:S72A:K79R:V93F:S147N,6,2.9721770793306814,937.9443666179252,0.23152357825271966,4
avGFP,F46Y:S65T:S72A:Y145L:V163A,5,2.9721709297334735,937.9310854470574,0.23152029990880915,3
avGFP,S65T:Q69H:S72A:Y145L:K158G:I171S,6,2.971703281273815,936.9216644753388,0.2312711329393669,4
sfGFP,Y39N:F46Y:S65T:S72A:I171S:S202T,6,2.971702854966722,936.9207447856538,4.995358528685806,3
avGFP,S65T:S72A:V93F:F99C:T203I,5,2.9715798238827116,936.6553625306143,0.23120539857245492,3
avGFP,Y39N:F46Y:S65T:S72A:Y145L:A206V,6,2.9712969138770204,936.0454011023226,0.23105483478903627,4
sfGFP,S65T:S72A:V93F:Y145L:I171S:S202T,6,2.9711429085262906,935.7135284911973,4.988922041665912,4
sfGFP,F46Y:L64M:S65T:S72A:F99C,5,2.970659278615429,934.6720987949727,4.983369475193225,3
avGFP,S30C:S65T:S72A:V93F:F99C:Y145L,6,2.970447706453127,934.2168721120044,0.23060347798169828,4
sfGFP,S65T:Q69H:S72A:N105Y:S147N:N164T,6,2.970117730516387,933.5073258964272,4.977159282639464,4
avGFP,S65T:S72A:Q80R:Y145L:K158G,5,2.970071060387279,933.4070147747581,0.23040357159570488,3
sfGFP,S30C:S65T:S72A:K79R:S147N:L178V,6,2.9700414361178895,933.3433470125788,4.9762850002409635,4
sfGFP,S65T:Q69H:S72A:F99C:K158G,5,2.9697737673859472,932.768276712371,4.973218911305773,3
avGFP,S65T:S72A:Q80R:M153I:L178V,5,2.9694176461425665,932.0037207338665,0.23005718041382756,3
sfGFP,L64M:S65T:S72A:K79R:Y145L:I167V,6,2.9687675349282703,930.6096141526793,4.961709620377887,4
avGFP,S65T:Q69H:S72A:Q80R:N105Y,5,2.9687667389355896,930.6079084948977,0.229712636051031,3
sfGFP,S65T:S72A:K79R:Y145L:M153I:I167V,6,2.9685839310528985,930.2162694835947,4.959612433760598,4
avGFP,S30C:L64M:S65T:S72A,4,2.9682377930484756,929.4751711311582,0.22943302948052705,2
avGFP,S65T:S72A:S147N:N149H:S202T,5,2.9682275207460274,929.4531866539019,0.22942760279956223,3
avGFP,S65T:S72A:N149H:N164T,4,2.967825547144872,928.593302846601,0.22921534780552058,2
sfGFP,L64M:S65T:S72A:M153I:K158G,5,2.967795497322216,928.5290535874411,4.950616744036049,3
avGFP,F46Y:S65T:S72A:F99C:S147N,5,2.9676324323829877,928.1804833927099,0.22911344683938778,3
sfGFP,S65T:S72A:F99C:N149H:S202T,5,2.9676198358902575,928.1535623756522,4.9486147462814944,3
avGFP,S65T:S72A:K79R:F99C:N105Y,5,2.9672388398907295,927.3396728561058,0.22890589991976706,3
sfGFP,S65T:Q69H:S72A:Y145L:I167V:L178V,6,2.966861523052787,926.5343462079849,4.9399816091266615,4
sfGFP,S30C:S65T:S72A:M153I:S202T,5,2.966523459201101,925.8133932533225,4.93613772103805,3
sfGFP,S30C:Y39N:S65T:S72A:M153I:S202T,6,2.966523459201101,925.8133932533225,4.93613772103805,3
avGFP,S65T:S72A:N164T:T203I,4,2.9663334758286144,925.4084820880358,0.22842920192698052,2
sfGFP,Y39N:S65T:S72A:V93F:S147N:N149H,6,2.966237263004306,925.2034914522293,4.932885921800273,3
sfGFP,S65T:S72A:F99C:N149H,4,2.9661709007651784,925.0621268087834,4.932132211220994,2
sfGFP,Y39N:S65T:S72A:F99C:N149H,5,2.9661709007651784,925.0621268087834,4.932132211220994,2
sfGFP,S65T:S72A:F99C:N149H:V163A:A206V,6,2.9661709007651784,925.0621268087834,4.932132211220994,2
sfGFP,L64M:S65T:S72A:Y145L:S147N,5,2.9661447492500748,925.0064248626694,4.931835226451327,3
sfGFP,S65T:S72A:Y145L:I167V:A206V,5,2.966068385912358,924.843792429619,4.9309681228932085,2
sfGFP,S65T:S72A:Y145L:I167V,4,2.966068385912358,924.843792429619,4.9309681228932085,2
sfGFP,S65T:S72A:Y145L:V163A:I167V,5,2.966068385912358,924.843792429619,4.9309681228932085,2
avGFP,S65T:Q69H:S72A:N149H:A206V,5,2.9658906345578577,924.4653427684101,0.22819639601882422,3
avGFP,S65T:S72A:Q80R:I167V:T203I,5,2.9656998195317947,924.0592516508784,0.22809615588521523,3
sfGFP,F46Y:S65T:S72A:S147N:M153I:L178V,6,2.965415821918103,923.4551803431445,4.923564492150895,4
sfGFP,Y39N:S65T:S72A:M153I:N164T:S202T,6,2.965402617570874,923.4271039157586,4.923414797716464,3
sfGFP,S65T:Q69H:S72A:F99C:N149H:H231Y,6,2.9650779678298327,922.7370690226978,4.919735754737294,4
avGFP,S65T:S72A:Q80R:S202T:A206V:H231Y,6,2.965015003437494,922.6032994957986,0.22773676649634955,4
avGFP,F46Y:S65T:S72A:Q80R:V93F:M153I,6,2.964749282970748,922.0389828703483,0.22759746974374698,4
avGFP,S65T:S72A:K79R:A206V:H231Y,5,2.964720726484111,921.9783573515932,0.22758250485080112,3
sfGFP,L64M:S65T:S72A:M153I:I167V:L178V,6,2.9645363676322156,921.5870588058193,4.913604272029786,4
avGFP,F46Y:S65T:S72A:K79R:N149H:I171S,6,2.9645239027469894,921.560608292307,0.22747938705356288,4
avGFP,S65T:S72A:V93F:N149H:A206V,5,2.9645177703482575,921.5475956075009,0.22747617498314993,3
avGFP,S65T:S72A:F99C:S202T:A206V,5,2.964365917874973,921.2254298301028,0.2273966511049452,3
sfGFP,S65T:S72A:N164T:I171S,4,2.9643357892156006,921.1615231363403,4.91133545340492,2
avGFP,S65T:S72A:S147N:N149H:M153I:I167V,6,2.964312794464362,921.112751346218,0.22736883738090188,4
sfGFP,F46Y:S65T:S72A:R73L:M153I:L178V,6,2.964264358762498,921.0100278333085,4.910527729423711,4
avGFP,Y39N:S65T:S72A:Q80R:M153I,5,2.964163434426593,920.7960220614643,0.22729065545460272,3
avGFP,L64M:S65T:S72A:K79R:N149H:V163A,6,2.96409823199289,920.657789508619,0.22725653392628525,4
avGFP,S65T:S72A:Q80R:Y145L,4,2.9640480925389787,920.5515053715574,0.2272302985922934,2
avGFP,S65T:S72A:Q80R:S147N:T203I,5,2.9636467707498175,919.7012372914706,0.22702041715861562,3
sfGFP,L64M:S65T:Q69H:S72A:I167V,5,2.963471417421151,919.3299681958915,4.90157019455731,3
avGFP,S65T:S72A:Y145L:S147N:A206V,5,2.963348444548701,919.069691707472,0.22686452551019695,3
sfGFP,S30C:Y39N:S65T:S72A:K79R:Q80R,6,2.9629769861037643,918.2839339930259,4.895993078343732,2
sfGFP,S30C:S65T:S72A:K79R:Q80R,5,2.9629769861037643,918.2839339930259,4.895993078343732,2
sfGFP,S30C:S65T:S72A:K79R:A206V,5,2.9629769861037643,918.2839339930259,4.895993078343732,2
sfGFP,S30C:S65T:S72A:K79R:V163A,5,2.9629769861037643,918.2839339930259,4.895993078343732,2
sfGFP,S30C:S65T:S72A:K79R,4,2.9629769861037643,918.2839339930259,4.895993078343732,2
avGFP,S65T:S72A:K79R:K158G:T203I,5,2.962600733252469,917.488719362477,0.226474275952271,3
avGFP,S65T:S72A:V93F:N149H:L178V:S202T,6,2.962577133722263,917.4388644475129,0.2264619696911357,4
sfGFP,S65T:S72A:N149H:L178V:A206V,5,2.962426143776593,917.1199564882206,4.889787126572264,2
sfGFP,S65T:S72A:N149H:L178V,4,2.962426143776593,917.1199564882206,4.889787126572264,2
sfGFP,Y39N:S65T:S72A:N149H:L178V,5,2.962426143776593,917.1199564882206,4.889787126572264,2
avGFP,S65T:S72A:Q80R:F99C:S147N:I171S,6,2.962379466806099,917.0213918447781,0.22635892013484252,4
avGFP,F46Y:S65T:S72A:M153I,4,2.962302745408319,916.8594074036012,0.22631893565518968,2
avGFP,S65T:S72A:R73L:S147N,4,2.962292600952985,916.8379912192717,0.22631364925249356,2
avGFP,S65T:S72A:K79R:S147N:A206V,5,2.9621890367952193,916.6193832518686,0.22625968773766492,3
sfGFP,S65T:S72A:R73L:N149H:I171S:T203I,6,2.961885657320835,915.9792959095247,4.8837054931130455,4
avGFP,Y39N:S65T:S72A:K79R:M153I:A206V,6,2.9618416031985557,915.8863851795846,0.22607875340660277,4
sfGFP,S65T:S72A:V93F:S147N:I167V,5,2.961750248675696,915.6937473089253,4.8821830402852076,3
sfGFP,S65T:S72A:V93F:Y145L:I167V,5,2.961648943436047,915.4801738929423,4.881044335874009,3
avGFP,S30C:F46Y:L64M:S65T:S72A:Y145L,6,2.9613138679154294,914.7741168228474,0.225804199436139,4
sfGFP,Y39N:L64M:S65T:S72A:V93F:L178V,6,2.9612573855954913,914.655153292917,4.876645592742731,3
avGFP,S65T:S72A:V93F:F99C:S147N:N164T,6,2.961084064960691,914.2902005031206,0.22568474881421985,4
sfGFP,S65T:S72A:F99C:N149H:M153I,5,2.9607600317070606,913.6082900801085,4.871064056516135,3
sfGFP,S65T:S72A:Q80R:I167V:I171S:H231Y,6,2.960634535767614,913.3443273278698,4.869656692453605,3
sfGFP,S65T:S72A:I167V:I171S:H231Y,5,2.960634535767614,913.3443273278698,4.869656692453605,3
avGFP,S65T:S72A:Q80R:Y145L:N149H:I167V,6,2.960487868167888,913.0359296655732,0.2253751427408297,4
avGFP,S65T:S72A:N105Y:K158G:I167V:T203I,6,2.960064915472566,912.1471709051058,0.22515576021053224,4
avGFP,Y39N:S65T:S72A:M153I:I167V:S202T,6,2.9600228230191905,912.0587685576281,0.22513393884399666,4
sfGFP,Y39N:S65T:S72A:Q80R:V93F:N105Y,6,2.9598351432582453,911.6647087719399,4.860701509291102,2
sfGFP,Y39N:S65T:S72A:V93F:N105Y:A206V,6,2.9598351432582453,911.6647087719399,4.860701509291102,2
sfGFP,S65T:S72A:V93F:N105Y:A206V,5,2.9598351432582453,911.6647087719399,4.860701509291102,2
sfGFP,S65T:S72A:V93F:N105Y:V163A,5,2.9598351432582453,911.6647087719399,4.860701509291102,2
sfGFP,S65T:S72A:V93F:N105Y,4,2.9598351432582453,911.6647087719399,4.860701509291102,2
sfGFP,Y39N:S65T:S72A:V93F:N105Y,5,2.9598351432582453,911.6647087719399,4.860701509291102,2
avGFP,S65T:S72A:R73L:F99C:M153I:I171S,6,2.95953608844003,911.0371533053165,0.22488176182025096,4
sfGFP,F46Y:L64M:S65T:S72A:L178V:A206V,6,2.9594644557212058,910.8868988368757,4.856554478163397,3
avGFP,S65T:S72A:N105Y:M153I:T203I,5,2.9589840668292897,909.8798908183722,0.224596101431969,3
sfGFP,L64M:S65T:Q69H:S72A:T203I:H231Y,6,2.9589176553857057,909.7407644429621,4.850443660090981,4
avGFP,S30C:F46Y:S65T:S72A:K79R:I167V,6,2.958856560968018,909.6127955753326,0.22453017124612462,4
avGFP,S65T:S72A:M153I:V163A:L178V:T203I,6,2.9587794299751264,909.4512620740129,0.22449029807713475,4
avGFP,L64M:S65T:S72A:V93F:A206V,5,2.9585252792263073,908.9192035037046,0.22435896395069613,3
avGFP,S65T:S72A:Q80R:M153I:I167V:A206V,6,2.9585206651591758,908.9095469408912,0.2243565803104124,4
avGFP,S65T:S72A:F99C:N149H:M153I,5,2.958489823920809,908.845003406847,0.22434064828876288,3
avGFP,S65T:S72A:T203I:H231Y,4,2.958436434422743,908.7332824475682,0.22431307092151312,2
avGFP,L64M:S65T:S72A:Q80R:N105Y,5,2.958207338752407,908.2540409000386,0.22419477422729497,3
sfGFP,S30C:L64M:S65T:S72A:M153I:A206V,6,2.958174299658081,908.1849478058864,4.842148548737817,3
sfGFP,S30C:L64M:S65T:S72A:M153I,5,2.958174299658081,908.1849478058864,4.842148548737817,3
sfGFP,Y39N:L64M:S65T:S72A:I167V:T203I,6,2.9580823543145063,907.9926945265428,4.8411235164029245,3
avGFP,S65T:S72A:N149H:M153I:I171S:H231Y,6,2.9577500056130095,907.2981087822892,0.2239588105258805,4
sfGFP,S30C:S65T:S72A:I171S,4,2.9574064013351093,906.5805582917145,4.833594462506343,2
sfGFP,S30C:S65T:S72A:V163A:I171S,5,2.9574064013351093,906.5805582917145,4.833594462506343,2
sfGFP,S30C:S65T:S72A:Q80R:I171S,5,2.9574064013351093,906.5805582917145,4.833594462506343,2
avGFP,S65T:S72A:F99C:Y145L:V163A,5,2.9569587132297777,905.6465003422428,0.22355112504951183,3
sfGFP,Y39N:S65T:S72A:V163A:I167V:T203I,6,2.9568725806339984,905.4669034273542,4.827656814785705,2
sfGFP,S65T:S72A:I167V:T203I,4,2.9568725806339984,905.4669034273542,4.827656814785705,2
avGFP,S30C:S65T:S72A:R73L:M153I:L178V,6,2.9565739477755133,904.8444934400989,0.22335315647655982,4
sfGFP,S65T:S72A:V163A:I167V,4,2.9562952684420383,904.2640564686644,4.821243623651626,1
sfGFP,S65T:S72A:I167V:A206V,4,2.9562952684420383,904.2640564686644,4.821243623651626,1
sfGFP,S65T:S72A:I167V,3,2.9562952684420383,904.2640564686644,4.821243623651626,1
sfGFP,S65T:S72A:Q80R:V163A:I167V,5,2.9562952684420383,904.2640564686644,4.821243623651626,1
sfGFP,Y39N:S65T:S72A:I167V,4,2.9562952684420383,904.2640564686644,4.821243623651626,1
sfGFP,S65T:S72A:Q80R:I167V,4,2.9562952684420383,904.2640564686644,4.821243623651626,1
avGFP,S65T:S72A:Y145L:V163A:A206V:H231Y,6,2.9559765798318867,903.6007439943459,0.2230461475191214,4
sfGFP,F46Y:S65T:S72A:N149H:V163A:I167V,6,2.955696403096377,903.0179913425002,4.814600007219901,3
avGFP,S30C:S65T:S72A:Y145L:V163A:H231Y,6,2.9551888203706036,901.9632033948282,0.22264193456936884,4
avGFP,S65T:S72A:K79R:F99C:N149H,5,2.954884559170247,901.3315207258339,0.2224860090826866,3
avGFP,S65T:S72A:Q80R:N149H:T203I,5,2.9546127145341745,900.7675129380416,0.22234678856402945,3
sfGFP,S65T:S72A:N149H:N164T:I171S:T203I,6,2.95452265592501,900.5807422966155,4.801605383207518,4
avGFP,S30C:S65T:S72A:N149H:M153I,5,2.954365580645804,900.25507987368,0.22222029882657968,3
avGFP,S65T:S72A:Q80R:T203I,4,2.9540370893210834,899.5744030891726,0.22205227955977502,2
sfGFP,S65T:S72A:F99C:Y145L:S147N:A206V,6,2.953820683240192,899.1262627489695,4.793850568455502,3
avGFP,Y39N:S65T:S72A:Q80R:L178V,5,2.9536470233394536,898.7668039711649,0.22185293059596697,3
sfGFP,L64M:S65T:S72A:K79R:M153I:N164T,6,2.9528708018431455,897.1618583403703,4.7833769991905495,4
sfGFP,S65T:S72A:R73L:M153I,4,2.9526427460459628,896.6908662822295,4.780865821796228,2
sfGFP,S65T:S72A:R73L:Q80R:M153I,5,2.9526427460459628,896.6908662822295,4.780865821796228,2
avGFP,S30C:S65T:S72A:I167V:S202T,5,2.9523661854079286,896.120031365332,0.2211995973212725,3
avGFP,S65T:S72A:I167V:T203I:A206V,5,2.9522384772939714,895.8565581249545,0.221134561195936,3
avGFP,F46Y:S65T:S72A:N149H:A206V,5,2.95201097667867,895.3873959442595,0.22101875250757314,3
sfGFP,Y39N:S65T:S72A:N149H:M153I:L178V,6,2.9519518998347407,895.2656051638987,4.773266790263751,3
avGFP,S30C:S65T:S72A:R73L:L178V,5,2.9519376173523586,895.2361633783964,0.22098142203676577,3
sfGFP,S65T:S72A:K79R:Y145L:T203I,5,2.951816930224594,894.9874186328582,4.771783589610832,3
sfGFP,F46Y:L64M:S65T:S72A:R73L,5,2.9516633211767775,894.670919434945,4.770096118203654,3
sfGFP,S65T:S72A:Y145L:N149H:K158G:I167V,6,2.9515787724165987,894.4967612139952,4.769167562870448,4
avGFP,F46Y:S65T:S72A:V93F:F99C:N149H,6,2.9513994504717793,894.1274961309855,0.2207077569694679,4
avGFP,Y39N:F46Y:S65T:Q69H:S72A:S147N,6,2.951238941226686,893.7971000104934,0.22062620150116974,4
sfGFP,F46Y:L64M:S65T:S72A:Y145L:M153I,6,2.9507003251374027,892.6892915642112,4.759530719006504,4
avGFP,F46Y:S65T:S72A:N149H:T203I,5,2.9503602704815375,891.9905851615382,0.22018027869712867,3
avGFP,S65T:S72A:N105Y:S202T:A206V,5,2.950293195999516,891.8528325789009,0.22014627564536907,3
sfGFP,Y39N:S65T:S72A:M153I:T203I:H231Y,6,2.950145007969854,891.5485704382826,4.753448762729015,3
avGFP,S65T:S72A:S147N:I171S:S202T:H231Y,6,2.949888251218565,891.0216388957076,0.21994110256410426,4
avGFP,L64M:S65T:S72A:R73L:S147N,5,2.9498728427850622,890.9900266954703,0.21993329936172268,3
sfGFP,S65T:S72A:F99C:N105Y:N149H,5,2.9498200778705184,890.8817818092169,4.749893661314544,3
avGFP,S65T:S72A:S147N:M153I:N164T,5,2.9497583606327873,890.755188314673,0.2198753315075851,3
sfGFP,Y39N:S65T:S72A:S147N:I171S:S202T,6,2.9497463412400875,890.7305364051906,4.749087269714046,3
sfGFP,S65T:S72A:S147N:V163A:I171S:S202T,6,2.9497463412400875,890.7305364051906,4.749087269714046,3
sfGFP,Y39N:L64M:S65T:S72A:N105Y:S202T,6,2.949644164749158,890.5209988240368,4.747970083069474,3
sfGFP,L64M:S65T:S72A:N105Y:S202T,5,2.949644164749158,890.5209988240368,4.747970083069474,3
sfGFP,L64M:S65T:S72A:Q80R:N105Y:S202T,6,2.949644164749158,890.5209988240368,4.747970083069474,3
avGFP,S65T:S72A:N105Y:Y145L:S147N:V163A,6,2.9496112324900543,890.4534737745547,0.21980085584311584,4
avGFP,S65T:S72A:Q80R:F99C:I167V,5,2.9495172920511536,890.260884305113,0.21975331677290455,3
avGFP,Y39N:S65T:S72A:M153I:H231Y,5,2.949278144652999,889.7707906581959,0.21963234133038198,3
avGFP,S65T:S72A:K79R:Q80R:V93F,5,2.948766258118291,888.7226691799176,0.21937362147051487,3
sfGFP,S65T:S72A:F99C:S147N:V163A:L178V,6,2.9484773672470226,888.1316911606958,4.7352310670105915,3
sfGFP,Y39N:S65T:S72A:S147N:M153I:K158G,6,2.9484114970513233,887.9969969049307,4.73451292078206,3
avGFP,S65T:S72A:V93F:N149H:I171S:L178V,6,2.9482394303455686,887.6452437516174,0.21910766818017205,4
sfGFP,S65T:S72A:F99C:M153I,4,2.9479378413498627,887.0290464043487,4.729352121626594,2
sfGFP,S65T:Q69H:S72A:F99C,4,2.947936767644717,887.0268534073988,4.729340429275797,2
sfGFP,S65T:S72A:S147N:N149H:M153I,5,2.9477199748045746,886.5841743266735,4.726980207524194,3
sfGFP,S30C:S65T:S72A:K79R:I167V,5,2.9476250190671034,886.390349502997,4.725946796222957,3
avGFP,S65T:S72A:R73L:S202T,4,2.9473074282301543,885.7423869829373,0.218637964193809,2
avGFP,S65T:S72A:Y145L:V163A:L178V:A206V,6,2.9470994260753764,885.318268739509,0.21853327421771282,4
avGFP,S65T:Q69H:S72A:T203I:H231Y,5,2.947078643077773,885.275903183466,0.21852281664103893,3
sfGFP,S65T:S72A:S147N:I167V:L178V:A206V,6,2.9466838953402545,884.471605861962,4.715716675409698,3
avGFP,F46Y:S65T:S72A:Y145L:N164T,5,2.9466758237641164,884.4551676757427,0.21832022507131468,3
avGFP,S65T:S72A:V93F:S147N:N149H,5,2.9465713532165227,884.2424355159508,0.21826771394954947,3
avGFP,S65T:S72A:N149H:M153I:N164T:L178V,6,2.9462733341902663,883.6358639721793,0.21811798693025233,4
avGFP,S65T:S72A:R73L:V163A:A206V,5,2.9460159084109514,883.1122486427448,0.21798873694591073,3
avGFP,S65T:S72A:K79R:N105Y:V163A:S202T,6,2.9457614867597224,882.5950487103819,0.21786107054769516,4
sfGFP,L64M:S65T:S72A:Y145L:V163A:L178V,6,2.9454998583577345,882.06351445746,4.702877510515248,3
avGFP,S65T:Q69H:S72A:K79R:S147N:T203I,6,2.945493496370502,882.0505931887159,0.217726676339401,4
sfGFP,S65T:S72A:F99C:N164T:I171S:T203I,6,2.945389586660584,881.8395781714914,4.701683554631337,4
avGFP,S65T:S72A:Y145L:M153I:I167V,5,2.9445069690991,880.0492336745208,0.21723265778927378,3
sfGFP,S65T:Q69H:S72A:K79R:F99C:Y145L,6,2.9444744347440746,879.9833089092333,4.691786527009348,4
sfGFP,S65T:S72A:K79R:F99C,4,2.944413540484486,879.8599313907523,4.691128717965603,2
sfGFP,S65T:S72A:K79R:F99C:A206V,5,2.944413540484486,879.8599313907523,4.691128717965603,2
sfGFP,S65T:S72A:K79R:F99C:V163A,5,2.944413540484486,879.8599313907523,4.691128717965603,2
sfGFP,S65T:S72A:V93F:N164T:T203I:H231Y,6,2.9441902654818564,879.4077031292389,4.688717583069043,4
avGFP,S65T:S72A:V93F:M153I,4,2.94408210518416,879.1887154157167,0.21702024618628232,2
sfGFP,S65T:Q69H:S72A:F99C:N149H:T203I,6,2.943729832225506,878.4758607831684,4.68374930092059,4
avGFP,F46Y:L64M:S65T:S72A:Y145L:A206V,6,2.943674781782309,878.3645137074592,0.21681679901447845,4
avGFP,S65T:Q69H:S72A:F99C:V163A:I167V,6,2.943606394012076,878.2262097138049,0.21678265985160577,4
avGFP,S30C:S65T:S72A:V93F:F99C,5,2.9433972008653884,877.8032831702994,0.21667826403648563,3
sfGFP,S65T:S72A:R73L:L178V:S202T,5,2.9431828606632138,877.3701620518644,4.677854072729395,3
sfGFP,S65T:S72A:F99C:N105Y:N149H:M153I,6,2.943053073284077,877.1080022380863,4.676456321351892,4
sfGFP,S30C:S65T:S72A:N149H:M153I:S202T,6,2.943011228075756,877.0234950650402,4.676005756424217,4
avGFP,S65T:S72A:N149H:I167V:A206V,5,2.9430048353444933,877.0105855428499,0.21648259337870307,3
sfGFP,S65T:S72A:S147N:M153I:S202T,5,2.9428442049763017,876.6862699227848,4.674207780981974,3
avGFP,L64M:S65T:Q69H:S72A:M153I,5,2.942613659541862,876.2210040992815,0.21628769192437047,3
sfGFP,S65T:S72A:K79R:V93F:F99C:Y145L,6,2.942536439459307,876.0652207630595,4.670896547631626,4
avGFP,S30C:S65T:S72A:V93F:N105Y:M153I,6,2.942431497179307,875.8535552256262,0.2161969902995392,4
avGFP,S65T:S72A:M153I:N164T,4,2.9419636570870047,874.9105573302579,0.2159642193007563,2
avGFP,S30C:S65T:S72A:S147N:V163A:N164T,6,2.9418955762111256,874.7734153424009,0.21593036696911763,4
avGFP,S30C:S65T:Q69H:S72A:F99C:A206V,6,2.9418528985445183,874.6874564931845,0.21590914875931613,4
avGFP,F46Y:S65T:S72A:K79R:N149H:I167V,6,2.9418030489900358,874.58706314373,0.21588436751607215,4
avGFP,F46Y:S65T:S72A:S147N,4,2.941730664938272,874.4413074812734,0.21584838897222283,2
avGFP,S65T:S72A:K79R:N149H:M153I:S202T,6,2.941682247035383,874.3438246532127,0.21582432616639546,4
avGFP,S65T:S72A:N105Y:H231Y,4,2.9413065021867633,873.5876830877861,0.2156376790611685,2
avGFP,L64M:S65T:S72A:R73L:N149H,5,2.9406522778099293,872.2726949294646,0.21531308543428596,3
sfGFP,S65T:S72A:K79R:F99C:K158G,5,2.9403557048619695,871.6772368085324,4.6475012357090595,3
avGFP,S65T:Q69H:S72A:R73L:Q80R:I167V,6,2.9402768960945274,871.5190732145309,0.21512706033269113,4
avGFP,Y39N:S65T:S72A:I171S:S202T,5,2.94023399611794,871.4329880745194,0.21510581094908246,3
avGFP,F46Y:S65T:S72A:V93F,4,2.9402069464561906,871.3787133036393,0.21509241368415907,2
sfGFP,S65T:Q69H:S72A:Q80R:N105Y:M153I,6,2.940122483467222,871.2092612445638,4.645006141286509,3
avGFP,S65T:S72A:K79R:N149H:A206V,5,2.9399757030987463,870.9148646664898,0.21497791659876397,3
sfGFP,S30C:S65T:S72A:K79R:V93F,5,2.9398309675934153,870.624666871766,4.641889273075159,3
sfGFP,S65T:S72A:K79R:F99C:N105Y:N164T,6,2.9396573159943435,870.2766192903006,4.640033595885665,4
sfGFP,S30C:S65T:S72A:K79R:V163A:L178V,6,2.939554893031575,870.0713995523814,4.638939430585372,3
avGFP,S65T:S72A:S147N:I171S:H231Y,5,2.939522329394794,870.0061635707245,0.21475361147285085,3
sfGFP,S65T:S72A:F99C:Y145L:M153I:K158G,6,2.939455328682163,869.8719538600501,4.637876050629552,4
avGFP,S65T:Q69H:S72A:R73L:Q80R:N105Y,6,2.9393289773973668,869.6189148349657,0.2146580224206984,4
sfGFP,S65T:S72A:V93F:Y145L:S147N,5,2.939230612940476,869.4219749485163,4.6354769085399266,3
avGFP,S65T:S72A:Y145L:I171S:A206V:H231Y,6,2.939224011344278,869.4087591941817,0.2146061472907056,4
avGFP,F46Y:S65T:S72A:Y145L:S202T,5,2.939182320884947,869.3253035843402,0.21458554698422322,3
avGFP,S65T:S72A:Y145L:M153I:H231Y,5,2.939173846331513,869.308340274501,0.21458135973566908,3
avGFP,S65T:Q69H:S72A:Y145L:A206V,5,2.9390666970403707,869.0938906630251,0.21452842467558356,3
avGFP,S65T:S72A:R73L:Q80R:M153I,5,2.939018168120868,868.9967818281665,0.21450445418679273,3
sfGFP,S65T:S72A:Y145L:N149H:L178V,5,2.93855304220622,868.0665914311816,4.628250441786319,3
avGFP,S30C:S65T:S72A:Q80R:Y145L:S147N,6,2.938438849580085,867.8383735355045,0.21421851096612837,4
avGFP,F46Y:S65T:Q69H:S72A:I167V:I171S,6,2.9383953380024135,867.7514299366063,0.21419704967925518,4
avGFP,S65T:S72A:S147N:V163A:I171S:T203I,6,2.9382963271681226,867.5536217588228,0.21414822241533846,4
sfGFP,S65T:S72A:N105Y:I167V:H231Y,5,2.9381894950056306,867.3402383639612,4.624377762043268,3
avGFP,Y39N:S65T:S72A:M153I:T203I,5,2.9380208448848486,867.003488431008,0.2140124266889554,3
sfGFP,S65T:S72A:N105Y:S147N:I167V:S202T,6,2.93783023267195,866.6230433666213,4.620553910168249,4
avGFP,F46Y:S65T:S72A:R73L:K79R:L178V,6,2.9376541026760696,866.2716519213267,0.21383177907972845,4
avGFP,S30C:F46Y:S65T:Q69H:S72A,5,2.9373260986048018,865.6176409498371,0.21367034204174953,3
avGFP,S65T:S72A:R73L:S147N:I171S:T203I,6,2.937252830828192,865.4716189921871,0.21363429776519988,4
avGFP,L64M:S65T:S72A:S147N:N149H:I171S,6,2.9366937847637944,864.3582564114005,0.2133594736948492,4
avGFP,S65T:S72A:K79R:F99C:S202T,5,2.936537074482296,864.0464187165525,0.21328249921585574,3
sfGFP,S65T:S72A:K79R:F99C:K158G:I167V,6,2.936465366695612,863.903764955047,4.606055596750888,4
avGFP,S65T:S72A:R73L:K79R:Q80R:I167V,6,2.9364188504616457,863.8112392626475,0.21322444717072653,4
avGFP,S30C:L64M:S65T:S72A:I167V,5,2.9362738123495076,863.5228067851677,0.2131532500702938,3
avGFP,S65T:S72A:K79R:K158G:L178V,5,2.9357266657717176,862.435581250578,0.21288487770718273,3
avGFP,S65T:Q69H:S72A:V93F:S147N:A206V,6,2.9355762253452475,862.136883678632,0.21281114675561072,4
sfGFP,F46Y:S65T:S72A:I167V:T203I,5,2.935526434551831,862.0380474726767,4.596108194273629,3
avGFP,S65T:S72A:K79R:V93F:K158G:L178V,6,2.9350256019715517,861.0445098806118,0.2125415035875206,4
sfGFP,S65T:S72A:Q80R:V93F:Y145L,5,2.935022943079643,861.0392383025293,4.590782866667859,2
sfGFP,S65T:S72A:V93F:Y145L,4,2.935022943079643,861.0392383025293,4.590782866667859,2
avGFP,S65T:S72A:F99C:I167V:S202T,5,2.934962957944325,860.9203190194183,0.2125108481311917,3
sfGFP,S65T:S72A:K79R:M153I,4,2.9349535757011327,860.9017204028345,4.590049665682706,2
sfGFP,S65T:S72A:K79R:Q80R:M153I:A206V,6,2.9349535757011327,860.9017204028345,4.590049665682706,2
sfGFP,Y39N:S65T:S72A:K79R:M153I,5,2.9349535757011327,860.9017204028345,4.590049665682706,2
avGFP,S65T:S72A:N105Y:N149H:K158G:L178V,6,2.934747466836802,860.4932478455083,0.21240542924935676,4
avGFP,S30C:L64M:S65T:S72A:V93F:T203I,6,2.9344636109288826,859.9310111685382,0.2122666459143212,4
avGFP,L64M:S65T:S72A:S147N:N164T:I167V,6,2.9343151530277334,859.6371052111838,0.21219409773200007,4
sfGFP,L64M:S65T:S72A:R73L:S202T,5,2.934210563010687,859.4301059565965,4.582203493190673,3
avGFP,S65T:S72A:F99C:I171S:L178V:S202T,6,2.9341756265802914,859.3609726526375,0.21212593676179536,4
avGFP,F46Y:S65T:S72A:Y145L:S147N:I167V,6,2.934099638274024,859.2106238110993,0.21208882443081076,4
avGFP,S65T:S72A:R73L:V93F:L178V:H231Y,6,2.9339159827061687,858.8473554272822,0.21199915472429,4
avGFP,S30C:Y39N:S65T:S72A:N149H,5,2.9338529212301214,858.7226560533994,0.21196837374593483,3
sfGFP,Y39N:S65T:S72A:K79R:N149H:I171S,6,2.9336615511351614,858.3443467681584,4.576414576196094,3
sfGFP,S65T:S72A:K79R:N149H:V163A:I171S,6,2.9336615511351614,858.3443467681584,4.576414576196094,3
avGFP,S30C:S65T:S72A:R73L:K79R:A206V,6,2.9335144325974483,858.0536293304696,0.21180323019760486,4
avGFP,S65T:S72A:V93F:F99C:N105Y:V163A,6,2.933144955027699,857.3239475977882,0.21162311447672771,4
sfGFP,S30C:S65T:S72A:K79R:N149H,5,2.9331393961427725,857.3129740881817,4.570915630482864,3
avGFP,Y39N:L64M:S65T:S72A:T203I,5,2.9328309369791628,856.7042807606721,0.2114701549958035,3
avGFP,S65T:S72A:S147N:M153I:T203I:A206V,6,2.932735189454691,856.5154267088282,0.21142353798161095,4
sfGFP,S65T:S72A:F99C:N149H:I167V:S202T,6,2.932726709248545,856.4987022124905,4.5665741960749475,4
avGFP,S65T:Q69H:S72A:V163A:N164T:A206V,6,2.932636569147297,856.3209498546593,0.21137553302655498,4
sfGFP,L64M:S65T:Q69H:S72A,4,2.9325574101074112,856.1648820947081,4.564794375122437,2
sfGFP,Y39N:L64M:S65T:Q69H:S72A,5,2.9325574101074112,856.1648820947081,4.564794375122437,2
avGFP,S65T:S72A:Q80R:F99C:M153I:A206V,6,2.9325517621926545,856.1537479103453,0.21133426065069116,4
sfGFP,Y39N:S65T:Q69H:S72A:V93F:S202T,6,2.9325480114983566,856.1463539478431,4.564695589033029,3
sfGFP,S65T:Q69H:S72A:Q80R:V93F:S202T,6,2.9325480114983566,856.1463539478431,4.564695589033029,3
avGFP,S65T:S72A:F99C:S147N:S202T,5,2.93224217659885,855.5436586072892,0.21118366530247606,3
avGFP,Y39N:S65T:S72A:Q80R:Y145L,5,2.9321564801203195,855.3748564495063,0.2111419979275468,3
sfGFP,S65T:S72A:Y145L:N149H:I167V:A206V,6,2.931772747707373,854.6194010992474,4.556554370069115,3
avGFP,S65T:S72A:R73L:K158G:T203I,5,2.9317245202833617,854.5245028089167,0.21093209537398763,3
avGFP,S65T:S72A:Q80R:H231Y,4,2.931474574170297,854.0328464853723,0.21081073419804916,2
avGFP,S65T:S72A:V93F:N149H:M153I,5,2.931471654572803,854.0271051649514,0.2108093170020032,3
sfGFP,S30C:S65T:Q69H:S72A:Q80R:I171S,6,2.9312219973308995,853.5363027522802,4.550779639821077,3
sfGFP,F46Y:S65T:S72A:M153I:A206V,5,2.9308804310998777,852.8652728992106,4.547201925571297,2
sfGFP,Y39N:F46Y:S65T:S72A:M153I:V163A,6,2.9308804310998777,852.8652728992106,4.547201925571297,2
sfGFP,F46Y:S65T:S72A:M153I,4,2.9308804310998777,852.8652728992106,4.547201925571297,2
avGFP,L64M:S65T:S72A:K79R:T203I,5,2.9307775500905784,852.6632596302118,0.2104726633478792,3
sfGFP,L64M:S65T:S72A:T203I,4,2.9304972976759647,852.1132092322625,4.543192165222076,2
sfGFP,L64M:S65T:S72A:V163A:T203I,5,2.9304972976759647,852.1132092322625,4.543192165222076,2
avGFP,S65T:S72A:V93F,3,2.9304678814515626,852.0554946962926,0.21032264175038845,1
sfGFP,Y39N:S65T:S72A:F99C:Y145L:S202T,6,2.930346502255333,851.8173904507311,4.541614955109596,3
avGFP,Y39N:S65T:Q69H:S72A:I171S:T203I,6,2.9299827012270074,851.1041364350498,0.21008780706649618,4
avGFP,Y39N:S65T:S72A:Y145L:H231Y,5,2.9299700813533316,851.0794051269613,0.21008170235373572,3
sfGFP,Y39N:S65T:S72A:V163A:I171S,5,2.929742700852485,850.6339281093004,4.535305116488191,1
sfGFP,S65T:S72A:Q80R:I171S,4,2.929742700852485,850.6339281093004,4.535305116488191,1
sfGFP,S65T:S72A:V163A:I171S,4,2.929742700852485,850.6339281093004,4.535305116488191,1
sfGFP,Y39N:S65T:S72A:Q80R:I171S:A206V,6,2.929742700852485,850.6339281093004,4.535305116488191,1
sfGFP,S65T:S72A:I171S,3,2.929742700852485,850.6339281093004,4.535305116488191,1
sfGFP,Y39N:S65T:S72A:I171S:A206V,5,2.929742700852485,850.6339281093004,4.535305116488191,1
sfGFP,S65T:S72A:I171S:A206V,4,2.929742700852485,850.6339281093004,4.535305116488191,1
sfGFP,Y39N:S65T:S72A:I171S,4,2.929742700852485,850.6339281093004,4.535305116488191,1
sfGFP,S65T:S72A:M153I:I167V,4,2.92942049498704,850.0030713819789,4.531941592357955,2
sfGFP,S65T:S72A:Q80R:M153I:I167V,5,2.92942049498704,850.0030713819789,4.531941592357955,2
sfGFP,S30C:S65T:S72A:I171S:L178V,5,2.9293272290202124,849.8205504203722,4.5309684495950275,3
sfGFP,S30C:S65T:S72A:Q80R:I171S:L178V,6,2.9293272290202124,849.8205504203722,4.5309684495950275,3
sfGFP,L64M:S65T:S72A:Q80R:V93F:S202T,6,2.929309927824024,849.786696388556,4.530787950841526,3
avGFP,S65T:S72A:Y145L:V163A:S202T:T203I,6,2.928823719986509,848.8358628534354,0.20952790305218338,4
avGFP,Y39N:S65T:S72A:M153I:L178V:T203I,6,2.928681678142552,848.5582850777655,0.20945938534244088,4
sfGFP,S65T:S72A:F99C:N149H:K158G:I167V,6,2.92863915592313,848.4752059305273,4.523795507690635,4
avGFP,S65T:S72A:F99C:N105Y:Y145L:I171S,6,2.928589459211506,848.3781196977819,0.20941491305289406,4
sfGFP,S65T:S72A:R73L:N105Y:S147N:S202T,6,2.9281374194623875,847.4955362610713,4.518572225715241,4
avGFP,S65T:S72A:V163A:T203I:A206V,5,2.928037215482077,847.3000177055251,0.20914879275850098,3
sfGFP,S65T:S72A:K158G:I171S:S202T:H231Y,6,2.9280183169529583,847.2631478480242,4.517333205822104,4
sfGFP,S65T:S72A:S147N:N149H:H231Y,5,2.927830407491137,846.896635422225,4.515379080051835,3
avGFP,L64M:S65T:Q69H:S72A:Y145L:S147N,6,2.927700478278069,846.64330465331,0.2089866887349091,4
avGFP,S65T:S72A:Y145L:K158G,4,2.9276778382621025,846.5991698113472,0.20897579442507527,2
avGFP,S30C:Y39N:S65T:S72A:N149H:I167V,6,2.927651052690124,846.5469565213876,0.20896290601915907,4
sfGFP,F46Y:S65T:S72A:V163A:I171S:T203I,6,2.927615742046466,846.478130174291,4.513147745361892,3
sfGFP,F46Y:S65T:S72A:S147N:N149H:I171S,6,2.927340444966929,845.9417219922111,4.510287790342087,4
avGFP,S65T:S72A:F99C:T203I,4,2.9272784491444805,845.8209718747373,0.20878370289247994,2
avGFP,S65T:S72A:Y145L:V163A:N164T:L178V,6,2.9267226074044266,844.7391209940915,0.208516657216918,4
avGFP,S65T:S72A:S147N:T203I:H231Y,5,2.9265148414422746,844.3350954565161,0.2084169269541283,3
sfGFP,S65T:Q69H:S72A:V93F:M153I:S202T,6,2.9264432410059116,844.1959046986461,4.500979656910873,4
avGFP,S65T:S72A:V93F:M153I:I167V:T203I,6,2.926424983934795,844.160416748982,0.20837380900294458,4
avGFP,L64M:S65T:S72A:V93F:F99C:M153I,6,2.926245429683266,843.8114800955686,0.20828767696200798,4
avGFP,S30C:S65T:S72A:K79R:M153I:S202T,6,2.9262356984433846,843.792573016905,0.20828300991067497,4
sfGFP,Y39N:L64M:S65T:S72A:M153I:H231Y,6,2.9261644234807482,843.6541039554803,4.498090950498634,3
sfGFP,L64M:S65T:S72A:M153I:V163A:H231Y,6,2.9261644234807482,843.6541039554803,4.498090950498634,3
sfGFP,S30C:S65T:Q69H:S72A:S147N:A206V,6,2.92612596820019,843.5794045975564,4.4976926776705755,3
avGFP,F46Y:S65T:S72A:R73L:N149H:I171S,6,2.9261159803807546,843.5600043467123,0.2082256023152686,4
avGFP,F46Y:S65T:S72A:M153I:T203I,5,2.925780759112786,842.909132279649,0.2080649400891127,3
sfGFP,L64M:S65T:S72A:R73L:K79R:V93F,6,2.9256346701032028,842.6256401867646,4.492607514159872,4
sfGFP,S65T:S72A:K79R:V93F:N105Y:K158G,6,2.9255494637323656,842.4603375335736,4.491726173851177,4
sfGFP,S65T:S72A:M153I:K158G:L178V,5,2.9254578263573237,842.2825947509741,4.490778506794051,3
avGFP,S65T:Q69H:S72A:Q80R,4,2.925444530705775,842.2568091954739,0.20790391969174132,2
sfGFP,S65T:Q69H:S72A:N105Y:M153I:I167V,6,2.925328953130914,842.0326915715747,4.489446103828799,4
sfGFP,F46Y:S65T:S72A:S147N:N164T,5,2.925146230657647,841.678494269484,4.487557638316979,3
sfGFP,S65T:Q69H:S72A:M153I:I167V:T203I,6,2.9249228143310453,841.2456166597184,4.4852496748399675,4
avGFP,S30C:S65T:S72A:N105Y:S202T,5,2.92484092831169,841.0870151487819,0.20761516599466923,3
sfGFP,S65T:S72A:R73L:N149H:I167V,5,2.9247122598456206,840.8378631314679,4.483075664843621,3
avGFP,S30C:L64M:S65T:S72A:N149H:A206V,6,2.9245750362580853,840.5722264122603,0.20748809477961044,4
avGFP,S65T:S72A:V93F:N105Y:A206V,5,2.924398324659474,840.2302726172755,0.20740368639780263,3
avGFP,S30C:S65T:S72A:Q80R:L178V,5,2.924038529587068,839.5344647427569,0.20723193215030303,3
avGFP,Y39N:S65T:S72A:V93F:L178V,5,2.924038183484947,839.5337956931719,0.20723176700111137,3
sfGFP,S65T:S72A:R73L:N105Y:L178V,5,2.9239383747375824,839.3408777718239,4.475094222843076,3
sfGFP,S65T:Q69H:S72A:V93F:Y145L,5,2.923607488343123,838.7016324760128,4.471685973577464,3
sfGFP,S65T:S72A:N105Y:N164T,4,2.9235719677317777,838.6330385203057,4.471320252780305,2
sfGFP,Y39N:S65T:S72A:N105Y:N164T:A206V,6,2.9235719677317777,838.6330385203057,4.471320252780305,2
avGFP,Y39N:F46Y:S65T:S72A:S147N,5,2.923452137139042,838.4016746982654,0.20695231257600413,3
avGFP,S65T:S72A:S202T:H231Y,4,2.9234170357363616,838.333914487711,0.20693558654515515,2
avGFP,S65T:S72A:Y145L:M153I:S202T,5,2.9234004446426796,838.3018887277285,0.2069276812590728,3
avGFP,L64M:S65T:S72A:S147N:I171S:A206V,6,2.9231958694158506,837.9070980480969,0.2068302305423115,4
avGFP,S65T:Q69H:S72A:K158G:I167V,5,2.9231632763864317,837.8442169683694,0.20681470888335066,3
avGFP,L64M:S65T:S72A:M153I:S202T,5,2.9230583088461946,837.6417372618688,0.20676472849235836,3
avGFP,Y39N:S65T:Q69H:S72A:R73L:I167V,6,2.9230333661514587,837.593630635925,0.20675285378147723,4
avGFP,S65T:S72A:M153I:H231Y,4,2.922961147816024,837.4543597236761,0.20671847594298493,2
sfGFP,Y39N:S65T:S72A:N105Y:H231Y,5,2.9227291160477105,837.0070500653298,4.46265100797885,2
sfGFP,S65T:S72A:N105Y:H231Y,4,2.9227291160477105,837.0070500653298,4.46265100797885,2
avGFP,L64M:S65T:S72A:V93F:M153I:S202T,6,2.9225533963045254,836.6684574299236,0.20652448265544832,4
sfGFP,L64M:S65T:Q69H:S72A:K79R:T203I,6,2.9224401000798688,836.4502206845162,4.459682173729047,4
sfGFP,L64M:S65T:Q69H:S72A:V93F,5,2.9223753002870225,836.3254257358329,4.459016807405683,3
avGFP,S65T:S72A:F99C:Y145L:S147N:L178V,6,2.922265738112416,836.1144673213864,0.20638773491559292,4
avGFP,S65T:S72A:F99C:N105Y:Y145L:L178V,6,2.9221257062977175,835.8449180701687,0.206321198978731,4
sfGFP,S65T:Q69H:S72A:K158G:L178V:A206V,6,2.9217369635118238,835.097076881896,4.452467648410256,3
sfGFP,S65T:Q69H:S72A:K158G:V163A:L178V,6,2.9217369635118238,835.097076881896,4.452467648410256,3
avGFP,S65T:Q69H:S72A:Y145L:S202T,5,2.9216041344625228,834.8417013385542,0.20607356347311578,3
sfGFP,L64M:S65T:S72A:K79R:S147N,5,2.9213607107962978,834.3739005860302,4.448611906185098,3
sfGFP,L64M:S65T:S72A:K79R:S147N:A206V,6,2.9213607107962978,834.3739005860302,4.448611906185098,3
avGFP,S65T:S72A:Q80R:N149H:I167V,5,2.9211754138773363,834.0179809468676,0.205870235110208,3
sfGFP,F46Y:S65T:S72A:V93F:I171S:H231Y,6,2.921004648985469,833.6901089615704,4.444966150295819,4
avGFP,F46Y:S65T:S72A:N105Y:S147N,5,2.920939462517987,833.5649836443002,0.20575841658433164,3
sfGFP,L64M:S65T:S72A:S147N:V163A:H231Y,6,2.919958698215063,831.6846734020095,4.43427381619826,3
avGFP,Y39N:S65T:S72A:N149H:T203I,5,2.9196052510218715,831.0080886399014,0.2051272688300469,3
sfGFP,F46Y:S65T:S72A:M153I:S202T:H231Y,6,2.9193562019369637,830.5316780885996,4.42812641792105,4
sfGFP,S65T:S72A:V93F:T203I:A206V,5,2.9191738196325345,830.182968891862,4.426267213212809,2
sfGFP,Y39N:S65T:S72A:Q80R:V93F:T203I,6,2.9191738196325345,830.182968891862,4.426267213212809,2
sfGFP,S65T:S72A:V93F:T203I,4,2.9191738196325345,830.182968891862,4.426267213212809,2
avGFP,L64M:S65T:S72A:N105Y:Y145L:N149H,6,2.9191636668663006,830.163561426546,0.20491880448042574,4
avGFP,Y39N:S65T:S72A:S147N:N149H:M153I,6,2.919131541235837,830.1021548406118,0.2049036467876992,4
sfGFP,F46Y:S65T:S72A:I167V,4,2.9190429496771717,829.932839901968,4.424933606298999,2
sfGFP,S65T:Q69H:S72A:K158G:V163A:I171S,6,2.91884293464444,829.5507009815904,4.4228961651112835,3
sfGFP,Y39N:S65T:Q69H:S72A:K158G:I171S,6,2.91884293464444,829.5507009815904,4.4228961651112835,3
avGFP,S65T:S72A:R73L:N105Y:I171S:T203I,6,2.9188127707847045,829.4930866597762,0.2047533034948071,4
avGFP,Y39N:F46Y:S65T:S72A:Y145L:S147N,6,2.9185407158556913,828.9736303357734,0.2046250801255333,4
avGFP,S65T:S72A:V93F:V163A:L178V,5,2.918530485553502,828.9541031457817,0.20462026000500058,3
avGFP,S65T:S72A:Y145L:S147N:H231Y,5,2.918215723298392,828.3535223365496,0.2044720117475003,3
avGFP,S65T:S72A:Y145L:I171S:A206V,5,2.9180750103508015,828.0851763415312,0.20440577282418285,3
sfGFP,S65T:Q69H:S72A:K158G:A206V,5,2.917837659413717,827.6327342725829,4.412670186648433,2
sfGFP,S65T:Q69H:S72A:K158G,4,2.917837659413717,827.6327342725829,4.412670186648433,2
sfGFP,S65T:Q69H:S72A:Q80R:K158G:V163A,6,2.917837659413717,827.6327342725829,4.412670186648433,2
sfGFP,S65T:Q69H:S72A:Q80R:K158G:A206V,6,2.917837659413717,827.6327342725829,4.412670186648433,2
avGFP,S65T:S72A:Y145L:M153I:T203I,5,2.9177674998639636,827.499042382841,0.2042610906486923,3
sfGFP,S65T:Q69H:S72A:Q80R,4,2.9177074683426767,827.3846670101284,4.411347572198826,1
sfGFP,S65T:Q69H:S72A:V163A:A206V,5,2.9177074683426767,827.3846670101284,4.411347572198826,1
sfGFP,S65T:Q69H:S72A,3,2.9177074683426767,827.3846670101284,4.411347572198826,1
sfGFP,S65T:Q69H:S72A:V163A,4,2.9177074683426767,827.3846670101284,4.411347572198826,1
sfGFP,Y39N:S65T:Q69H:S72A,4,2.9177074683426767,827.3846670101284,4.411347572198826,1
sfGFP,S65T:Q69H:S72A:A206V,4,2.9177074683426767,827.3846670101284,4.411347572198826,1
sfGFP,S65T:Q69H:S72A:Q80R:A206V,5,2.9177074683426767,827.3846670101284,4.411347572198826,1
sfGFP,S65T:S72A:N149H,3,2.9176580174691282,827.2904623472707,4.410845303390428,1
sfGFP,Y39N:S65T:S72A:N149H:A206V,5,2.9176580174691282,827.2904623472707,4.410845303390428,1
sfGFP,S65T:S72A:Q80R:N149H:V163A,5,2.9176580174691282,827.2904623472707,4.410845303390428,1
sfGFP,S65T:S72A:Q80R:N149H,4,2.9176580174691282,827.2904623472707,4.410845303390428,1
sfGFP,S65T:S72A:N149H:V163A,4,2.9176580174691282,827.2904623472707,4.410845303390428,1
sfGFP,Y39N:S65T:S72A:N149H,4,2.9176580174691282,827.2904623472707,4.410845303390428,1
sfGFP,S65T:S72A:N149H:A206V,4,2.9176580174691282,827.2904623472707,4.410845303390428,1
sfGFP,S65T:S72A:N149H:M153I:V163A,5,2.917462547862547,826.9181947691353,4.408860493008395,2
sfGFP,Y39N:S65T:S72A:N149H:M153I:V163A,6,2.917462547862547,826.9181947691353,4.408860493008395,2
sfGFP,S65T:S72A:N149H:M153I,4,2.917462547862547,826.9181947691353,4.408860493008395,2
sfGFP,Y39N:S65T:S72A:N149H:M153I,5,2.917462547862547,826.9181947691353,4.408860493008395,2
avGFP,S65T:S72A:K79R:N105Y:N149H:M153I,6,2.9165731760998113,825.2265196446849,0.203700137766278,4
avGFP,S65T:Q69H:S72A:Q80R:A206V,5,2.9162681713710907,824.6471670665105,0.2035571295168095,3
sfGFP,L64M:S65T:S72A:Q80R:L178V:T203I,6,2.916140141333218,824.4040968652487,4.395456135728415,3
avGFP,Y39N:F46Y:S65T:S72A:Y145L:T203I,6,2.9160313985850017,824.1977006333049,0.20344618255596203,4
avGFP,S65T:S72A:F99C:L178V:A206V,5,2.9159935097322243,824.1257988604701,0.20342843421573858,3
avGFP,S65T:S72A:V163A:I171S:S202T,5,2.915963350945091,824.0685709365562,0.2034143079901413,3
sfGFP,Y39N:S65T:S72A:N105Y:N149H:L178V,6,2.915952478752512,824.0479413397512,4.393557229602434,3
sfGFP,S30C:L64M:S65T:S72A:R73L:L178V,6,2.915885996294467,823.9218044857988,4.392884708673979,4
avGFP,Y39N:S65T:S72A:F99C:I167V,5,2.9158768416086507,823.9044368560594,0.20337379289033122,3
avGFP,S65T:S72A:R73L:Y145L:S147N:I171S,6,2.9153491722686318,822.9039979266826,0.20312684306153928,4
sfGFP,S65T:S72A:K79R:N149H:L178V,5,2.9152750385880934,822.7635409367992,4.386709221867691,3
avGFP,S65T:Q69H:S72A:K79R:N105Y:H231Y,6,2.9152185903815098,822.656607714979,0.20306577689484878,4
sfGFP,L64M:S65T:S72A:S147N:A206V,5,2.914620662601773,821.5247702101739,4.380104496816214,2
sfGFP,L64M:S65T:S72A:S147N:V163A,5,2.914620662601773,821.5247702101739,4.380104496816214,2
sfGFP,L64M:S65T:S72A:S147N,4,2.914620662601773,821.5247702101739,4.380104496816214,2
sfGFP,L64M:S65T:S72A:Q80R:S147N,5,2.914620662601773,821.5247702101739,4.380104496816214,2
sfGFP,Y39N:L64M:S65T:S72A:S147N,5,2.914620662601773,821.5247702101739,4.380104496816214,2
avGFP,F46Y:S65T:S72A:S147N:N149H:L178V,6,2.91438744940521,821.0837353973316,0.2026775267596841,4
sfGFP,S65T:S72A:Q80R:M153I:K158G:I167V,6,2.914267123572473,820.8562770640203,4.376540307467658,3
avGFP,S65T:S72A:F99C:S147N:N149H:V163A,6,2.9140106314102847,820.3716265573382,0.20250174875769536,4
sfGFP,L64M:S65T:S72A:Y145L:H231Y,5,2.9139385393334147,820.2354576941726,4.373230299282652,3
avGFP,S65T:S72A:R73L:Q80R:Y145L,5,2.913860110291705,820.0873451224842,0.2024315763067796,3
avGFP,S65T:S72A:Q80R:V163A:L178V,5,2.9136949825606564,819.7755902490397,0.2023546222715442,2
sfGFP,L64M:S65T:S72A:S147N:N149H:T203I,6,2.9136497729780144,819.690256944417,4.370323465134413,4
avGFP,Y39N:L64M:S65T:S72A:V93F:N149H,6,2.913573343680298,819.5460164784818,0.20229795394160452,4
sfGFP,L64M:S65T:S72A:R73L:V163A:I171S,6,2.913472603268605,819.3559338693973,4.368540962576506,3
sfGFP,L64M:S65T:S72A:R73L:I171S,5,2.913472603268605,819.3559338693973,4.368540962576506,3
sfGFP,S65T:S72A:Q80R:F99C,4,2.9133099703032563,819.0491619816924,4.366905354042768,1
sfGFP,S65T:S72A:F99C:V163A:A206V,5,2.9133099703032563,819.0491619816924,4.366905354042768,1
sfGFP,Y39N:S65T:S72A:F99C,4,2.9133099703032563,819.0491619816924,4.366905354042768,1
sfGFP,Y39N:S65T:S72A:Q80R:F99C,5,2.9133099703032563,819.0491619816924,4.366905354042768,1
sfGFP,S65T:S72A:F99C:A206V,4,2.9133099703032563,819.0491619816924,4.366905354042768,1
sfGFP,S65T:S72A:F99C,3,2.9133099703032563,819.0491619816924,4.366905354042768,1
sfGFP,S65T:S72A:Q80R:F99C:A206V,5,2.9133099703032563,819.0491619816924,4.366905354042768,1
sfGFP,S65T:S72A:F99C:V163A,4,2.9133099703032563,819.0491619816924,4.366905354042768,1
avGFP,S65T:Q69H:S72A:V163A:I167V:A206V,6,2.9131024098777707,818.6578109931056,0.202078707982551,4
avGFP,S65T:S72A:V93F:F99C:N105Y,5,2.912890749046662,818.2589213414972,0.20198024546946897,3
sfGFP,S65T:Q69H:S72A:K79R:M153I:L178V,6,2.9124878292376017,817.5001278224142,4.358646404668617,4
avGFP,S30C:S65T:S72A:Q80R:S147N:N149H,6,2.9123848233528604,817.3062562856998,0.20174508821447112,4
avGFP,S65T:S72A:V93F:N149H:I167V:A206V,6,2.9123586960870465,817.2570884137103,0.20173295154404247,4
sfGFP,L64M:S65T:S72A:I167V,4,2.9122342319307117,817.0229048267007,4.35610200592946,2
sfGFP,L64M:S65T:S72A:V163A:I167V,5,2.9122342319307117,817.0229048267007,4.35610200592946,2
sfGFP,L64M:S65T:S72A:I167V:A206V,5,2.9122342319307117,817.0229048267007,4.35610200592946,2
avGFP,Y39N:S65T:Q69H:S72A:Y145L:N149H,6,2.912198960932171,816.9565534344334,0.20165876704412036,4
sfGFP,S30C:L64M:S65T:S72A:M153I:H231Y,6,2.912135258029116,816.8367299283886,4.355109381557243,4
sfGFP,F46Y:S65T:S72A:V93F:M153I:K158G,6,2.912016586568951,816.613558856975,4.353919505549965,4
sfGFP,S30C:S65T:S72A:V93F:N105Y:I167V,6,2.911905667869685,816.4050225947207,4.352807657614063,4
avGFP,S65T:S72A:I171S:S202T:H231Y,5,2.911842636695815,816.2865425425603,0.20149338056206906,3
avGFP,S65T:S72A:Q80R:V93F:S147N,5,2.911836956105306,816.2758655492913,0.20149074503721856,3
sfGFP,S65T:S72A:N149H:S202T,4,2.9117495531558326,816.1116043336704,4.351243246300761,2
sfGFP,S65T:S72A:Q80R:N149H:S202T,5,2.9117495531558326,816.1116043336704,4.351243246300761,2
avGFP,S30C:S65T:S72A:I167V:T203I,5,2.9115204471556133,815.681189572366,0.20134395433728064,3
avGFP,S65T:S72A:R73L:N105Y:L178V,5,2.91142650623611,815.5047711341663,0.20130040694839976,3
sfGFP,S65T:Q69H:S72A:Q80R:S147N:V163A,6,2.911062534426817,814.8216024204071,4.344365373123863,2
sfGFP,S65T:Q69H:S72A:S147N,4,2.911062534426817,814.8216024204071,4.344365373123863,2
sfGFP,S65T:Q69H:S72A:V93F:M153I,5,2.9109082699578424,814.5322234269513,4.342822497879584,3
avGFP,F46Y:S65T:S72A:N105Y:N164T,5,2.910574074925332,813.9056717999349,0.20090568289757169,3
sfGFP,S30C:F46Y:S65T:S72A:I167V:S202T,6,2.9105465971277367,813.8541776438658,4.33920737695903,4
sfGFP,S65T:Q69H:S72A:F99C:I171S,5,2.9102819943589746,813.3584714158017,4.336564431600136,3
sfGFP,S65T:S72A:N105Y:Y145L:N149H:I171S,6,2.9102044505625293,813.2132582574147,4.3357902019833165,4
avGFP,S65T:S72A:F99C:V163A:I167V:L178V,6,2.9101181840917896,813.0517409605635,0.20069489734296092,4
avGFP,F46Y:S65T:Q69H:S72A:K79R:S147N,6,2.9096571082104057,812.1890092517754,0.20048193936869324,4
sfGFP,S30C:S65T:S72A:S147N:S202T,5,2.9095888425480223,812.061353327892,4.3296486172805,3
avGFP,Y39N:S65T:S72A:V163A:I167V,5,2.9094401696818744,811.7834063790967,0.20038181975416774,3
avGFP,Y39N:S65T:S72A:F99C:Y145L,5,2.9093246088015703,811.5674286747379,0.20032850749736913,3
avGFP,Y39N:S65T:S72A:F99C,4,2.9091657388971797,811.270602292307,0.20025523843299164,2
sfGFP,S65T:Q69H:S72A:V93F:T203I,5,2.9088317491610565,810.6469427608596,4.322107437379841,3
avGFP,S65T:Q69H:S72A:Y145L:V163A:N164T,6,2.9088026528124247,810.5926338139541,0.2000878876884941,4
sfGFP,S30C:Y39N:S65T:S72A:Y145L:S147N,6,2.908654674026252,810.3164845977967,4.320345541283061,3
avGFP,Y39N:S65T:S72A:I171S:T203I,5,2.9083358687387473,809.7218687422727,0.1998729467470179,3
avGFP,S65T:S72A:N164T:L178V:T203I,5,2.9082284549662,809.521625521656,0.19982351841351745,3
sfGFP,S65T:Q69H:S72A:V163A:L178V:T203I,6,2.907975535501902,809.0503228047357,4.313594775920181,3
avGFP,S30C:S65T:S72A:K79R:Q80R:A206V,6,2.9079355001485787,808.975744093829,0.1996887722324322,4
avGFP,S65T:S72A:Q80R:Y145L:S147N:I171S,6,2.907920980668744,808.9486985955592,0.19968209628153583,4
avGFP,S65T:Q69H:S72A:F99C:Y145L:I167V,6,2.9074610934748772,808.0925324276719,0.19947075895511962,4
sfGFP,L64M:S65T:Q69H:S72A:K79R,5,2.9074278526625683,808.0306835547264,4.308158389062418,3
sfGFP,L64M:S65T:Q69H:S72A:K79R:V163A,6,2.9074278526625683,808.0306835547264,4.308158389062418,3
avGFP,F46Y:S65T:S72A:Q80R:S147N:T203I,6,2.906279834131652,805.8975474971392,0.1989289456201132,4
sfGFP,S65T:Q69H:S72A:F99C:S202T,5,2.9060369153241625,805.4469018198537,4.294382500122621,3
sfGFP,L64M:S65T:S72A:N164T:L178V:T203I,6,2.9059956136236016,805.3703069139366,4.293974120845445,4
avGFP,S65T:S72A:K79R:Q80R:N149H:A206V,6,2.905737533006545,804.8918557044016,0.1986806991667403,4
avGFP,S65T:S72A:M153I:L178V:H231Y,5,2.9057016239102134,804.8253069787821,0.19866427218062904,3
avGFP,L64M:S65T:S72A:N105Y:Y145L:S202T,6,2.9055937371850704,804.6253984233811,0.1986149264563867,4
sfGFP,S65T:S72A:R73L:Q80R:N149H,5,2.9053384431529223,804.1525494528881,4.2874814317329735,2
sfGFP,S65T:S72A:R73L:N149H,4,2.9053384431529223,804.1525494528881,4.2874814317329735,2
sfGFP,Y39N:S65T:S72A:R73L:Q80R:N149H,6,2.9053384431529223,804.1525494528881,4.2874814317329735,2
avGFP,F46Y:S65T:S72A:M153I:L178V,5,2.90526839168029,804.0228505279998,0.1984661926404245,3
avGFP,L64M:S65T:S72A:R73L:S202T:T203I,6,2.9050977876403508,803.7070680035439,0.19838824441384115,4
sfGFP,S65T:S72A:Q80R:F99C:I167V,5,2.9050833415974755,803.6803345446815,4.284963734497417,2
sfGFP,S65T:S72A:F99C:I167V,4,2.9050833415974755,803.6803345446815,4.284963734497417,2
sfGFP,Y39N:S65T:S72A:F99C:I167V,5,2.9050833415974755,803.6803345446815,4.284963734497417,2
sfGFP,F46Y:S65T:S72A:K158G:V163A:N164T,6,2.9050137206737268,803.5515084025045,4.284276875153525,3
avGFP,S65T:S72A:N105Y:M153I:K158G:L178V,6,2.904904111819971,803.3487306794276,0.19829979189740882,4
sfGFP,S30C:S65T:S72A:V93F:Y145L,5,2.9046866946110783,802.9466575847505,4.2810520061260595,3
sfGFP,Y39N:L64M:S65T:S72A:V93F:S147N,6,2.9045649300654235,802.7215643952352,4.279851882006434,3
avGFP,S65T:S72A:V93F:M153I:N164T:I167V,6,2.9045166670723988,802.6323631866568,0.19812296268325374,4
avGFP,S65T:S72A:Q80R:F99C:N105Y:S147N,6,2.9044069859366073,802.4296838587633,0.19807293301742082,4
avGFP,S65T:S72A:Y145L:T203I:H231Y,5,2.9043673018343696,802.3563643759963,0.19805483472757549,3
avGFP,S65T:Q69H:S72A:N149H:V163A,5,2.9042650187509045,802.1674192636776,0.1980081952358803,3
avGFP,S30C:S65T:S72A:N105Y:M153I,5,2.90422337608635,802.0905065035643,0.19798920997612665,3
sfGFP,S65T:S72A:K79R:T203I,4,2.9041412236746567,801.9387950719788,4.275678409024131,2
avGFP,Y39N:S65T:S72A:Y145L:S147N:I167V,6,2.904130407339301,801.9188226079276,0.19794683126875248,4
sfGFP,L64M:S65T:S72A:V93F:N149H,5,2.9039798145984443,801.6408033757631,4.274089613633001,3
sfGFP,S65T:Q69H:S72A:S147N:I171S,5,2.9039682188413063,801.6193996776766,4.273975496034073,3
sfGFP,S65T:Q69H:S72A:Y145L:V163A:I167V,6,2.9039164578920973,801.5238651723281,4.273466136935416,3
avGFP,F46Y:S65T:S72A:Q80R,4,2.9038592173497704,801.4182303110132,0.19782326432389702,2
sfGFP,F46Y:S65T:S72A:F99C:S147N,5,2.903639799008824,801.0134325250508,4.2707446750699525,3
sfGFP,F46Y:S65T:S72A:F99C:S147N:A206V,6,2.903639799008824,801.0134325250508,4.2707446750699525,3
avGFP,S65T:S72A:R73L:V93F:M153I:I171S,6,2.903635593652111,801.005676196,0.19772142885440624,4
sfGFP,S65T:S72A:Y145L:N149H,4,2.9035172606123547,800.7874543938254,4.269539832727208,2
sfGFP,S65T:S72A:Q80R:Y145L:N149H:A206V,6,2.9035172606123547,800.7874543938254,4.269539832727208,2
sfGFP,S65T:S72A:Y145L:N149H:I171S:S202T,6,2.9031159529109174,800.0478324202697,4.2655964074650745,4
sfGFP,S65T:S72A:Y145L:S202T,4,2.903085423842052,799.9915944114251,4.265296564582225,2
sfGFP,S65T:S72A:Y145L:V163A:S202T,5,2.903085423842052,799.9915944114251,4.265296564582225,2
sfGFP,S65T:S72A:Y145L:S202T:A206V,5,2.903085423842052,799.9915944114251,4.265296564582225,2
sfGFP,S65T:Q69H:S72A:Y145L:T203I,5,2.9030177315058387,799.8669115474095,4.264631795858073,3
avGFP,S65T:Q69H:S72A:V93F:I167V:S202T,6,2.903012015743401,799.8563845447567,0.19743773599902795,4
avGFP,F46Y:S65T:S72A:V93F:N149H,5,2.902946792449365,799.7362693853925,0.1974080865949821,3
avGFP,L64M:S65T:S72A:N105Y:S147N,5,2.902476530265336,798.8707686767779,0.19719444511669137,3
avGFP,Y39N:S65T:S72A:R73L:Q80R,5,2.9024533546455213,798.8281390049802,0.19718392234529297,3
avGFP,S65T:S72A:I167V:L178V:S202T:A206V,6,2.902359887782017,798.6562373808479,0.19714148989349406,4
avGFP,S65T:S72A:V93F:N149H:H231Y,5,2.9021091014284566,798.1951809434094,0.19702768203881596,3
avGFP,S65T:Q69H:S72A:R73L:A206V,5,2.9019939310503076,797.9835359502068,0.19697543927486372,3
avGFP,S65T:S72A:V93F:N105Y:I167V:T203I,6,2.9019747636524076,797.9483180713976,0.1969667460414369,4
avGFP,S65T:S72A:R73L:M153I:L178V,5,2.9018945037839017,797.8008667167157,0.19693034893040434,3
sfGFP,S65T:Q69H:S72A:F99C:M153I,5,2.901888808604225,797.7904047152858,4.253560532710734,3
sfGFP,S65T:S72A:K79R:N149H:I171S:H231Y,6,2.9017563433245614,797.5471057135209,4.252263341085667,4
avGFP,F46Y:L64M:S65T:S72A:K79R,5,2.9015664243805896,797.1984110003344,0.1967816378680432,3
sfGFP,L64M:S65T:S72A:R73L:V93F:H231Y,6,2.901325991704759,796.757190795294,4.24805177010097,4
avGFP,S65T:Q69H:S72A:Y145L:K158G,5,2.901140221299103,796.4164490622338,0.19658861722373858,3
avGFP,S65T:Q69H:S72A:N164T:I171S:S202T,6,2.901129805124895,796.3973479376731,0.1965839022738286,4
sfGFP,S65T:Q69H:S72A:K79R:K158G,5,2.9009925899789337,796.1457662999167,4.244791852349517,3
sfGFP,S65T:Q69H:S72A:K79R:M153I,5,2.9009631869269263,796.0918666444265,4.244504476810824,3
avGFP,Y39N:S65T:S72A:Y145L:T203I:H231Y,6,2.900909698135249,795.9938240221032,0.19648429583215854,4
avGFP,S65T:Q69H:S72A:N105Y:I171S:T203I,6,2.9005691123320485,795.3698282513756,0.19633026779084264,4
sfGFP,S65T:S72A:V93F:F99C:I167V,5,2.90042403748811,795.1041815804718,4.2392384593431345,3
avGFP,S65T:S72A:Q80R:N105Y:N149H:V163A,6,2.900404596100295,795.0685891808299,0.19625590949198776,2
avGFP,S65T:S72A:Q80R:V163A:L178V:S202T,6,2.9003651886419934,794.9964487044423,0.19623810222982535,3
avGFP,Y39N:L64M:S65T:S72A:M153I:H231Y,6,2.900319505368212,794.9128277240677,0.19621746110303534,4
sfGFP,S65T:Q69H:S72A:R73L:N149H:I171S,6,2.9003005465748397,794.8781271701005,4.238033210304644,4
avGFP,Y39N:S65T:S72A:R73L:F99C:N105Y,6,2.9001845259360066,794.6658059121094,0.19615648587268422,4
avGFP,S65T:S72A:Y145L:K158G:T203I:H231Y,6,2.9001497466295056,794.6021697846513,0.19614077783662195,4
sfGFP,S65T:S72A:V93F:N105Y:S202T,5,2.900055156410365,794.429122665884,4.2356392634398325,3
avGFP,Y39N:S65T:S72A:I167V:A206V,5,2.8999822478271207,794.2957665154031,0.19606514479930176,3
avGFP,S65T:S72A:L178V:T203I:H231Y,5,2.8996668126058447,793.7190659022189,0.1959227911648038,3
sfGFP,F46Y:S65T:S72A:K79R:V163A:I171S,6,2.899323908824468,793.0926203428673,4.228513465110522,3
avGFP,S65T:S72A:K79R:I167V:S202T:H231Y,6,2.8991037642666804,792.6907023179028,0.19566894837277962,4
sfGFP,S65T:S72A:K79R:V93F,4,2.8990512721111794,792.5948974417391,4.225859767502789,2
sfGFP,S65T:S72A:K79R:V93F:V163A:A206V,6,2.8990512721111794,792.5948974417391,4.225859767502789,2
sfGFP,S65T:S72A:K79R:Q80R:V93F:V163A,6,2.8990512721111794,792.5948974417391,4.225859767502789,2
avGFP,S65T:Q69H:S72A:R73L:Q80R:S202T,6,2.89896960163205,792.4458614267436,0.19560851148415245,4
avGFP,F46Y:S65T:S72A:N105Y:I171S:A206V,6,2.8989438447157805,792.3988648442357,0.19559691077803903,4
avGFP,S65T:S72A:R73L:Y145L:I171S,5,2.8988933974352635,792.3068258064925,0.19557419172548574,3
avGFP,S30C:S65T:S72A:V163A:L178V:T203I,6,2.8987820122293098,792.1036458294436,0.19552403847867295,4
avGFP,S65T:Q69H:S72A:R73L:F99C,5,2.8985200703337473,791.6260377086007,0.19540614498192024,3
avGFP,S30C:S65T:Q69H:S72A:V93F:T203I,6,2.898422899098653,791.4489351248409,0.19536242871753481,4
avGFP,S30C:S65T:S72A:R73L:K79R:S202T,6,2.8983174375790495,791.2567676501957,0.19531499381314482,4
sfGFP,S65T:S72A:R73L:Q80R:N149H:M153I,6,2.8982047187356987,791.0514277759357,4.2176304862089875,3
avGFP,S65T:Q69H:S72A:N164T,4,2.8981349187228544,790.9242998357129,0.19523292696483008,2
sfGFP,S65T:S72A:R73L:F99C:N149H,5,2.8979662622956144,790.6172073582608,4.215315363314299,3
avGFP,S65T:S72A:F99C:M153I:I171S:A206V,6,2.8975634728485105,789.8842838435926,0.19497620787518513,4
sfGFP,L64M:S65T:S72A:F99C,4,2.8970769276291017,788.9998626902513,4.206692204390634,2
avGFP,Y39N:S65T:S72A:S147N:V163A:I171S,6,2.896951525200512,788.7720720559608,0.19470166786832327,4
avGFP,F46Y:S65T:S72A:K79R:S147N:I171S,6,2.89691938924308,788.7137084133404,0.19468726130023645,4
avGFP,S65T:Q69H:S72A:F99C:N164T,5,2.896867039108221,788.618642087832,0.19466379498748226,3
avGFP,S30C:S65T:Q69H:S72A:R73L:A206V,6,2.8967798817292496,788.4603922362581,0.19462473235946476,4
sfGFP,S30C:S65T:S72A:V93F:V163A,5,2.896698070334651,788.3118778717252,4.203024091746146,2
sfGFP,S30C:S65T:S72A:V93F,4,2.896698070334651,788.3118778717252,4.203024091746146,2
sfGFP,S30C:S65T:S72A:Q80R:V93F,5,2.896698070334651,788.3118778717252,4.203024091746146,2
sfGFP,S30C:Y39N:S65T:S72A:V93F,5,2.896698070334651,788.3118778717252,4.203024091746146,2
sfGFP,S30C:Y39N:S65T:S72A:V93F:V163A,6,2.896698070334651,788.3118778717252,4.203024091746146,2
sfGFP,F46Y:S65T:S72A:F99C:K158G,5,2.8963010048567344,787.5914717887908,4.1991831194008,3
sfGFP,S65T:S72A:N149H:I171S:L178V,5,2.895998387556998,787.0428675669742,4.196258139039785,3
sfGFP,Y39N:S65T:S72A:N149H:I171S:L178V,6,2.895998387556998,787.0428675669742,4.196258139039785,3
avGFP,S65T:S72A:V93F:N149H:K158G:L178V,6,2.8959461278486534,786.9481664877464,0.19425145231335306,4
avGFP,F46Y:S65T:S72A:I167V:L178V,5,2.895881954874513,786.8318926792315,0.19422275111404683,3
sfGFP,S65T:Q69H:S72A:Q80R:N149H:N164T,6,2.8955164986967223,786.1700569085905,4.191604594766644,3
sfGFP,S65T:Q69H:S72A:N149H:N164T,5,2.8955164986967223,786.1700569085905,4.191604594766644,3
avGFP,S65T:S72A:F99C:Y145L:A206V,5,2.8954303163319444,786.0140630489794,0.19402087683542643,3
avGFP,S65T:S72A:N164T:I171S:L178V:T203I,6,2.8952598586446756,785.7056183074006,0.19394473987804906,4
avGFP,S65T:S72A:N105Y:S147N:M153I:S202T,6,2.8952555368525643,785.6977995586277,0.1939428098865082,4
sfGFP,L64M:S65T:S72A:S147N:N149H:I167V,6,2.8951699343023614,785.5429481615265,4.188261053655515,4
avGFP,S65T:S72A:R73L:N105Y:A206V,5,2.894998343026486,785.2326386885925,0.19382798888760178,3
avGFP,S65T:S72A:K79R:N105Y:H231Y,5,2.8948273589666726,784.9235492489681,0.19375169279200286,3
avGFP,S30C:S65T:S72A:R73L:K79R:N149H,6,2.8947399282327573,784.7655469314702,0.19371269126566368,4
sfGFP,F46Y:S65T:S72A:N164T:A206V,5,2.89467195852373,784.6427359949251,4.183461413398764,2
sfGFP,F46Y:S65T:S72A:V163A:N164T,5,2.89467195852373,784.6427359949251,4.183461413398764,2
sfGFP,F46Y:S65T:S72A:N164T,4,2.89467195852373,784.6427359949251,4.183461413398764,2
sfGFP,S65T:S72A:S147N:L178V,4,2.8940544555789263,783.527882074575,4.177517372699213,2
sfGFP,S65T:S72A:Q80R:S147N:L178V,5,2.8940544555789263,783.527882074575,4.177517372699213,2
avGFP,S65T:S72A:V93F:M153I:S202T,5,2.893833592859258,783.1295161952798,0.19330885101281367,3
avGFP,F46Y:L64M:S65T:S72A:I167V:I171S,6,2.893233580053248,782.048306754216,0.19304196367114929,4
avGFP,S65T:S72A:F99C:I171S:A206V,5,2.8930937566804653,781.7965627517177,0.19297982280828316,3
avGFP,S65T:S72A:K158G,3,2.8930752930339785,781.7633260675705,0.19297161861588444,1
avGFP,L64M:S65T:S72A:N105Y:N149H:I171S,6,2.892877598909335,781.407542487456,0.1928837964694082,4
avGFP,S65T:S72A:N105Y:L178V:H231Y,5,2.8927175061143946,781.1195474327336,0.19281270734305755,3
avGFP,S65T:S72A:F99C:N105Y:N149H,5,2.892292820908755,780.3560844201879,0.19262425300096733,3
avGFP,S65T:S72A:F99C:Y145L:H231Y,5,2.892268686194601,780.3127194949687,0.19261354873852415,3
avGFP,S65T:S72A:K79R:Y145L:S147N:N149H,6,2.89206263265808,779.9425834117284,0.19252218379889424,4
avGFP,F46Y:L64M:S65T:S72A:N149H,5,2.89187373783318,779.6034239501012,0.19243846517447588,3
avGFP,F46Y:S65T:S72A:N149H:I171S:S202T,6,2.8917790326470176,779.4334369001755,0.19239650531901312,4
sfGFP,F46Y:S65T:Q69H:S72A:Q80R,5,2.891630368884151,779.1666739493716,4.154264820842659,2
sfGFP,F46Y:S65T:Q69H:S72A:A206V,5,2.891630368884151,779.1666739493716,4.154264820842659,2
sfGFP,F46Y:S65T:Q69H:S72A:V163A:A206V,6,2.891630368884151,779.1666739493716,4.154264820842659,2
sfGFP,F46Y:S65T:Q69H:S72A:Q80R:V163A,6,2.891630368884151,779.1666739493716,4.154264820842659,2
sfGFP,F46Y:S65T:Q69H:S72A,4,2.891630368884151,779.1666739493716,4.154264820842659,2
avGFP,S65T:S72A:V93F:N164T:A206V,5,2.8915727657262122,779.0633351171671,0.1923051488461033,3
sfGFP,S65T:S72A:R73L:F99C:M153I:I167V,6,2.8915618209704723,779.0437020091634,4.153609174211153,4
sfGFP,F46Y:S65T:S72A:N149H:M153I,5,2.89156156647941,779.043245499561,4.15360674024953,3
sfGFP,F46Y:S65T:S72A:N149H:M153I:V163A,6,2.89156156647941,779.043245499561,4.15360674024953,3
sfGFP,S65T:S72A:R73L:I167V:L178V,5,2.8911948902498144,778.3857743702457,4.150101316731621,3
sfGFP,S65T:Q69H:S72A:Q80R:T203I,5,2.8911585195781,778.3205899637439,4.149753774548604,2
sfGFP,Y39N:S65T:Q69H:S72A:T203I,5,2.8911585195781,778.3205899637439,4.149753774548604,2
sfGFP,S65T:Q69H:S72A:T203I,4,2.8911585195781,778.3205899637439,4.149753774548604,2
avGFP,Y39N:S65T:S72A:N149H:L178V:S202T,6,2.8911397574865716,778.2869662191935,0.19211350879611708,4
sfGFP,S65T:S72A:N105Y:I167V:S202T:H231Y,6,2.89106167479099,778.1470489877536,4.148828510165981,4
avGFP,F46Y:S65T:S72A:Q80R:Y145L:I167V,6,2.8909939878894613,778.0257804461957,0.19204903731262044,4
avGFP,S65T:Q69H:S72A:R73L:V93F,5,2.8909742597040156,777.9904387854062,0.1920403135246661,3
sfGFP,S65T:S72A:K158G:I167V,4,2.8909629100826955,777.9701074621638,4.1478851151522065,2
sfGFP,S65T:S72A:V93F:S147N:M153I:K158G,6,2.890656274729078,777.4210124285847,4.144957517941542,4
avGFP,L64M:S65T:S72A:V93F:I167V:L178V,6,2.8903566297028394,776.8848094491427,0.19176739833986048,4
sfGFP,S65T:S72A:V93F:Y145L:K158G:I171S,6,2.890265140127448,776.7211661651139,4.141226163907111,4
avGFP,S65T:S72A:N105Y:I167V:L178V:A206V,6,2.8902174840318096,776.635939506937,0.19170596691429867,4
avGFP,Y39N:S65T:S72A:Y145L:N149H:V163A,6,2.890072834116323,776.3773094270124,0.19164212628186986,4
avGFP,L64M:S65T:S72A:R73L:Y145L:V163A,6,2.890024626820233,776.2911352405054,0.19162085491789219,4
avGFP,S65T:Q69H:S72A:K79R:Y145L,5,2.8897348877640723,775.7734062370213,0.19149305792297652,3
avGFP,F46Y:S65T:S72A:K79R:N105Y:V163A,6,2.8894800312034703,775.3182935186862,0.19138071722473535,4
avGFP,S65T:Q69H:S72A:S147N:K158G:L178V,6,2.88923600973423,774.8827798875427,0.1912732143942383,4
avGFP,F46Y:S65T:S72A:N105Y:Y145L:N149H,6,2.889198144751905,774.8152228612729,0.1912565385176994,4
sfGFP,S65T:S72A:F99C:V163A:S202T:A206V,6,2.8891256887846004,774.6859665479461,4.13037513747635,2
sfGFP,S65T:S72A:F99C:S202T,4,2.8891256887846004,774.6859665479461,4.13037513747635,2
sfGFP,S65T:S72A:F99C:S202T:A206V,5,2.8891256887846004,774.6859665479461,4.13037513747635,2
sfGFP,S65T:S72A:V93F:N149H:N164T:T203I,6,2.888963952532148,774.3975183116445,4.1288372247283265,4
avGFP,S65T:Q69H:S72A:F99C:N105Y:V163A,6,2.888816452212164,774.1345527625627,0.1910885209012268,4
avGFP,S30C:S65T:S72A:N105Y:L178V,5,2.888768841787289,774.0496913233281,0.19106757357773244,3
sfGFP,S65T:S72A:V93F:N105Y:L178V:H231Y,6,2.888630497269079,773.8031570433872,4.125668282587774,4
avGFP,S65T:S72A:R73L:V163A,4,2.8885588525352492,773.6755147385512,0.19097521127471193,2
avGFP,S65T:Q69H:S72A:S147N:M153I:L178V,6,2.8884415667447816,773.4666037429131,0.19092364337477255,4
avGFP,S65T:S72A:R73L:K79R:I167V,5,2.888375449787315,773.3488602113888,0.19089457938685936,3
avGFP,S65T:S72A:N105Y:S147N:N149H:T203I,6,2.8883290922243123,773.2663156323366,0.1908742039605679,4
sfGFP,L64M:S65T:S72A:R73L:S147N,5,2.8882153711551797,773.06386046979,4.121726592253025,3
avGFP,Y39N:S65T:S72A:V93F:N105Y,5,2.8880256862800042,772.7262865209648,0.1907409023739543,3
avGFP,S65T:Q69H:S72A:V163A:T203I,5,2.8879660419477173,772.620170554403,0.19071470855141798,3
sfGFP,Y39N:F46Y:S65T:S72A:N149H:H231Y,6,2.887934115182327,772.5633741702084,4.119058161098074,3
avGFP,S65T:S72A:R73L:Q80R:N164T,5,2.887836701108874,772.3901043990248,0.19065791868047918,3
sfGFP,S65T:S72A:N105Y:Y145L:V163A:H231Y,6,2.887603794670926,771.9759927617083,4.115926433313336,3
avGFP,S65T:S72A:Q80R:V93F:M153I:I167V,6,2.8875486801053443,771.8780306101602,0.19053151762712583,4
sfGFP,S65T:S72A:F99C:N105Y:Y145L:H231Y,6,2.8875116229351763,771.8121711612808,4.1150529894991905,4
avGFP,S65T:S72A:Q80R:K158G:A206V,5,2.887443148163683,771.6904899101927,0.19048522480265792,3
sfGFP,S65T:Q69H:S72A:N149H:H231Y,5,2.8874394798005047,771.6839716854847,4.114369471337857,3
sfGFP,F46Y:S65T:S72A:K79R:M153I:T203I,6,2.887382949264515,771.5835309216599,4.113833953655073,4
sfGFP,S65T:S72A:F99C:N105Y:H231Y,5,2.887372452744961,771.5648826447741,4.113734527071229,3
avGFP,S65T:S72A:R73L:Q80R:N105Y:N149H,6,2.887214889655369,771.2850078098638,0.19038513499975834,4
sfGFP,S65T:S72A:N149H:I171S:H231Y,5,2.8871368634140055,771.1464496035384,4.111503577364059,3
avGFP,S65T:S72A:N105Y:N164T:I171S:T203I,6,2.8868429813111733,770.6248001484406,0.19022216836164765,4
avGFP,S65T:S72A:K79R:V93F:V163A,5,2.8868159160787967,770.5767763068646,0.19021031408538264,3
sfGFP,F46Y:S65T:Q69H:S72A:Y145L:M153I,6,2.88680025014112,770.5489804436187,4.108318064949864,4
sfGFP,F46Y:S65T:S72A:R73L:N105Y:M153I,6,2.886279911553969,769.6263201550314,4.1033987385635875,4
avGFP,S65T:S72A:R73L:F99C,4,2.886077477886537,769.2676649561563,0.18988717109840558,2
sfGFP,Y39N:S65T:S72A:Y145L:I167V:S202T,6,2.8860596607593036,769.2361060501893,4.101318243102807,3
sfGFP,S65T:S72A:Y145L:I167V:S202T,5,2.8860596607593036,769.2361060501893,4.101318243102807,3
sfGFP,S65T:S72A:M153I:I167V:S202T:A206V,6,2.8860019986404897,769.1339798636501,4.100773739290965,3
avGFP,S65T:Q69H:S72A:S147N:M153I:V163A,6,2.8859745369529244,769.0853468504491,0.189842167426849,4
sfGFP,S30C:S65T:S72A:K79R:K158G:S202T,6,2.8857729894961976,768.7285123987082,4.0986119178451546,4
avGFP,Y39N:S65T:S72A:M153I:S202T,5,2.8856853675483114,768.5734316919683,0.1897158055300548,3
sfGFP,F46Y:S65T:Q69H:S72A:S147N:K158G,6,2.8854425674727313,768.1438670968372,4.09549477809645,4
sfGFP,F46Y:S65T:S72A,3,2.8848594245366055,767.1131446442971,4.08999929918571,1
sfGFP,F46Y:S65T:S72A:V163A,4,2.8848594245366055,767.1131446442971,4.08999929918571,1
sfGFP,F46Y:S65T:S72A:V163A:A206V,5,2.8848594245366055,767.1131446442971,4.08999929918571,1
sfGFP,F46Y:S65T:S72A:Q80R:V163A,5,2.8848594245366055,767.1131446442971,4.08999929918571,1
sfGFP,F46Y:S65T:S72A:A206V,4,2.8848594245366055,767.1131446442971,4.08999929918571,1
sfGFP,F46Y:S65T:S72A:Q80R,4,2.8848594245366055,767.1131446442971,4.08999929918571,1
sfGFP,Y39N:F46Y:S65T:S72A,4,2.8848594245366055,767.1131446442971,4.08999929918571,1
avGFP,S65T:S72A:K79R:V93F:I171S,5,2.8843650233112514,766.2403592406831,0.18913990646666778,3
sfGFP,S65T:S72A:F99C:S147N:I171S:T203I,6,2.8843454238336244,766.2057800034751,4.085161524248626,4
avGFP,Y39N:S65T:S72A:Q80R:S202T:T203I,6,2.884019066500096,765.6302190542101,0.18898929855831456,4
avGFP,L64M:S65T:S72A:S147N:M153I:S202T,6,2.8837660738389266,765.1843409064703,0.18887923733517226,4
avGFP,S65T:S72A:K79R:F99C:T203I,5,2.8835059468096262,764.7261597893636,0.1887661392288284,3
sfGFP,F46Y:S65T:S72A:Y145L:M153I,5,2.8834994287352544,764.7146825434247,4.077211474625305,3
avGFP,F46Y:S65T:S72A:R73L:S147N:I171S,6,2.8833597952906174,764.4688526151681,0.18870262514441138,4
avGFP,S65T:S72A:F99C:V163A:S202T,5,2.8833003823710164,764.3642779043323,0.18867681176772386,3
avGFP,L64M:S65T:S72A:R73L:V93F:S147N,6,2.8832155423597023,764.2149728982547,0.18863995709863215,4
avGFP,F46Y:S65T:S72A:F99C:V163A:I167V,6,2.883152963797573,764.1048632127329,0.1886127774605858,4
sfGFP,L64M:S65T:Q69H:S72A:Y145L,5,2.883109204992596,764.0278771292191,4.073549650183383,3
avGFP,S65T:S72A:K79R:V163A:I171S,5,2.8829150715347005,763.686426261417,0.18850948986305893,3
avGFP,L64M:S65T:S72A:R73L:N105Y:T203I,6,2.8829125430354514,763.6819800273186,0.18850839234804115,4
sfGFP,S65T:S72A:K79R:S147N:I171S:L178V,6,2.8828512825176116,763.574264511513,4.071131134347131,4
sfGFP,S65T:S72A:Q80R:F99C:N164T:I171S,6,2.8828314936285464,763.5394725839301,4.070945635036599,3
sfGFP,S65T:S72A:F99C:N164T:I171S,5,2.8828314936285464,763.5394725839301,4.070945635036599,3
avGFP,L64M:S65T:S72A:M153I:S202T:A206V,6,2.882808580596941,763.4991899110132,0.18846327216468864,4
avGFP,S65T:S72A:K79R:V93F:I171S:S202T,6,2.8825618090409493,763.0654833532452,0.18835621539486316,4
sfGFP,S30C:S65T:Q69H:S72A:V163A:S202T,6,2.882310152050741,762.6234442659731,4.066061668173777,3
sfGFP,S65T:S72A:F99C:N105Y:I167V:L178V,6,2.882132617162512,762.3117557598977,4.0643998458203034,4
avGFP,S65T:S72A:Y145L:N164T,4,2.881783451587918,761.6991160358764,0.18801893926017568,2
avGFP,S65T:S72A:F99C:N105Y:I167V,5,2.8815401799318563,761.2725669439532,0.1879136492498325,3
avGFP,S65T:S72A:Y145L:S147N:I171S:T203I,6,2.881522091713007,761.2408608583053,0.18790582287263696,4
avGFP,L64M:S65T:S72A:R73L:N105Y,5,2.881264588847268,760.7896379899008,0.18779444235072057,3
avGFP,S65T:S72A:Y145L:V163A:I167V:T203I,6,2.881226817910559,760.7234743868297,0.18777811042883022,4
avGFP,S65T:S72A:F99C:L178V,4,2.880425021234276,759.3203185034924,0.18743175334996848,2
avGFP,S65T:S72A:R73L:N164T:I171S,5,2.8797794777877304,758.192488991054,0.18715335824075713,3
avGFP,S65T:S72A:V93F:V163A:I171S,5,2.8797747319347864,758.1842037133323,0.18715131309051877,3
avGFP,S65T:S72A:V93F:I167V:I171S,5,2.879745811662002,758.1337168551036,0.187138850839571,3
avGFP,S30C:F46Y:S65T:S72A:Q80R,5,2.879692612088755,758.0408537824817,0.18711592838102636,3
sfGFP,S65T:Q69H:S72A:F99C:T203I:A206V,6,2.8796371315946945,757.9440213413033,4.041112497877174,3
avGFP,Y39N:S65T:S72A:Q80R:T203I:A206V,6,2.879446734302729,757.6118069879801,0.18701002183407514,4
avGFP,S65T:S72A:K79R:V93F:S202T,5,2.878894307126149,756.6487294049205,0.18677229433540807,3
avGFP,S65T:S72A:V93F:L178V:S202T:H231Y,6,2.8787476389807014,756.3932402531908,0.1867092290143523,4
avGFP,S65T:S72A:S147N:V163A:H231Y,5,2.878742574223685,756.3844192209369,0.18670705161767082,3
sfGFP,S65T:S72A:F99C:K158G,4,2.878536817452637,756.0261499792548,4.030887027773486,2
avGFP,L64M:S65T:S72A:N149H:V163A:I167V,6,2.8783410359533192,755.6854075077506,0.18653450652988376,4
sfGFP,S65T:S72A:N149H:K158G,4,2.87795001197975,755.0053202905201,4.025444293881279,2
avGFP,S30C:S65T:S72A:N105Y:I171S:S202T,6,2.8778586117943687,754.846441078225,0.18632741481238876,4
avGFP,S65T:S72A:Q80R:N149H:A206V,5,2.8777186196551545,754.6031602104084,0.1862673630022367,3
avGFP,L64M:S65T:Q69H:S72A:R73L,5,2.877425638179732,754.0942654403982,0.18614174666261124,3
avGFP,S30C:S65T:Q69H:S72A:F99C,5,2.8774180096114628,754.0810195685272,0.18613847703195743,3
sfGFP,S65T:S72A:Y145L:I167V:T203I,5,2.8773020447282094,753.8796924803748,4.0194428102842625,3
avGFP,F46Y:S65T:S72A:S147N:A206V,5,2.8772786667786177,753.8391124411617,0.18607876431793532,3
avGFP,L64M:S65T:S72A:Y145L:K158G:I167V,6,2.877242881618308,753.7769998810412,0.18606343236149384,4
sfGFP,F46Y:S65T:S72A:K158G:T203I,5,2.877221759477997,753.7403404320913,4.018699830211768,3
sfGFP,Y39N:F46Y:S65T:S72A:K158G:T203I,6,2.877221759477997,753.7403404320913,4.018699830211768,3
avGFP,L64M:S65T:S72A:N149H:V163A:L178V,6,2.877220888542047,753.7388288796111,0.18605401017490036,4
sfGFP,L64M:S65T:S72A:N105Y:I167V,5,2.8771950354875644,753.6939610034833,4.0184525500917125,3
sfGFP,L64M:S65T:S72A:R73L:F99C:K158G,6,2.877026360322044,753.4012914571721,4.01689213068336,4
sfGFP,Y39N:L64M:S65T:S72A:A206V:H231Y,6,2.876836457182812,753.0719250936163,4.0151360557086,2
sfGFP,L64M:S65T:S72A:V163A:H231Y,5,2.876836457182812,753.0719250936163,4.0151360557086,2
sfGFP,L64M:S65T:S72A:H231Y,4,2.876836457182812,753.0719250936163,4.0151360557086,2
sfGFP,S65T:S72A:K79R:Y145L:M153I:K158G,6,2.8767133622472643,752.8585072216555,4.013998180607844,4
sfGFP,S65T:Q69H:S72A:Q80R:S147N:S202T,6,2.8766943154999782,752.8254900135416,4.0138221435278005,3
sfGFP,S65T:S72A:K79R:F99C:L178V,5,2.8764204926289754,752.3509827993447,4.011292224457748,3
sfGFP,S65T:S72A:K79R:F99C:L178V:A206V,6,2.8764204926289754,752.3509827993447,4.011292224457748,3
avGFP,S65T:S72A:V93F:S147N:L178V:H231Y,6,2.8763622684389754,752.250124759144,0.18568653624233342,4
sfGFP,F46Y:S65T:S72A:V93F:N105Y:S147N,6,2.876235941782916,752.0313436621507,4.009588011909385,4
sfGFP,S65T:S72A:K79R:V93F:V163A:T203I,6,2.876215069797269,751.9952022629606,4.009395317652493,3
sfGFP,Y39N:L64M:S65T:S72A:I167V:H231Y,6,2.8760859808330532,751.7717136852082,4.008203748804058,3
avGFP,S65T:S72A:V163A:I171S:T203I,5,2.8760524668514735,751.7137026067561,0.18555412500282387,3
avGFP,S65T:S72A:R73L:K79R:N149H,5,2.8759654684334266,751.563133451913,0.1855169582893764,3
sfGFP,S30C:S65T:S72A:K79R:S202T,5,2.8759298948221446,751.5015744846108,4.006763453915568,3
avGFP,Y39N:S65T:S72A:K79R:I167V:I171S,6,2.8758902574086016,751.4329891798592,0.18548483328428292,4
sfGFP,S65T:Q69H:S72A:N105Y:K158G:I167V,6,2.8758362598407112,751.339566322367,4.005899678767578,4
avGFP,S65T:S72A:N105Y:K158G:T203I:A206V,6,2.875770416398297,751.2256642683838,0.18543365689571012,4
avGFP,L64M:S65T:S72A:Q80R:Y145L:I167V,6,2.87563598145366,750.9931599294317,0.18537626517992256,4
sfGFP,S65T:Q69H:S72A:S147N:I171S:H231Y,6,2.8755667917491277,750.8735248473884,4.00341489628228,4
avGFP,S30C:L64M:S65T:S72A:R73L:S147N,6,2.8755604496901177,750.8625598233516,0.18534402765608213,4
sfGFP,S65T:S72A:K79R:Q80R:N149H,5,2.8751434613427787,750.1419642668279,3.999514451761555,2
sfGFP,S65T:S72A:K79R:N149H,4,2.8751434613427787,750.1419642668279,3.999514451761555,2
sfGFP,S65T:S72A:R73L:N105Y:T203I:H231Y,6,2.874891194708081,749.7063592864895,3.9971919468263377,4
avGFP,S65T:S72A:N105Y:N149H:I171S:T203I,6,2.8746285406594594,749.2530864824864,0.18494674287007384,4
avGFP,S30C:L64M:S65T:S72A:V93F:V163A,6,2.8743212565284906,748.7231415678885,0.18481593048154493,4
avGFP,S65T:S72A:K79R:V163A:A206V,5,2.87426117472226,748.6195677739207,0.18479036417266126,3
avGFP,S65T:S72A:N149H:I167V:S202T,5,2.8741631382557378,748.4505954815778,0.18474865480146493,3
sfGFP,Y39N:L64M:S65T:S72A:R73L,5,2.8741099497578895,748.3589375699005,3.9900079298204605,2
sfGFP,L64M:S65T:S72A:R73L,4,2.8741099497578895,748.3589375699005,3.9900079298204605,2
sfGFP,Y39N:L64M:S65T:S72A:R73L:A206V,6,2.8741099497578895,748.3589375699005,3.9900079298204605,2
sfGFP,L64M:S65T:S72A:R73L:V163A,5,2.8741099497578895,748.3589375699005,3.9900079298204605,2
avGFP,S65T:Q69H:S72A:K158G:I167V:I171S,6,2.8740722709744277,748.2940138087351,0.18471000394915899,4
avGFP,S65T:S72A:Q80R:V163A:S202T:A206V,6,2.8740461084151674,748.2489367984915,0.18469887707310964,3
sfGFP,S65T:S72A:S147N:L178V:T203I,5,2.8737500784658994,747.7390785599013,3.9867030419637075,3
sfGFP,F46Y:S65T:Q69H:S72A:K79R:N149H,6,2.8736664736960162,747.5951473350325,3.9859356472019907,4
avGFP,F46Y:S65T:S72A:V93F:S147N:A206V,6,2.8736253553911943,747.5243695764409,0.18452002382562047,4
avGFP,S30C:S65T:Q69H:S72A:V163A,5,2.8733886102455126,747.1169857719074,0.18441946460323513,3
avGFP,Y39N:F46Y:S65T:S72A:N149H:T203I,6,2.8731696803802818,746.7404555429921,0.1843265213232055,4
sfGFP,S65T:S72A:K79R:S147N:M153I,5,2.8731503939602487,746.7072945637472,3.9812019032455876,3
avGFP,S65T:S72A:V93F:V163A:L178V:H231Y,6,2.873136710857717,746.6837687950695,0.1843125286822924,4
sfGFP,S30C:F46Y:L64M:S65T:S72A:S202T,6,2.8730812802303203,746.5884728374137,3.9805683842128023,4
sfGFP,S65T:S72A:R73L:V93F:N105Y:I167V,6,2.8726345328488905,745.8208716639396,3.9764757829016633,4
sfGFP,S65T:Q69H:S72A:V93F:N164T:L178V,6,2.872493749055718,745.5791405831036,3.975186950924121,4
avGFP,S65T:S72A:V93F:S147N:N149H:S202T,6,2.872376962874501,745.378673761973,0.18399037708911006,4
avGFP,Y39N:S65T:S72A:K79R:L178V:T203I,6,2.8722179675001915,745.1058402924695,0.1839230304709366,4
sfGFP,S65T:S72A:N164T:I171S:T203I,5,2.8722072437717983,745.0874421448077,3.972565373804655,3
sfGFP,S30C:S65T:S72A:K158G:V163A:I171S,6,2.8721452668864096,744.9811204987591,3.971998501158993,3
avGFP,S65T:S72A:N105Y:N164T:T203I,5,2.871977596783244,744.6935576649258,0.18382126201581545,3
avGFP,S65T:Q69H:S72A:K79R:V93F:T203I,6,2.871902257259317,744.5643826596904,0.18378937626598063,4
avGFP,S65T:S72A:N105Y:M153I:S202T,5,2.8718576312337345,744.487878712461,0.18377049191820544,3
avGFP,L64M:S65T:S72A:V93F:N105Y,5,2.8716001733654486,744.0466632068787,0.18366158162856713,3
sfGFP,Y39N:L64M:S65T:Q69H:S72A:N105Y,6,2.871488898345046,743.8560478404374,3.965999977452034,3
avGFP,Y39N:L64M:S65T:S72A:K79R:T203I,6,2.8714605638762944,743.8075183764774,0.18360255076402365,4
avGFP,S30C:S65T:S72A:L178V:H231Y,5,2.871388922514302,743.6848297608343,0.1835722661242139,3
sfGFP,S30C:F46Y:S65T:S72A:S147N:N149H,6,2.871147088493516,743.270829040827,3.9628797799987794,4
avGFP,S65T:S72A:R73L:V93F:F99C:N149H,6,2.8710060488010565,743.0294866495229,0.1834105002588661,4
avGFP,S30C:S65T:S72A:K79R:K158G:I171S,6,2.870966054879438,742.9610646546911,0.1833936108722047,4
sfGFP,S65T:S72A:V93F:K158G:I171S:T203I,6,2.8708669033479572,742.791462410179,3.960323952091134,4
sfGFP,L64M:S65T:S72A:K158G:I171S:H231Y,6,2.87075803080034,742.605276615641,3.9593312696237626,4
avGFP,S65T:S72A:Q80R:N105Y:N149H,5,2.8703762920840057,741.9528238552166,0.18314473521822916,3
avGFP,S30C:F46Y:S65T:Q69H:S72A:K79R,6,2.8701102041813034,741.4983759832929,0.183032558631662,4
sfGFP,S65T:S72A:N105Y:S147N:N149H,5,2.8697711074647256,740.9196407270666,3.95034400398885,3
avGFP,S65T:S72A:Q80R:V93F:S202T,5,2.8695360684509663,740.5187654823295,0.18279075012302431,3
avGFP,S30C:S65T:S72A:S147N:T203I:A206V,6,2.869419433500654,740.319917059983,0.18274166608359715,4
sfGFP,S65T:S72A:N105Y:I171S:T203I,5,2.869362777957438,740.2233455098345,3.9466315829850016,3
sfGFP,L64M:S65T:S72A:I171S:L178V:H231Y,6,2.869348591942696,740.1991668747628,3.9465026703191333,4
sfGFP,S65T:Q69H:S72A:S147N:K158G,5,2.869345046523169,740.1931241871907,3.946470452662446,3
sfGFP,S65T:Q69H:S72A:S147N:K158G:A206V,6,2.869345046523169,740.1931241871907,3.946470452662446,3
avGFP,F46Y:S65T:S72A:K79R:I171S:T203I,6,2.8693225444597696,740.1547736167485,0.18270090183119217,4
sfGFP,S30C:S65T:S72A:V93F:F99C:I171S,6,2.8692545875910644,740.0389658692421,3.9456485303465847,4
avGFP,S65T:Q69H:S72A:F99C:V163A,5,2.8692371608542255,740.0092712585475,0.18266498581334098,3
avGFP,S65T:S72A:N149H:V163A:N164T:T203I,6,2.869229699551585,739.9965577981418,0.18266184760392273,4
sfGFP,S65T:S72A:N105Y:Y145L:S147N:L178V,6,2.8689995151477787,739.6044493533872,3.9433318287521213,4
sfGFP,L64M:S65T:S72A:S147N:N149H:M153I,6,2.868665047884802,739.0350701542691,3.940296082928154,4
avGFP,L64M:S65T:S72A:K79R:S147N:S202T,6,2.8686120658049132,738.9449165178615,0.18240225891091025,4
sfGFP,S65T:Q69H:S72A:I171S:S202T,5,2.868553399859602,738.8451041186563,3.9392832454374274,3
sfGFP,Y39N:S65T:Q69H:S72A:I171S:S202T,6,2.868553399859602,738.8451041186563,3.9392832454374274,3
sfGFP,S65T:S72A:K158G:I171S:L178V:H231Y,6,2.86851556396479,738.7807384655734,3.938940068582959,4
sfGFP,S65T:Q69H:S72A:R73L:I167V:L178V,6,2.8682119960536294,738.2645178553903,3.9361877471703806,4
sfGFP,S30C:S65T:S72A:V93F:N105Y:I171S,6,2.8680199408527196,737.9381121561655,3.934447457500728,4
avGFP,S65T:Q69H:S72A:K79R:S202T:T203I,6,2.868015653073811,737.9308265470096,0.18215193943879865,4
sfGFP,S65T:S72A:Q80R:S147N:N149H:S202T,6,2.867773129850769,737.5188586097091,3.9322121331249695,3
sfGFP,S65T:S72A:S147N:N149H:S202T,5,2.867773129850769,737.5188586097091,3.9322121331249695,3
avGFP,F46Y:S65T:Q69H:S72A:Y145L:S147N,6,2.8677057968515127,737.4045225786658,0.18202202578684196,4
sfGFP,S65T:S72A:K79R:S147N:N164T:I171S,6,2.8676514943364246,737.312326111569,3.93111096861156,4
avGFP,S65T:S72A:V93F:S147N:N149H:I171S,6,2.867650512863848,737.310659843539,0.18199885657012232,4
avGFP,Y39N:S65T:S72A:F99C:A206V,5,2.867633395277177,737.2815995378558,0.18199168328117643,3
sfGFP,S65T:S72A:S147N,3,2.867512447059862,737.0762999474802,3.9298525534058606,1
sfGFP,S65T:S72A:S147N:A206V,4,2.867512447059862,737.0762999474802,3.9298525534058606,1
sfGFP,Y39N:S65T:S72A:S147N,4,2.867512447059862,737.0762999474802,3.9298525534058606,1
sfGFP,S65T:S72A:Q80R:S147N,4,2.867512447059862,737.0762999474802,3.9298525534058606,1
sfGFP,Y39N:S65T:S72A:S147N:V163A,5,2.867512447059862,737.0762999474802,3.9298525534058606,1
sfGFP,S65T:S72A:S147N:V163A,4,2.867512447059862,737.0762999474802,3.9298525534058606,1
sfGFP,S65T:S72A:K79R:V93F:N105Y,5,2.8671358005633434,736.4373398198123,3.9264458245646003,3
avGFP,Y39N:S65T:S72A:F99C:Y145L:N149H,6,2.866976908984455,736.1679551194163,0.18171678964160165,4
avGFP,S65T:S72A:Y145L:S147N:I167V:T203I,6,2.8668603770446057,735.9704495671425,0.18166803707821444,4
sfGFP,S65T:S72A:V93F:Y145L:I171S:H231Y,6,2.8664148017714477,735.2157495164437,3.919932699975937,4
sfGFP,L64M:S65T:S72A:S147N:S202T,5,2.866367608486885,735.1358604955587,3.919506757542656,3
avGFP,L64M:S65T:S72A:F99C:M153I,5,2.8661730439204387,734.806592310991,0.18138074882732252,3
avGFP,S65T:S72A:Q80R:I171S:L178V,5,2.8659582904661702,734.4433290155694,0.18129108037682887,3
sfGFP,F46Y:L64M:S65T:S72A:Q80R:Y145L,6,2.865888446337505,734.3252238313709,3.915184704907304,3
sfGFP,F46Y:L64M:S65T:S72A:Y145L,5,2.865888446337505,734.3252238313709,3.915184704907304,3
sfGFP,S65T:S72A:Y145L:K158G:I171S,5,2.865851196497992,734.2622427785501,3.9148489102938275,3
sfGFP,S65T:S72A:F99C:N164T:I167V:I171S,6,2.865804253023326,734.1828796744708,3.9144257718789377,4
sfGFP,S65T:S72A:K158G:V163A:I171S,5,2.86572861221988,734.0550186278484,3.9137440581125533,2
sfGFP,S65T:S72A:K158G:I171S,4,2.86572861221988,734.0550186278484,3.9137440581125533,2
sfGFP,L64M:S65T:S72A:L178V:S202T,5,2.86570915574159,734.0221335551332,3.9135687255357383,3
sfGFP,F46Y:S65T:S72A:Q80R:M153I:H231Y,6,2.865672061213513,733.9594409744429,3.913234468962406,3
sfGFP,F46Y:S65T:S72A:M153I:A206V:H231Y,6,2.865672061213513,733.9594409744429,3.913234468962406,3
sfGFP,Y39N:F46Y:S65T:S72A:M153I:H231Y,6,2.865672061213513,733.9594409744429,3.913234468962406,3
sfGFP,F46Y:S65T:S72A:M153I:V163A:H231Y,6,2.865672061213513,733.9594409744429,3.913234468962406,3
avGFP,S65T:Q69H:S72A:N149H:K158G:L178V,6,2.865312442433013,733.3519353306953,0.18102167914132103,4
sfGFP,Y39N:S65T:S72A:Y145L:M153I:N164T,6,2.8652965830546893,733.3251555904146,3.909852664343007,3
avGFP,S65T:S72A:K158G:I171S:T203I,5,2.8650690452227425,732.9410486774256,0.18092025527055958,3
sfGFP,L64M:S65T:S72A:R73L:N105Y:K158G,6,2.8650656387571662,732.9352997472317,3.907774079017578,4
sfGFP,Y39N:S65T:S72A:M153I:V163A,5,2.864790345880687,732.4708500736846,3.905297783502924,1
sfGFP,S65T:S72A:M153I,3,2.864790345880687,732.4708500736846,3.905297783502924,1
sfGFP,S65T:S72A:M153I:A206V,4,2.864790345880687,732.4708500736846,3.905297783502924,1
sfGFP,S65T:S72A:Q80R:M153I,4,2.864790345880687,732.4708500736846,3.905297783502924,1
sfGFP,Y39N:S65T:S72A:M153I,4,2.864790345880687,732.4708500736846,3.905297783502924,1
sfGFP,S65T:S72A:M153I:V163A,4,2.864790345880687,732.4708500736846,3.905297783502924,1
avGFP,S65T:S72A:V93F:Y145L,4,2.864782790245411,732.4581070279331,0.1808010452376864,2
sfGFP,S65T:S72A:F99C:Y145L:K158G:I171S,6,2.8646951888646988,732.3103780713956,3.9044421986632125,4
avGFP,S65T:S72A:N164T:I171S:T203I,5,2.8646631239109652,732.2563119191766,0.1807512338338164,3
avGFP,S65T:S72A:Q80R:N105Y:N149H:S202T,6,2.864622116057004,732.1871725598202,0.18073416737183204,4
avGFP,S65T:S72A:V93F:F99C:Y145L:H231Y,6,2.864433166144233,731.868686792582,0.18065555187279192,4
sfGFP,F46Y:S65T:S72A:N164T:I167V,5,2.864361839616756,731.7484979167654,3.901446435320206,3
avGFP,L64M:S65T:S72A:S147N:S202T,5,2.864265630320037,731.5864115585507,0.18058587463546205,3
avGFP,S65T:S72A:R73L:T203I,4,2.8640559894329525,731.2333483273434,0.18049872398394384,2
sfGFP,S65T:S72A:V93F:I171S:H231Y,5,2.8638943870005535,730.9613045647953,3.8972493748469765,3
avGFP,S30C:F46Y:S65T:S72A:A206V,5,2.8636957969123586,730.6271338765505,0.18034908511000705,3
sfGFP,S30C:Y39N:S65T:Q69H:S72A:I167V,6,2.8636769320049362,730.5953975444958,3.8952984769031196,3
avGFP,L64M:S65T:S72A:R73L:Y145L:H231Y,6,2.863434604450518,730.1878537713271,0.18024065255746313,4
avGFP,S65T:S72A:Q80R:V93F:F99C:N105Y,6,2.863315505120566,729.9876371801184,0.18019123079720528,4
sfGFP,S65T:S72A:N149H:M153I:I171S:L178V,6,2.863031674322517,729.5107135900577,3.8895152927086327,4
avGFP,F46Y:S65T:S72A:Y145L:V163A:T203I,6,2.862914248762934,729.3134934376756,0.18002482415619112,4
sfGFP,S65T:S72A:Y145L:N149H:K158G:S202T,6,2.862878439516814,729.2533612213705,3.888143173074231,4
sfGFP,L64M:S65T:S72A:Y145L:S147N:I167V,6,2.8628399636947783,729.1887567171913,3.887798722742931,4
avGFP,L64M:S65T:S72A:F99C,4,2.8626318647026476,728.8394382193721,0.17990780766316955,2
avGFP,F46Y:S65T:S72A:A206V:H231Y,5,2.862590164543238,728.7694597532758,0.17989053407483327,3
avGFP,Y39N:S65T:S72A:F99C:T203I,5,2.86249449809904,728.6089440030369,0.17985091212902934,3
avGFP,Y39N:F46Y:S65T:S72A:L178V:S202T,6,2.8624833111679906,728.5901761084856,0.179846279434109,4
sfGFP,S65T:S72A:Y145L:M153I:S202T,5,2.862215323323169,728.140727428841,3.8822109693785087,3
avGFP,L64M:S65T:Q69H:S72A:Y145L:K158G,6,2.861970284510865,727.7300097686906,0.1796339546993276,4
sfGFP,S65T:S72A:Y145L:M153I:K158G:T203I,6,2.8618934871560215,727.6013348694518,3.8793351026236627,4
sfGFP,S65T:S72A:S147N:I171S:T203I,5,2.861861748200508,727.548162509375,3.8790516047889967,3
sfGFP,L64M:S65T:S72A:R73L:K79R:S147N,6,2.8618378037876138,727.5080509396888,3.878837742866475,4
avGFP,S65T:S72A:Y145L:M153I:I171S:A206V,6,2.861673347042838,727.2326135103887,0.17951117666938238,4
avGFP,S30C:S65T:S72A:N105Y:T203I,5,2.861612166845348,727.1301735691776,0.17948589024239447,3
avGFP,Y39N:S65T:S72A:V93F:I167V,5,2.8615728564697744,727.0643600076259,0.1794696447252718,3
sfGFP,S65T:S72A:Q80R:S147N:N164T:I171S,6,2.861513746047528,726.9654083549855,3.875944548027304,3
sfGFP,S65T:S72A:S147N:N164T:I171S,5,2.861513746047528,726.9654083549855,3.875944548027304,3
sfGFP,S65T:S72A:N105Y:S147N:N149H:K158G,6,2.8615096531485813,726.9585572848986,3.875908020336376,4
avGFP,F46Y:S65T:S72A:Q80R:Y145L:H231Y,6,2.8612306033827055,726.4916103952305,0.17932826636166718,4
avGFP,S65T:S72A:N164T:L178V:S202T,5,2.861191922450225,726.426907474293,0.17931229499672058,3
avGFP,S30C:L64M:S65T:Q69H:S72A:R73L,6,2.8611729061938354,726.3951004436517,0.17930444370211315,4
sfGFP,L64M:S65T:Q69H:S72A:V93F:H231Y,6,2.860993331427323,726.094808195698,3.8713027894207457,4
avGFP,S65T:S72A:Y145L:N164T:I167V,5,2.860552819312872,725.3586915490168,0.1790486149937602,3
avGFP,S65T:S72A:R73L:N105Y:I167V:A206V,6,2.8604014927145163,725.1059898763033,0.17898623773815808,4
avGFP,S65T:S72A:K79R:M153I:H231Y,5,2.8602458187128064,724.846120301317,0.1789220911469303,3
sfGFP,S65T:S72A:R73L:Q80R:S147N:M153I,6,2.8601142996425604,724.6266455934816,3.863475021045143,3
avGFP,S65T:S72A:N149H:N164T:I167V,5,2.859941930656391,724.3391025044922,0.17879693812214914,3
avGFP,S65T:S72A:F99C:K158G:I171S,5,2.8596799400129984,723.9022725493096,0.17868911036827442,3
sfGFP,S30C:S65T:S72A:V93F:I167V:I171S,6,2.8596230616211846,723.8074712044257,3.8591074480208234,4
avGFP,S65T:S72A:R73L:S147N:N149H,5,2.858839826235405,722.5032853311073,0.17834378228889597,3
avGFP,S65T:S72A:V93F:M153I:N164T,5,2.8588397366790446,722.503136342896,0.17834374551242496,3
sfGFP,S30C:L64M:S65T:S72A:S147N,5,2.8585787615956586,722.0691021048955,3.8498390259523925,3
avGFP,S30C:S65T:S72A:M153I:I171S:L178V,6,2.858557842721463,722.0343226877931,0.17822802285463607,4
sfGFP,S65T:S72A:S147N:N149H:T203I,5,2.858474167455246,721.8952221537957,3.848911954264069,3
sfGFP,S65T:S72A:Y145L:V163A:L178V:A206V,6,2.8583214693246077,721.6414480926824,3.847558913008875,2
sfGFP,S65T:S72A:Y145L:L178V,4,2.8583214693246077,721.6414480926824,3.847558913008875,2
avGFP,Y39N:S65T:Q69H:S72A:V163A:L178V,6,2.8582850497276575,721.5809343403355,0.17811610780265918,4
sfGFP,Y39N:S65T:S72A:I167V:S202T,5,2.857907657943226,720.9541696847384,3.8438945667172475,2
sfGFP,S65T:S72A:I167V:S202T,4,2.857907657943226,720.9541696847384,3.8438945667172475,2
avGFP,S65T:Q69H:S72A:S147N:N149H:H231Y,6,2.857848122937232,720.8553448763032,0.17793700222344344,4
sfGFP,S65T:S72A:V93F:N105Y:H231Y,5,2.8577308870291005,720.6607793707209,3.84233030440849,3
sfGFP,S65T:S72A:V93F:I167V:S202T,5,2.8575890825934693,720.425509945651,3.8410759238906045,3
sfGFP,S65T:Q69H:S72A:V93F,4,2.8574016024342477,720.1145772813206,3.8394181314409717,2
sfGFP,S65T:Q69H:S72A:V163A:I167V,5,2.856996674457806,719.4434689565619,3.8358399988055134,2
sfGFP,S65T:Q69H:S72A:I167V,4,2.856996674457806,719.4434689565619,3.8358399988055134,2
sfGFP,Y39N:S65T:Q69H:S72A:I167V:A206V,6,2.856996674457806,719.4434689565619,3.8358399988055134,2
sfGFP,S65T:Q69H:S72A:I167V:A206V,5,2.856996674457806,719.4434689565619,3.8358399988055134,2
sfGFP,S65T:Q69H:S72A:Q80R:I167V,5,2.856996674457806,719.4434689565619,3.8358399988055134,2
avGFP,S65T:Q69H:S72A:L178V:T203I,5,2.856949721559632,719.365691938003,0.17756929408327565,3
avGFP,Y39N:S65T:S72A:K79R:T203I:A206V,6,2.8567643657998163,719.0587340333143,0.1774935241389209,4
avGFP,S65T:Q69H:S72A:N105Y:N149H:I167V,6,2.856481659703211,718.5908115821769,0.17737802146724035,4
sfGFP,F46Y:S65T:S72A:K79R:M153I,5,2.8563473158597166,718.3685584207662,3.8301089233197323,3
sfGFP,S65T:S72A:K158G:T203I:A206V,5,2.8563293647109735,718.3388659543107,3.829950612687406,2
sfGFP,S65T:S72A:K158G:T203I,4,2.8563293647109735,718.3388659543107,3.829950612687406,2
sfGFP,Y39N:S65T:S72A:K158G:T203I,5,2.8563293647109735,718.3388659543107,3.829950612687406,2
sfGFP,S65T:S72A:Y145L:I171S:T203I:H231Y,6,2.855987474144375,717.7735890557492,3.826936739003838,4
sfGFP,S65T:S72A:F99C:M153I:N164T:T203I,6,2.8558743698419335,717.5866819822594,3.8259402109102667,4
avGFP,F46Y:S65T:S72A:F99C:N105Y:L178V,6,2.8558238024278295,717.5031340856738,0.1771095375411804,4
avGFP,S30C:S65T:S72A:Q80R:Y145L:V163A,6,2.855674482127818,717.2564826277016,0.17704865372955642,3
sfGFP,S65T:S72A:Q80R:N105Y:N164T:S202T,6,2.855646941631109,717.2109997254202,3.823937194565264,3
sfGFP,S65T:S72A:N105Y:N164T:S202T,5,2.855646941631109,717.2109997254202,3.823937194565264,3
avGFP,Y39N:S65T:S72A:V93F,4,2.855549089411931,717.0494209231395,0.17699754231136836,2
avGFP,S65T:Q69H:S72A:R73L:M153I,5,2.8548419123153064,715.8827740422585,0.1767095654653717,3
sfGFP,S65T:S72A:K79R:K158G:I171S:T203I,6,2.8547729508964412,715.7691083741014,3.8162494960066238,4
sfGFP,F46Y:S65T:S72A:V93F:N149H:N164T,6,2.854753094465217,715.7363833551074,3.816075016784509,4
avGFP,S30C:S65T:S72A:R73L:N149H,5,2.854731889255316,715.7014370908771,0.17666480398340384,3
avGFP,S65T:Q69H:S72A:S147N:T203I,5,2.854433163229224,715.2093167852364,0.17654332827743677,3
sfGFP,S30C:S65T:S72A:S147N:N164T:A206V,6,2.8544307534618563,715.205348318302,3.813243709638307,3
sfGFP,Y39N:S65T:S72A:T203I:A206V,5,2.854198469391525,714.8229202736917,3.8112047269336493,1
sfGFP,Y39N:S65T:S72A:T203I,4,2.854198469391525,714.8229202736917,3.8112047269336493,1
sfGFP,Y39N:S65T:S72A:Q80R:T203I,5,2.854198469391525,714.8229202736917,3.8112047269336493,1
sfGFP,S65T:S72A:V163A:T203I,4,2.854198469391525,714.8229202736917,3.8112047269336493,1
sfGFP,S65T:S72A:Q80R:T203I,4,2.854198469391525,714.8229202736917,3.8112047269336493,1
sfGFP,S65T:S72A:T203I,3,2.854198469391525,714.8229202736917,3.8112047269336493,1
sfGFP,S65T:S72A:T203I:A206V,4,2.854198469391525,714.8229202736917,3.8112047269336493,1
avGFP,Y39N:S65T:S72A:F99C:N149H:H231Y,6,2.8539625788077316,714.4347638093001,0.17635213647233886,4
avGFP,F46Y:S65T:S72A:S147N:N149H:I167V,6,2.8536590888223765,713.9356829708397,0.1762289426181294,4
avGFP,L64M:S65T:S72A:V163A:I171S,5,2.8535842682804704,713.8126962514292,0.17619858439394373,3
sfGFP,S65T:S72A:K158G:I171S:L178V:T203I,6,2.853567104082752,713.7844854851091,3.8056681283403324,4
sfGFP,S65T:Q69H:S72A:N149H:K158G:I167V,6,2.853550018135997,713.7564044379749,3.805518409274897,4
sfGFP,S65T:Q69H:S72A:Q80R:S202T,5,2.853389209787739,713.492167275966,3.8041095821481816,2
sfGFP,S65T:Q69H:S72A:V163A:S202T,5,2.853389209787739,713.492167275966,3.8041095821481816,2
sfGFP,S65T:Q69H:S72A:S202T,4,2.853389209787739,713.492167275966,3.8041095821481816,2
sfGFP,L64M:S65T:S72A:S147N:N149H,5,2.853286659087149,713.3237090372062,3.8032114172773537,3
sfGFP,F46Y:S65T:S72A:L178V,4,2.8532642509456982,713.2869048711891,3.8030151893619957,2
sfGFP,F46Y:S65T:S72A:Q80R:L178V,5,2.8532642509456982,713.2869048711891,3.8030151893619957,2
sfGFP,S65T:Q69H:S72A:V163A:N164T:L178V,6,2.853162488880859,713.1197900493805,3.80212418715606,3
sfGFP,Y39N:F46Y:S65T:S72A:V93F:V163A,6,2.8527583970876855,712.4565722432739,3.7985881242152515,2
sfGFP,F46Y:S65T:S72A:V93F,4,2.8527583970876855,712.4565722432739,3.7985881242152515,2
avGFP,S65T:S72A:V93F:I171S:S202T,5,2.8527239714229204,712.4000994579444,0.17584989690682207,3
avGFP,S65T:Q69H:S72A:V93F,4,2.852232091494313,711.59369513975,0.1756508428691716,2
avGFP,S65T:S72A:K158G:L178V,4,2.8520467158180365,711.2900209761077,0.17557588348832592,2
avGFP,Y39N:S65T:Q69H:S72A:S147N:V163A,6,2.8520358340709104,711.2721990108362,0.17557148428799166,4
sfGFP,S65T:S72A:N105Y:S147N:I171S:H231Y,6,2.851957382142491,711.1437248112036,3.7915884461174456,4
avGFP,S65T:S72A:Q80R:V163A,4,2.85187587492839,711.0102718031908,0.1755068297876672,1
sfGFP,S65T:S72A:R73L:N105Y:I167V,5,2.8517371248987766,710.7831518578781,3.7896659876943275,3
sfGFP,Y39N:S65T:S72A:R73L:N105Y:I167V,6,2.8517371248987766,710.7831518578781,3.7896659876943275,3
sfGFP,S30C:F46Y:S65T:S72A:S147N:L178V,6,2.8517278997174857,710.7680537296129,3.7895854893552556,4
avGFP,S30C:S65T:S72A:Y145L:N149H:L178V,6,2.851644994837697,710.6323842277045,0.17541355145819731,4
sfGFP,Y39N:S65T:S72A:R73L:Y145L:I171S,6,2.851590865902478,710.5438190285751,3.7883899424186653,3
sfGFP,S65T:S72A:R73L:Y145L:I171S,5,2.851590865902478,710.5438190285751,3.7883899424186653,3
avGFP,S65T:Q69H:S72A:F99C:I167V:A206V,6,2.851517435683402,710.4236909131441,0.1753620372909779,4
avGFP,Y39N:S65T:S72A:Y145L:I167V:A206V,6,2.8515128478690035,710.4161861555226,0.17536018480547846,4
sfGFP,S65T:S72A:M153I:K158G,4,2.851496765688658,710.3898795129865,3.787569186686255,2
sfGFP,S65T:S72A:N149H:M153I:T203I:H231Y,6,2.8513245308033244,710.1082050597055,3.786067389559506,4
avGFP,Y39N:S65T:S72A:N149H:S202T,5,2.851324093704615,710.1074903667112,0.17528398587922991,3
sfGFP,S65T:S72A:S147N:V163A:S202T,5,2.851158400751933,709.8366203242699,3.7846193875465617,2
sfGFP,Y39N:S65T:S72A:S147N:S202T,5,2.851158400751933,709.8366203242699,3.7846193875465617,2
sfGFP,S65T:S72A:S147N:S202T,4,2.851158400751933,709.8366203242699,3.7846193875465617,2
sfGFP,S65T:S72A:Q80R:S147N:S202T,5,2.851158400751933,709.8366203242699,3.7846193875465617,2
avGFP,S30C:S65T:Q69H:S72A:Q80R:H231Y,6,2.851093031122494,709.7297843713275,0.17519075237126175,4
avGFP,S65T:S72A:S147N:K158G:T203I,5,2.8508148878692228,709.2753845147346,0.17507858763687004,3
avGFP,S30C:L64M:S65T:S72A:N105Y:M153I,6,2.8505177103528028,708.7902100390886,0.17495882644987826,4
avGFP,S30C:S65T:S72A:K79R:Q80R,5,2.850468833248077,708.7104446601091,0.17493913704545375,3
avGFP,F46Y:S65T:S72A:K79R:S147N,5,2.8504228047271822,708.6353362572288,0.174920597175915,3
sfGFP,S65T:Q69H:S72A:K158G:V163A:S202T,6,2.8498913969402477,707.7687720823777,3.773594289203236,3
sfGFP,S65T:Q69H:S72A:K158G:S202T,5,2.8498913969402477,707.7687720823777,3.773594289203236,3
avGFP,S65T:S72A:Y145L:V163A:S202T,5,2.8497148972857382,707.4811894210494,0.17463570585948776,3
sfGFP,L64M:S65T:S72A:N149H:H231Y,5,2.849708481061633,707.4707372405154,3.7720052637734667,3
sfGFP,L64M:S65T:S72A:N149H:V163A:H231Y,6,2.849708481061633,707.4707372405154,3.7720052637734667,3
sfGFP,F46Y:S65T:S72A:Q80R:V93F:S147N,6,2.84964310339458,707.3642442800515,3.7714374777347235,3
sfGFP,F46Y:S65T:S72A:V93F:S147N,5,2.84964310339458,707.3642442800515,3.7714374777347235,3
sfGFP,L64M:S65T:S72A:N105Y:H231Y,5,2.849551909603161,707.215726493502,3.770645628908843,3
sfGFP,S65T:S72A:V93F:N149H:H231Y,5,2.8492119502923745,706.6623450780883,3.7676951780959134,3
avGFP,S30C:S65T:S72A:N105Y:K158G:I171S,6,2.849090947397327,706.4654826215724,0.1743849872870009,4
sfGFP,S65T:S72A:N105Y:K158G:I167V,5,2.8490030328336644,706.3224867482347,3.7658831633486396,3
avGFP,Y39N:S65T:S72A:S202T:A206V,5,2.8487190596290133,705.8607928816378,0.17423572477495322,3
avGFP,S65T:S72A:K79R:I167V:I171S:H231Y,6,2.848619418549242,705.6988643588813,0.17419575409828617,4
avGFP,S65T:S72A:Y145L:M153I:V163A,5,2.8484664073960793,705.4502754820527,0.1741343920513188,3
avGFP,S65T:S72A:Q80R:N164T,4,2.848048132094249,704.7711731896287,0.17396676143447468,2
sfGFP,S65T:S72A:M153I:V163A:S202T,5,2.8478516650172705,704.4524193867859,3.7559125687223376,2
sfGFP,S65T:S72A:M153I:S202T,4,2.8478516650172705,704.4524193867859,3.7559125687223376,2
sfGFP,S65T:S72A:N105Y:S147N:H231Y,5,2.8477943086356428,704.3593899436001,3.755416565805311,3
avGFP,S30C:S65T:S72A:S202T:H231Y,5,2.847741362219971,704.2735241695517,0.1738439210124381,3
sfGFP,S65T:Q69H:S72A:Q80R:Y145L:L178V,6,2.847735466123999,704.2639628320844,3.7549077792958534,3
avGFP,F46Y:S65T:S72A:V163A:A206V,5,2.8471284093546374,703.2802304486578,0.1735987349175031,3
avGFP,F46Y:S65T:Q69H:S72A:K79R:M153I,6,2.8470081556683837,703.0855230875811,0.1735506730637802,4
sfGFP,Y39N:S65T:Q69H:S72A:M153I:A206V,6,2.846787802819245,702.728881205622,3.7467232203161793,2
sfGFP,S65T:Q69H:S72A:Q80R:M153I:V163A,6,2.846787802819245,702.728881205622,3.7467232203161793,2
sfGFP,Y39N:S65T:Q69H:S72A:M153I,5,2.846787802819245,702.728881205622,3.7467232203161793,2
sfGFP,S65T:Q69H:S72A:M153I,4,2.846787802819245,702.728881205622,3.7467232203161793,2
sfGFP,Y39N:S65T:Q69H:S72A:Q80R:M153I,6,2.846787802819245,702.728881205622,3.7467232203161793,2
avGFP,L64M:S65T:S72A:S147N:N149H,5,2.846620809387059,702.4587222378582,0.1733959526126057,3
sfGFP,S65T:S72A:N105Y:I167V:L178V:H231Y,6,2.8465119195378676,702.2826181445765,3.744343889940118,4
avGFP,S65T:S72A:M153I:N164T:I167V,5,2.8464054292000287,702.1104374049786,0.17330998146801618,3
avGFP,F46Y:S65T:Q69H:S72A:V163A,5,2.846187807898849,701.7587039204896,0.1732231590531497,3
avGFP,F46Y:S65T:S72A:K79R:M153I:S202T,6,2.845965863284355,701.4001643116727,0.1731346566044619,4
sfGFP,S65T:S72A:K79R:S147N,4,2.8459181113413163,701.3230475606706,3.739227769791356,2
sfGFP,Y39N:S65T:S72A:K79R:Q80R:S147N,6,2.8459181113413163,701.3230475606706,3.739227769791356,2
avGFP,S65T:S72A:Y145L:V163A,4,2.8459124651968675,701.3139299097286,0.17311337037681646,2
sfGFP,F46Y:S65T:S72A:N164T:S202T:A206V,6,2.8453602172064274,700.4227072843387,3.7344274464949363,3
sfGFP,L64M:S65T:S72A:K158G:T203I:H231Y,6,2.8452314408175394,700.2150497170876,3.7333202834767327,4
sfGFP,S65T:S72A:K79R:V93F:Y145L:A206V,6,2.8452123384255286,700.1842515173241,3.7331560774318646,3
sfGFP,F46Y:S65T:S72A:N105Y:I171S:H231Y,6,2.845210408714484,700.1811403788271,3.73313948984715,4
avGFP,L64M:S65T:S72A:R73L:Q80R:T203I,6,2.845195204807487,700.1566286637469,0.17282770042119622,4
avGFP,L64M:S65T:S72A:V163A:L178V,5,2.8451819006725425,700.1351804621637,0.17282240611531371,3
sfGFP,S65T:S72A:N105Y:I171S:S202T:T203I,6,2.844788195483676,699.5007677300761,3.729511962831083,4
sfGFP,S65T:S72A:F99C:V163A:L178V,5,2.8447664260992087,699.4657055311815,3.7293250225212895,2
sfGFP,S65T:S72A:F99C:L178V,4,2.8447664260992087,699.4657055311815,3.7293250225212895,2
sfGFP,Y39N:S65T:S72A:F99C:V163A:L178V,6,2.8447664260992087,699.4657055311815,3.7293250225212895,2
avGFP,S65T:S72A:Q80R:Y145L:A206V,5,2.8441541767672684,698.4803241636039,0.17241391893273364,3
sfGFP,S30C:S65T:Q69H:S72A:F99C:I167V,6,2.844137156451359,698.4529507492143,3.7239253414215563,4
avGFP,F46Y:S65T:S72A:M153I:A206V,5,2.843873600172389,698.0292156484192,0.17230256663793556,3
avGFP,S65T:S72A:N149H:T203I:A206V,5,2.843860266870993,698.0077857398278,0.1722972768475223,3
avGFP,Y39N:S65T:S72A:R73L:N105Y:A206V,6,2.843852153140159,697.9947452923291,0.17229405792412517,4
avGFP,Y39N:L64M:S65T:S72A:S147N:S202T,6,2.8437613074126853,697.8487540088167,0.1722580212192251,4
sfGFP,L64M:S65T:S72A:K158G:I167V,5,2.84374261367317,697.818716505202,3.720543809464191,3
avGFP,S30C:L64M:S65T:S72A:S202T:A206V,6,2.84368917871771,697.7328631965408,0.17222941455927845,4
avGFP,S65T:S72A:Y145L:N149H:M153I:V163A,6,2.843611734967718,697.6084539899563,0.17219870520624944,4
sfGFP,S30C:S65T:S72A:K79R:Y145L,5,2.843135291765668,696.8435615673619,3.7153445985782754,3
sfGFP,S65T:S72A:Q80R:V93F,4,2.843010226069807,696.6429173475804,3.714274828461544,1
sfGFP,S65T:S72A:V93F:A206V,4,2.843010226069807,696.6429173475804,3.714274828461544,1
sfGFP,Y39N:S65T:S72A:V93F,4,2.843010226069807,696.6429173475804,3.714274828461544,1
sfGFP,S65T:S72A:V93F:V163A:A206V,5,2.843010226069807,696.6429173475804,3.714274828461544,1
sfGFP,S65T:S72A:V93F,3,2.843010226069807,696.6429173475804,3.714274828461544,1
sfGFP,S65T:S72A:V93F:V163A,4,2.843010226069807,696.6429173475804,3.714274828461544,1
sfGFP,S65T:S72A:Q80R:V93F:V163A:A206V,6,2.843010226069807,696.6429173475804,3.714274828461544,1
sfGFP,F46Y:S65T:S72A:S147N:V163A,5,2.842453692798837,695.7507654356823,3.709518162877196,2
sfGFP,F46Y:S65T:S72A:S147N:A206V,5,2.842453692798837,695.7507654356823,3.709518162877196,2
sfGFP,F46Y:S65T:S72A:Q80R:S147N,5,2.842453692798837,695.7507654356823,3.709518162877196,2
sfGFP,Y39N:F46Y:S65T:S72A:Q80R:S147N,6,2.842453692798837,695.7507654356823,3.709518162877196,2
sfGFP,F46Y:S65T:S72A:S147N,4,2.842453692798837,695.7507654356823,3.709518162877196,2
avGFP,L64M:S65T:S72A:V93F:S147N:A206V,6,2.842257220491835,695.4360830066947,0.1716624739315197,4
avGFP,S30C:S65T:S72A:N164T:I171S:A206V,6,2.8418172616240827,694.731933265443,0.17148866056526624,4
avGFP,S65T:Q69H:S72A:K79R:Q80R:N105Y,6,2.8416972707859536,694.5400129082932,0.17144128665972524,4
avGFP,S65T:Q69H:S72A:K158G:T203I:A206V,6,2.8415889131276715,694.3667448962203,0.171398516926701,4
sfGFP,S30C:S65T:S72A:N105Y,4,2.841506274771077,694.2346320785429,3.701434629944062,2
sfGFP,S30C:S65T:S72A:N105Y:A206V,5,2.841506274771077,694.2346320785429,3.701434629944062,2
sfGFP,S30C:S65T:S72A:Q80R:N105Y:V163A,6,2.841506274771077,694.2346320785429,3.701434629944062,2
sfGFP,S30C:S65T:S72A:Q80R:N105Y,5,2.841506274771077,694.2346320785429,3.701434629944062,2
avGFP,S30C:F46Y:S65T:Q69H:S72A:M153I,6,2.8414028098458672,694.0692595449037,0.17132508520146666,4
avGFP,S65T:S72A:Q80R:N164T:I171S,5,2.841191791049494,693.7321010278671,0.17124186049317808,3
avGFP,S30C:S65T:S72A:R73L:Q80R:S202T,6,2.840970464196047,693.378648631218,0.17115461377948515,4
avGFP,S30C:S65T:S72A:R73L:I167V,5,2.840899060759789,693.264657893536,0.17112647613676868,3
sfGFP,S65T:Q69H:S72A:Q80R:F99C:N105Y,6,2.8408050046546363,693.1145323084558,3.6954626200695624,3
sfGFP,S65T:Q69H:S72A:Q80R:S147N:T203I,6,2.8406898229727466,692.9307318799206,3.69448265560259,3
sfGFP,S65T:S72A:V93F:I167V:T203I,5,2.840441118110222,692.5340289193616,3.6923675636608095,3
avGFP,L64M:S65T:S72A:Q80R:Y145L:A206V,6,2.840397436765628,692.4643773406337,0.17092893369842335,4
avGFP,S65T:S72A:Y145L:K158G:I167V,5,2.8403861311468246,692.4463512391916,0.170924484108814,3
avGFP,S65T:S72A:Y145L:M153I:K158G,5,2.8401280687164387,692.035014426933,0.17082294912014026,3
sfGFP,S65T:S72A:R73L:Y145L:M153I:V163A,6,2.840032488796396,691.8827274971003,3.688895035026402,3
avGFP,S30C:L64M:S65T:S72A:S202T,5,2.8400061395204377,691.8407512421632,0.17077499690755554,3
sfGFP,S30C:L64M:S65T:S72A:K158G:V163A,6,2.8397325902705406,691.4051184246537,3.686348577850913,3
sfGFP,Y39N:S65T:S72A,3,2.8396308229479836,691.2431218823609,3.6854848646567464,0
sfGFP,Y39N:S65T:S72A:Q80R,4,2.8396308229479836,691.2431218823609,3.6854848646567464,0
sfGFP,S65T:S72A:V163A,3,2.8396308229479836,691.2431218823609,3.6854848646567464,0
sfGFP,Y39N:S65T:S72A:V163A,4,2.8396308229479836,691.2431218823609,3.6854848646567464,0
sfGFP,S65T:S72A:Q80R:V163A,4,2.8396308229479836,691.2431218823609,3.6854848646567464,0
sfGFP,S65T:S72A:Q80R:A206V,4,2.8396308229479836,691.2431218823609,3.6854848646567464,0
sfGFP,S65T:S72A:Q80R,3,2.8396308229479836,691.2431218823609,3.6854848646567464,0
sfGFP,Y39N:S65T:S72A:A206V,4,2.8396308229479836,691.2431218823609,3.6854848646567464,0
sfGFP,Y39N:S65T:S72A:V163A:A206V,5,2.8396308229479836,691.2431218823609,3.6854848646567464,0
sfGFP,S65T:S72A:V163A:A206V,4,2.8396308229479836,691.2431218823609,3.6854848646567464,0
sfGFP,S65T:S72A:A206V,3,2.8396308229479836,691.2431218823609,3.6854848646567464,0
avGFP,S65T:S72A:Y145L:S147N:S202T,5,2.8393335500448633,690.7701305219232,0.17051072330144043,3
avGFP,Y39N:S65T:S72A:K79R:V163A,5,2.8392704771954684,690.6698168439628,0.17048596172442623,3
sfGFP,S65T:S72A:N149H:K158G:L178V:A206V,6,2.8389381421834865,690.1414979939773,3.6796113622107094,3
sfGFP,S65T:S72A:V93F:Y145L:I167V:T203I,6,2.8386480739005,689.6807016241537,3.67715454493049,4
avGFP,S65T:S72A:F99C:S147N:A206V,5,2.8386104769188822,689.6209983780974,0.1702270698191096,3
avGFP,S65T:Q69H:S72A:F99C:Y145L:N164T,6,2.83858971525668,689.5880314936763,0.17021893222447537,4
sfGFP,S65T:S72A:Q80R:Y145L:K158G,5,2.8385742893520196,689.5635381354718,3.6765298670847977,2
sfGFP,S65T:S72A:Y145L:K158G,4,2.8385742893520196,689.5635381354718,3.6765298670847977,2
sfGFP,S65T:S72A:Y145L:K158G:V163A,5,2.8385742893520196,689.5635381354718,3.6765298670847977,2
sfGFP,S30C:L64M:S65T:S72A,4,2.838499114017766,689.4441866692302,3.675893523650073,2
sfGFP,S30C:L64M:S65T:S72A:Q80R,5,2.838499114017766,689.4441866692302,3.675893523650073,2
sfGFP,F46Y:S65T:S72A:K79R:N149H,5,2.8384322867118685,689.3381062218486,3.67532793699773,3
avGFP,L64M:S65T:S72A:R73L:I167V:T203I,6,2.8383942745118573,689.2777736310447,0.17014234771360878,4
sfGFP,S65T:S72A:M153I:V163A:N164T:H231Y,6,2.8380165116480316,688.6784790405009,3.671811018107378,3
avGFP,S30C:S65T:S72A:S147N:L178V:S202T,6,2.8379016499352856,688.4963622203624,0.1699494629623084,4
sfGFP,S65T:S72A:F99C:Y145L:N164T:I171S,6,2.837896184310686,688.4876975029142,3.6707938326237572,4
avGFP,S65T:S72A:N105Y:N149H:V163A:A206V,6,2.8378127651266776,688.3554656445667,0.16991468384261563,4
avGFP,S30C:S65T:S72A:V93F:F99C:A206V,6,2.837770299491705,688.2881610296948,0.16989807027168047,4
avGFP,L64M:S65T:S72A:K79R:Q80R,5,2.8377666262072814,688.282339478664,0.1698966332713917,3
avGFP,S65T:S72A:I167V:S202T:H231Y,5,2.8377488067203993,688.2540992246073,0.16988966240520534,3
sfGFP,L64M:S65T:S72A:N105Y:K158G:H231Y,6,2.837367994151746,687.6508658285748,3.6663321166624545,4
avGFP,L64M:S65T:S72A:R73L:K79R:V93F,6,2.8373085950768995,687.5568212716994,0.16971754528137625,4
sfGFP,S65T:S72A:S147N:M153I:S202T:H231Y,6,2.8372741858529857,687.5023481885687,3.6655402686178964,4
sfGFP,S65T:S72A:K79R:L178V,4,2.8372714684957643,687.4980465368004,3.6655173336012816,2
sfGFP,S65T:S72A:K79R:L178V:A206V,5,2.8372714684957643,687.4980465368004,3.6655173336012816,2
sfGFP,Y39N:S65T:S72A:K79R:L178V,5,2.8372714684957643,687.4980465368004,3.6655173336012816,2
sfGFP,L64M:S65T:S72A:K79R,4,2.836964477610155,687.01224470003,3.6629271952549294,2
sfGFP,S30C:S65T:S72A:Y145L:I171S:L178V,6,2.836856486673282,686.8414346260198,3.662016491158835,4
avGFP,S65T:Q69H:S72A:S147N:N164T:S202T,6,2.836770791087797,686.7059194983518,0.16950750742591433,4
avGFP,S65T:S72A:R73L:I167V:L178V,5,2.83670091834836,686.5954456928465,0.16948023790795133,3
sfGFP,F46Y:L64M:S65T:S72A:Y145L:L178V,6,2.836542262449708,686.3446653424553,3.6593678779316714,4
sfGFP,L64M:S65T:S72A:L178V,4,2.836164275176879,685.7475666114125,3.6561843405244976,2
sfGFP,L64M:S65T:S72A:L178V:A206V,5,2.836164275176879,685.7475666114125,3.6561843405244976,2
avGFP,S65T:S72A:N105Y:T203I:A206V,5,2.836052597480205,685.5712510784006,0.1692274241906317,3
avGFP,S65T:S72A:R73L:Q80R:Y145L:M153I,6,2.835856531105267,685.261813270408,0.1691510421032682,4
sfGFP,Y39N:S65T:S72A:V93F:N164T:T203I,6,2.8357402855917626,685.0784170848241,3.6526166515676546,3
avGFP,S30C:S65T:S72A:R73L:V93F:Y145L,6,2.8356057498621805,684.8662263843867,0.16905339484974105,4
sfGFP,S65T:Q69H:S72A:R73L:S202T,5,2.835600628618565,684.8581504215184,3.6514422609254864,3
sfGFP,S65T:Q69H:S72A:R73L:S202T:A206V,6,2.835600628618565,684.8581504215184,3.6514422609254864,3
avGFP,S65T:Q69H:S72A:Y145L:V163A:I171S,6,2.835582545281465,684.8296346022217,0.16904436247997265,4
sfGFP,S30C:S65T:S72A:K158G,4,2.835577422506788,684.8215566565754,3.6512471548006378,2
sfGFP,Y39N:F46Y:S65T:S72A:F99C:Y145L,6,2.83551048828679,684.7160189016458,3.65068446160901,3
avGFP,S65T:S72A:F99C:N149H:V163A:L178V,6,2.8349850959928795,683.8881773788936,0.16881197178296067,4
avGFP,S65T:S72A:S147N:N149H:V163A:H231Y,6,2.8348472357593724,683.6711218433082,0.16875839347270385,4
avGFP,S30C:S65T:S72A:Q80R:Y145L:I171S,6,2.834609916719791,683.2976336715243,0.1686662010985673,4
avGFP,S65T:S72A:R73L:K79R:S202T,5,2.8345307700350735,683.1731195064992,0.16863546583744124,3
avGFP,S30C:F46Y:S65T:Q69H:S72A:S147N,6,2.834515580293391,683.1492254848866,0.168629567801716,4
sfGFP,S65T:S72A:F99C:N164T:T203I:H231Y,6,2.8344137806551726,682.989112481246,3.641477154840112,4
sfGFP,S65T:S72A:Y145L:S147N:I171S,5,2.8343374762694005,682.8691236512763,3.640837413188033,3
avGFP,L64M:S65T:S72A:R73L:I167V:S202T,6,2.8340772081982264,682.4600100379159,0.16845944083880765,4
sfGFP,Y39N:S65T:S72A:V93F:F99C:S202T,6,2.834067427211726,682.4446401512223,3.6385742043904026,3
sfGFP,S30C:S65T:S72A:N105Y:V163A:I167V,6,2.8340620956049665,682.436262185869,3.6385295357875216,3
avGFP,S65T:S72A:Q80R:Y145L:M153I:I167V,6,2.834014411331093,682.361336777952,0.1684350841850041,4
avGFP,S30C:S65T:S72A:S147N:N164T,5,2.8339299467778707,682.2286393950603,0.1684023289662456,3
sfGFP,F46Y:S65T:S72A:N149H:M153I:I171S,6,2.833779080208807,681.9916858457723,3.636159198462284,4
avGFP,S30C:S65T:S72A:Y145L:S202T:A206V,6,2.833665744378317,681.8137328377137,0.16829991281640103,4
sfGFP,Y39N:S65T:S72A:N149H:M153I:K158G,6,2.833468188466484,681.5036535988862,3.63355716829023,3
sfGFP,S65T:S72A:N149H:M153I:K158G,5,2.833468188466484,681.5036535988862,3.63355716829023,3
avGFP,S65T:S72A:F99C:N105Y,4,2.8330222424370275,680.8042252600401,0.16805072446901642,2
sfGFP,S30C:S65T:S72A:S202T,4,2.833005461968607,680.7779205438292,3.6296877942515984,2
sfGFP,S30C:S65T:S72A:V163A:S202T,5,2.833005461968607,680.7779205438292,3.6296877942515984,2
sfGFP,S30C:S65T:S72A:Q80R:S202T,5,2.833005461968607,680.7779205438292,3.6296877942515984,2
sfGFP,S65T:S72A:F99C:I171S:H231Y,5,2.832790370186401,680.4408370961127,3.6278905742788305,3
sfGFP,F46Y:S65T:S72A:V93F:N149H:H231Y,6,2.832694492647062,680.2906353434022,3.627089747089763,4
avGFP,S65T:S72A:V93F:V163A:I167V,5,2.832454733258516,679.9151733949938,0.16783126958835012,3
avGFP,S65T:Q69H:S72A:Y145L:M153I:A206V,6,2.8322143590653437,679.5389566861161,0.16773840369807147,4
sfGFP,S65T:S72A:R73L:N105Y:Y145L,5,2.831923898079192,679.0846254118323,3.6206596920067953,3
sfGFP,S65T:S72A:R73L:N105Y:Y145L:V163A,6,2.831923898079192,679.0846254118323,3.6206596920067953,3
sfGFP,L64M:S65T:S72A:N164T:S202T,5,2.8319156441667563,679.0717193031779,3.620590880807664,3
avGFP,S65T:S72A:R73L:L178V:S202T:T203I,6,2.831868614819458,678.9981872369314,0.16760491936537436,4
sfGFP,Y39N:S65T:S72A:N149H:N164T,5,2.8316792669134045,678.7022155691353,3.6186208063488547,2
sfGFP,S65T:S72A:N149H:N164T,4,2.8316792669134045,678.7022155691353,3.6186208063488547,2
avGFP,S65T:S72A:S147N:L178V:S202T:A206V,6,2.831507092841436,678.4332004912654,0.16746545719930409,4
avGFP,L64M:S65T:S72A:K79R:N149H:T203I,6,2.8314307877738454,678.3140109876878,0.16743603628550516,4
sfGFP,S30C:S65T:S72A:I167V:S202T,5,2.831395618934885,678.2590838556694,3.6162581713058026,3
avGFP,S65T:S72A:Y145L:S202T:T203I,5,2.8313936616459814,678.2560270680696,0.16742172344880726,3
sfGFP,F46Y:S65T:S72A:S147N:I167V,5,2.831171490784811,677.9091421898042,3.6143923954705994,3
sfGFP,S65T:Q69H:S72A:R73L:I167V,5,2.8311210018725688,677.8303364320357,3.613972228646063,3
sfGFP,S65T:S72A:N149H:K158G:I171S:T203I,6,2.8310928041895806,677.7863279878393,3.613737589848412,4
avGFP,S30C:Y39N:L64M:S65T:S72A,5,2.831030899521032,677.689722690055,0.16728193603641422,3
avGFP,S65T:S72A:V93F:N149H:I167V,5,2.830892112323714,677.473188439009,0.16722848640080612,3
avGFP,S65T:S72A:N149H:S202T:T203I,5,2.8308364747973114,677.3864028139114,0.1672070641084201,3
sfGFP,S65T:Q69H:S72A:K79R:Y145L,5,2.830819438971393,677.3598318787781,3.61146365047018,3
avGFP,Y39N:S65T:S72A:K79R:H231Y,5,2.830354592288911,676.6352083011573,0.16702163814101034,3
avGFP,S65T:S72A:K79R:N149H:K158G,5,2.8303402498465675,676.6128629994712,0.16701612239360825,3
avGFP,F46Y:S65T:S72A:K79R:F99C,5,2.8303283655319387,676.5943479815255,0.16701155211912422,3
sfGFP,S65T:S72A:Q80R:F99C:S147N:K158G,6,2.8300362894809714,676.1394709874282,3.6049570807089633,3
avGFP,Y39N:S65T:Q69H:S72A:V93F,5,2.8298223031656056,675.806404459228,0.16681705497170685,3
sfGFP,L64M:S65T:S72A:Q80R:V163A:S202T,6,2.8298215333231305,675.805206507065,3.6031748905588232,2
sfGFP,L64M:S65T:S72A:S202T,4,2.8298215333231305,675.805206507065,3.6031748905588232,2
sfGFP,L64M:S65T:S72A:Q80R:S202T,5,2.8298215333231305,675.805206507065,3.6031748905588232,2
avGFP,S65T:S72A:K158G:L178V:A206V,5,2.829420010865263,675.1806865554071,0.1666626018365046,3
avGFP,L64M:S65T:S72A:R73L:I167V:A206V,6,2.829385051469312,675.1263387339471,0.16664918653966776,4
sfGFP,F46Y:S65T:S72A:K79R:Q80R,5,2.8286710412067895,674.017296109582,3.5936423303051424,2
sfGFP,F46Y:S65T:S72A:K79R,4,2.8286710412067895,674.017296109582,3.5936423303051424,2
sfGFP,S65T:S72A:V93F:N149H:K158G,5,2.828625632097102,673.9468256648086,3.5932666046749024,3
avGFP,S30C:S65T:Q69H:S72A:N105Y:M153I,6,2.8283294103046632,673.4872995219337,0.16624460367018457,4
sfGFP,S65T:S72A:I167V:L178V,4,2.827941985554148,672.8867639144482,3.58761469811283,2
sfGFP,Y39N:S65T:S72A:V163A:I167V:L178V,6,2.827941985554148,672.8867639144482,3.58761469811283,2
sfGFP,S65T:S72A:I167V:L178V:A206V,5,2.827941985554148,672.8867639144482,3.58761469811283,2
avGFP,S65T:S72A:N105Y:M153I:K158G:I171S,6,2.827785791439794,672.6448035419289,0.1660366407132156,4
avGFP,S30C:F46Y:S65T:S72A:V163A,5,2.8276192523918695,672.3869136674297,0.16597298279419156,3
avGFP,Y39N:L64M:S65T:S72A:Q80R,5,2.827548543027699,672.2774483555119,0.16594596221428112,3
sfGFP,S65T:S72A:S147N:I167V:S202T,5,2.827311459791867,671.9105493440968,3.582409837608916,3
sfGFP,L64M:S65T:S72A:N149H:N164T:H231Y,6,2.827061843479779,671.524471118285,3.5803513933181024,4
avGFP,S30C:S65T:S72A:N149H:T203I,5,2.826844578749457,671.1886112331052,0.16567719204444367,3
sfGFP,L64M:S65T:S72A:K158G:L178V,5,2.826755104893152,671.050346414873,3.5778235136718988,3
avGFP,Y39N:S65T:S72A:N149H:V163A:H231Y,6,2.8266929692679046,670.9543443887361,0.1656193652692055,4
avGFP,S30C:S65T:S72A:M153I:N164T:A206V,6,2.826643352907435,670.8776949897026,0.1656004450178913,4
sfGFP,L64M:S65T:S72A:M153I:L178V:H231Y,6,2.826571759127364,670.7671093999197,3.5763133854714497,4
avGFP,F46Y:S65T:S72A:F99C:N105Y:I167V,6,2.826554939653805,670.7411322538394,0.16556673566967373,4
sfGFP,S30C:L64M:S65T:S72A:L178V,5,2.826530633414888,670.7035938123486,3.5759747408914855,3
avGFP,S65T:S72A:Q80R:M153I:V163A,5,2.8263916068954056,670.488922277658,0.16550447978517271,2
avGFP,S65T:S72A:Q80R:M153I:I171S,5,2.826326855132994,670.38896221639,0.1654798054954272,3
avGFP,L64M:S65T:S72A:N149H:M153I:N164T,6,2.8262820034036538,670.3197314226504,0.16546271646364413,4
avGFP,S65T:S72A:K79R:N105Y:S147N:K158G,6,2.8262398271204208,670.2546368306605,0.1654466484180342,4
sfGFP,S65T:S72A:N105Y:S147N:K158G:V163A,6,2.8260637502098627,669.982949185341,3.5721324967062555,3
sfGFP,S65T:S72A:N105Y:S147N:K158G,5,2.8260637502098627,669.982949185341,3.5721324967062555,3
sfGFP,L64M:S65T:S72A:K158G,4,2.8259862766358967,669.8634419240993,3.5714953226229555,2
sfGFP,L64M:S65T:S72A:K158G:A206V,5,2.8259862766358967,669.8634419240993,3.5714953226229555,2
sfGFP,S65T:Q69H:S72A:I171S,4,2.8259379447230653,669.7888980802874,3.571097878945868,2
sfGFP,Y39N:S65T:Q69H:S72A:I171S,5,2.8259379447230653,669.7888980802874,3.571097878945868,2
sfGFP,S65T:Q69H:S72A:Q80R:V163A:I171S,6,2.8259379447230653,669.7888980802874,3.571097878945868,2
sfGFP,S65T:S72A:V93F:L178V,4,2.825789704949024,669.5603149056892,3.5698791473540044,2
sfGFP,S65T:S72A:V93F:V163A:L178V,5,2.825789704949024,669.5603149056892,3.5698791473540044,2
avGFP,F46Y:S65T:S72A:R73L:I167V,5,2.8256673712188776,669.3717371570837,0.16522871215343274,3
avGFP,S65T:S72A:V93F:N149H:S202T,5,2.825664205855161,669.3668584460328,0.16522750788516274,3
sfGFP,S65T:S72A:N105Y:Y145L:K158G:L178V,6,2.825567737885725,669.2181913704386,3.568055055263836,4
sfGFP,S65T:Q69H:S72A:N164T:I167V:I171S,6,2.825541880856221,669.1783486367009,3.5678426266876833,4
sfGFP,S65T:S72A:R73L:M153I:I167V:H231Y,6,2.825474966865375,669.0752528194712,3.567292953118455,4
avGFP,S30C:S65T:S72A:Q80R:N105Y,5,2.825251507391618,668.7310791023484,0.16507057116922538,3
avGFP,F46Y:S65T:S72A:S147N:N149H:A206V,6,2.8251707180374788,668.606690399689,0.16503986687741565,4
avGFP,S65T:S72A:K79R:N105Y:N149H:N164T,6,2.825077504108159,668.4632007365193,0.1650044476761904,4
avGFP,S65T:S72A:R73L:S147N:T203I,5,2.8248602108207423,668.1288279987779,0.16492191061379383,3
avGFP,S65T:S72A:S147N:V163A:S202T,5,2.8248460367439323,668.1070226220455,0.1649165281422679,3
sfGFP,S30C:S65T:Q69H:S72A:S147N:L178V,6,2.8247815050789673,668.0077562087057,3.561601406284202,4
avGFP,Y39N:S65T:S72A:F99C:N149H:M153I,6,2.8246736613284966,667.8418975091543,0.16485108426627068,4
sfGFP,S65T:S72A:F99C:Y145L:N164T,5,2.8246419128774622,667.7930777067409,3.5604568099117935,3
sfGFP,S65T:S72A:Q80R:F99C:Y145L:N164T,6,2.8246419128774622,667.7930777067409,3.5604568099117935,3
avGFP,F46Y:S65T:Q69H:S72A:I171S:A206V,6,2.824265125795622,667.2139621570445,0.16469608377284478,4
sfGFP,S65T:S72A:V93F:S147N:L178V:A206V,6,2.824255901883744,667.1997914556146,3.5572935994150576,3
sfGFP,S65T:S72A:V93F:S147N:L178V,5,2.824255901883744,667.1997914556146,3.5572935994150576,3
avGFP,S65T:S72A:Q80R:V93F:M153I,5,2.82404416320857,666.8745799388237,0.16461231016285854,3
avGFP,S65T:S72A:Y145L:S147N:S202T:T203I,6,2.824034916583268,666.8603815688759,0.1646088054161671,4
sfGFP,S65T:S72A:N105Y:Y145L:N164T:I167V,6,2.8240239506651656,666.8435435837935,3.5553942009283324,4
sfGFP,S30C:S65T:S72A:K79R:M153I,5,2.8239365622860255,666.7093753724208,3.554678859398444,3
avGFP,S30C:S65T:Q69H:S72A:V163A:S202T,6,2.8238164833028003,666.525060994538,0.1645260343883796,4
avGFP,F46Y:L64M:S65T:S72A:N149H:M153I,6,2.823782885843624,666.4734999379541,0.16451330698071698,4
avGFP,L64M:S65T:S72A:S147N:V163A:A206V,6,2.823604836273538,666.200318943168,0.16444587457888746,4
sfGFP,S65T:S72A:S147N:K158G:I167V:S202T,6,2.823400164028318,665.8864291841661,3.5502911763601226,4
sfGFP,S65T:S72A:Q80R:N149H:V163A:H231Y,6,2.8231359846543813,665.4814966453756,3.5481322069676233,2
sfGFP,S65T:S72A:N149H:H231Y,4,2.8231359846543813,665.4814966453756,3.5481322069676233,2
sfGFP,S65T:S72A:Q80R:N149H:A206V:H231Y,6,2.8231359846543813,665.4814966453756,3.5481322069676233,2
avGFP,Y39N:L64M:S65T:S72A:V163A:A206V,6,2.8230624852144532,665.3688809419494,0.164240641189799,4
sfGFP,S65T:S72A:R73L:K79R:S147N:I171S,6,2.8230345520301037,665.3260867672798,3.547303611737655,4
sfGFP,S65T:Q69H:S72A:R73L:M153I,5,2.822972048666309,665.2303403835037,3.546793122971718,3
sfGFP,S65T:Q69H:S72A:V93F:H231Y,5,2.8229379587190997,665.1781251744417,3.546514728356841,3
sfGFP,S30C:S65T:S72A:N149H:M153I:L178V,6,2.8227136038561174,664.8345854505276,3.544683085606536,4
avGFP,S30C:S65T:S72A:Q80R:I167V:A206V,6,2.8226678997588306,664.7646235536157,0.16409148540006158,4
sfGFP,S30C:S65T:S72A:I167V:L178V,5,2.8226266572770897,664.7014976281532,3.543973504361525,3
avGFP,F46Y:S65T:S72A:K158G:I167V:T203I,6,2.822478876537061,664.475352990237,0.1640200814252628,4
avGFP,S65T:S72A:Y145L:V163A:T203I,5,2.8224453256909063,664.4240218079234,0.16400741076010597,3
sfGFP,S65T:S72A:N149H:N164T:L178V,5,2.822302303921331,664.2052498504808,3.5413276716351882,3
sfGFP,F46Y:S65T:S72A:Y145L:N149H:H231Y,6,2.8221994306134124,664.0479351666075,3.540488920596589,4
sfGFP,L64M:S65T:S72A:N149H:L178V:H231Y,6,2.822051496250163,663.8217780695317,3.5392831240657854,4
sfGFP,S65T:S72A:F99C:N164T:I167V,5,2.8220047251667264,663.750292031157,3.538901983618779,3
sfGFP,S65T:S72A:V163A:L178V:T203I:H231Y,6,2.821803972326716,663.4435440315947,3.537266502448895,3
avGFP,S65T:S72A:K158G:I171S:L178V,5,2.821783893795171,663.4128720687772,0.16375781705914844,3
sfGFP,S65T:S72A:F99C:M153I:K158G,5,2.821726470928786,663.3251607302168,3.536635320956241,3
avGFP,Y39N:F46Y:S65T:S72A:V163A:L178V,6,2.821686599037633,663.2642646892328,0.16372113459322465,4
sfGFP,S65T:S72A:K79R:N105Y:N164T,5,2.8215752564129417,663.0942415336216,3.535404134450265,3
avGFP,S65T:S72A:Y145L:V163A:N164T,5,2.821421856878145,662.8600677407627,0.1636213620191155,3
sfGFP,S65T:S72A:V93F:Y145L:S202T:A206V,6,2.8213502811744857,662.7508313394052,3.533573182310435,3
sfGFP,S65T:Q69H:S72A:R73L,4,2.821256276144197,662.6073914103036,3.532808406978926,2
avGFP,S65T:S72A:Q80R:S147N:L178V:T203I,6,2.8210441098296615,662.283766220257,0.1634791068972461,4
avGFP,F46Y:S65T:S72A:V93F:S202T,5,2.820861633612655,662.0055548774352,0.16341043279684836,3
sfGFP,S30C:S65T:S72A:Y145L:K158G:A206V,6,2.820844254189011,661.979063532809,3.529458365858455,3
avGFP,Y39N:S65T:S72A:S147N:V163A,5,2.8207053375290263,661.7673518523865,0.16335163440893463,3
avGFP,S65T:Q69H:S72A:K158G:I171S,5,2.8206114246738636,661.6242652027161,0.16331631468815916,3
sfGFP,S65T:S72A:Q80R:L178V:T203I,5,2.820577245384317,661.5721969438872,3.5272890847358847,2
sfGFP,Y39N:S65T:S72A:Q80R:L178V:T203I,6,2.820577245384317,661.5721969438872,3.5272890847358847,2
sfGFP,S65T:S72A:V163A:L178V:T203I,5,2.820577245384317,661.5721969438872,3.5272890847358847,2
sfGFP,S65T:S72A:L178V:T203I,4,2.820577245384317,661.5721969438872,3.5272890847358847,2
sfGFP,Y39N:S65T:S72A:L178V:T203I,5,2.820577245384317,661.5721969438872,3.5272890847358847,2
sfGFP,S65T:S72A:Q80R:L178V:T203I:A206V,6,2.820577245384317,661.5721969438872,3.5272890847358847,2
avGFP,S65T:S72A:R73L:Q80R:T203I:A206V,6,2.8205302672876087,661.5006378450336,0.16328579832787246,4
avGFP,S65T:S72A:K79R:N105Y:K158G,5,2.820428439966401,661.3455565702958,0.16324751783605954,3
avGFP,S65T:Q69H:S72A:N149H:S202T:H231Y,6,2.8203248983071387,661.187901668204,0.16320860206625434,4
sfGFP,S65T:S72A:K79R:M153I:K158G,5,2.820313742363705,661.1709176161364,3.5251495930836603,3
sfGFP,L64M:S65T:S72A:F99C:I167V:T203I,6,2.820300976080949,661.1514824835753,3.525045971239725,4
avGFP,S30C:S65T:S72A:N149H:M153I:I167V,6,2.8201328632780207,660.8956042168297,0.16313645092993445,4
sfGFP,S65T:S72A:F99C:N149H:L178V:T203I,6,2.8200531153257478,660.7742574473629,3.5230347292938458,4
sfGFP,S65T:S72A:K79R:F99C:M153I:S202T,6,2.819934130371435,660.5932479505489,3.522069645172574,4
avGFP,S65T:S72A:K158G:I167V:I171S:L178V,6,2.8195174461772794,659.9597451770869,0.16290544209685975,4
avGFP,S65T:S72A:Q80R:I171S:S202T,5,2.819361951025452,659.7234949457973,0.16284712573945315,3
avGFP,S65T:Q69H:S72A:Q80R:M153I,5,2.818980054515543,659.1436226036908,0.16270398919068493,3
avGFP,S65T:S72A:N105Y:Y145L:N149H:S202T,6,2.8188745337691716,658.9834896043044,0.162664461723669,4
avGFP,S65T:S72A:V93F:I167V:A206V:H231Y,6,2.8184351764987,658.3171611186256,0.16249998421222303,4
avGFP,S30C:F46Y:S65T:S72A:S147N:M153I,6,2.8182081713627563,657.9731495474888,0.16241506788589855,4
avGFP,S65T:Q69H:S72A:Y145L:S147N:N164T,6,2.8181223073162243,657.8430750129586,0.16238296009491882,4
avGFP,S65T:S72A:N164T:L178V:S202T:A206V,6,2.81801117188464,657.6747553046463,0.16234141180853223,4
avGFP,S30C:Y39N:S65T:S72A:I171S:H231Y,6,2.817728118530846,657.2462525218874,0.16223563954624623,4
avGFP,S30C:S65T:S72A:Q80R:Y145L,5,2.8176032620900746,657.0573262602754,0.16218900470768752,3
sfGFP,S65T:S72A:K79R:N149H:N164T:S202T,6,2.8174709149686556,656.857124782607,3.502149844234162,4
sfGFP,Y39N:S65T:S72A:N105Y:K158G:H231Y,6,2.8173289134259063,656.6423868994773,3.501004931260579,3
sfGFP,S65T:S72A:N105Y:K158G:H231Y,5,2.8173289134259063,656.6423868994773,3.501004931260579,3
avGFP,S65T:S72A:F99C:Y145L:S202T,5,2.8169956048880085,656.1386260680971,0.16196223138998897,3
sfGFP,F46Y:S65T:S72A:R73L:S147N:M153I,6,2.8167341848335345,655.7437875702897,3.4962138901315285,4
sfGFP,S65T:S72A:K79R:Q80R:I171S:A206V,6,2.8166827363525493,655.6661098079628,3.4957997374140355,2
sfGFP,Y39N:S65T:S72A:K79R:V163A:I171S,6,2.8166827363525493,655.6661098079628,3.4957997374140355,2
sfGFP,S65T:S72A:K79R:I171S,4,2.8166827363525493,655.6661098079628,3.4957997374140355,2
avGFP,S65T:Q69H:S72A:V93F:N149H:L178V,6,2.8162880439933304,655.0705027810642,0.16169857425398995,4
sfGFP,S30C:S65T:Q69H:S72A:K158G,5,2.8160603129067745,654.7270933718561,3.4907932053367086,3
sfGFP,S65T:S72A:R73L:N105Y:V163A,5,2.815983925607459,654.6119446917369,3.490179269798936,2
sfGFP,S65T:S72A:R73L:Q80R:N105Y:A206V,6,2.815983925607459,654.6119446917369,3.490179269798936,2
sfGFP,S65T:S72A:R73L:N105Y,4,2.815983925607459,654.6119446917369,3.490179269798936,2
sfGFP,Y39N:S65T:S72A:R73L:N105Y,5,2.815983925607459,654.6119446917369,3.490179269798936,2
avGFP,S30C:S65T:S72A:R73L:S147N:I167V,6,2.815900016959635,654.4854814287543,0.16155416671590808,4
avGFP,S65T:S72A:Q80R:Y145L:N164T,5,2.815763765827948,654.2801820193379,0.16150349030526695,3
avGFP,F46Y:S65T:Q69H:S72A:Q80R,5,2.815627151145534,654.0743994782159,0.16145269463767925,3
avGFP,F46Y:S65T:S72A:N105Y:S202T:T203I,6,2.8153447095955086,653.6491632934997,0.16134772870729785,4
avGFP,L64M:S65T:S72A:K158G:T203I,5,2.8152683207519735,653.5342018681806,0.16131935145860574,3
avGFP,S30C:S65T:S72A:K79R:N105Y:S202T,6,2.815234967348639,653.484012990034,0.16130696276150325,4
avGFP,Y39N:L64M:S65T:Q69H:S72A:N149H,6,2.8150721566498147,653.2390772311624,0.1612465024555893,4
avGFP,Y39N:S65T:S72A:R73L:L178V,5,2.814999570530898,653.1299067740731,0.1612195546580819,3
avGFP,S65T:S72A:Q80R:F99C:I171S:S202T,6,2.814921636327588,653.0127130398065,0.1611906263829391,4
avGFP,S65T:Q69H:S72A:N164T:H231Y,5,2.814585057278108,652.5068230033968,0.16106575173621102,3
avGFP,S65T:S72A:K158G:I171S:A206V,5,2.814549095377263,652.4527941931202,0.1610524151845677,3
avGFP,S65T:S72A:R73L:M153I:I167V,5,2.814287465309547,652.0598583655598,0.16095542232224205,3
avGFP,S65T:S72A:Q80R:F99C:I167V:A206V,6,2.814226826126183,651.968819638056,0.16093295018775153,4
sfGFP,F46Y:S65T:S72A:F99C:H231Y,5,2.813915511236125,651.5016369297633,3.473596114295034,3
avGFP,S65T:S72A:F99C:V163A:T203I:A206V,6,2.8138832501733626,651.4532426824494,0.16080568440752505,4
avGFP,S65T:Q69H:S72A:N164T:I171S:A206V,6,2.813838426170976,651.3860089595877,0.1607890883356788,4
avGFP,L64M:S65T:Q69H:S72A:S202T,5,2.8137096623413034,651.1929083612549,0.16074142309765413,3
sfGFP,S65T:Q69H:S72A:N149H,4,2.8136909356527506,651.1648296626337,3.4718003668278734,2
sfGFP,S65T:Q69H:S72A:N149H:V163A,5,2.8136909356527506,651.1648296626337,3.4718003668278734,2
avGFP,S65T:S72A:R73L:N105Y:T203I,5,2.8136232862812594,651.063406636074,0.1607094566997835,3
sfGFP,F46Y:S65T:S72A:R73L:F99C:N149H,6,2.8135795085995956,650.9977815561681,3.4709097203265786,4
sfGFP,F46Y:S65T:Q69H:S72A:T203I:H231Y,6,2.8135327631983684,650.9277150089496,3.4705361481475316,4
avGFP,S30C:S65T:Q69H:S72A:K158G:A206V,6,2.813327656185752,650.6203698254176,0.16060009683650003,4
sfGFP,S65T:S72A:Q80R:K158G:N164T:I171S,6,2.8132994737068695,650.5781507766568,3.4686723846661214,3
avGFP,S65T:S72A:F99C:M153I:L178V,5,2.813108994413102,650.2928731594233,0.16051925707384945,3
avGFP,S65T:S72A:V93F:M153I:T203I,5,2.8131008081198643,650.2806154904931,0.1605162313726749,3
avGFP,S65T:Q69H:S72A:F99C:H231Y,5,2.8128284463006756,649.8729287851663,0.1604155973818086,3
avGFP,S65T:S72A:K158G:A206V,4,2.8126392653333694,649.5899023575573,0.16034573471874214,2
sfGFP,L64M:S65T:S72A:R73L:N164T:I167V,6,2.8126017634985816,649.5338119340058,3.4631043075651413,4
avGFP,S65T:S72A:K79R:F99C:Y145L:T203I,6,2.8125717373863384,649.4889062265288,0.16032080468400062,4
sfGFP,L64M:S65T:S72A:R73L:K79R:N149H,6,2.812291819575697,649.0704230463359,3.46063366781786,4
avGFP,S65T:Q69H:S72A:S147N:N164T,5,2.81225521532595,649.0157188406841,0.16020400240802998,3
avGFP,S65T:S72A:V93F:V163A,4,2.8122133554532103,648.9531658788618,0.16018856174217935,2
sfGFP,S30C:S65T:S72A:R73L:K79R:V93F,6,2.8121584777821074,648.8711690082218,3.4595713097003693,4
sfGFP,S30C:S65T:S72A:M153I:K158G,5,2.8121314381550064,648.8307708705603,3.4593559198900428,3
avGFP,S30C:S65T:S72A:Y145L:K158G,5,2.812013127098689,648.654039638718,0.1601147249775138,3
avGFP,S65T:S72A:R73L:Y145L:L178V,5,2.8117654106347665,648.2841605019324,0.16002342346292778,3
sfGFP,S65T:S72A:M153I:H231Y,4,2.8116333205695545,648.0870157545019,3.4553904580482238,2
avGFP,L64M:S65T:S72A:S147N:I171S:T203I,6,2.811575769025974,648.001138686172,0.15995356193825686,4
sfGFP,S65T:Q69H:S72A:R73L:T203I:A206V,6,2.811516461233552,647.9126528899775,3.4544608116216335,3
avGFP,F46Y:S65T:S72A:Q80R:L178V:T203I,6,2.8114915238713363,647.8754505553544,0.15992253689367375,4
avGFP,S30C:S65T:S72A:I171S:T203I,5,2.8114529953504546,647.8179767060241,0.15990834996348205,3
avGFP,S65T:S72A:F99C:N105Y:I171S:S202T,6,2.810941985295263,647.05617375627,0.1597203053937529,4
avGFP,F46Y:S65T:S72A:F99C:M153I:I171S,6,2.8108287649925994,646.8875085986172,0.15967867183613887,4
avGFP,S65T:S72A:Q80R:V93F:N164T:I167V,6,2.810808631869872,646.8575207349279,0.1596712695873994,4
avGFP,S65T:Q69H:S72A:R73L:N149H:A206V,6,2.8106892246577377,646.6796947687246,0.159627374762219,4
avGFP,S65T:Q69H:S72A:K79R:Q80R,5,2.8101655077211976,645.9003319193409,0.15943499568082722,3
sfGFP,L64M:S65T:S72A:N149H:K158G:H231Y,6,2.8101558005278675,645.885895149857,3.443654794550246,4
avGFP,L64M:S65T:Q69H:S72A:M153I:H231Y,6,2.810010376286887,645.6696553728275,0.15937805514003553,4
sfGFP,S65T:S72A:F99C:T203I,4,2.8094604756366874,644.8526303140778,3.4381457604739634,2
sfGFP,S65T:S72A:F99C:T203I:A206V,5,2.8094604756366874,644.8526303140778,3.4381457604739634,2
sfGFP,S65T:S72A:Q80R:F99C:T203I,5,2.8094604756366874,644.8526303140778,3.4381457604739634,2
avGFP,S65T:Q69H:S72A:R73L:S202T,5,2.8094375027652987,644.8185204523273,0.15916795973418477,3
sfGFP,Y39N:S65T:S72A:Y145L,4,2.8093140967312276,644.6353194331365,3.4369871291078327,1
sfGFP,S65T:S72A:Y145L:V163A,4,2.8093140967312276,644.6353194331365,3.4369871291078327,1
sfGFP,S65T:S72A:Q80R:Y145L,4,2.8093140967312276,644.6353194331365,3.4369871291078327,1
sfGFP,S65T:S72A:Y145L:A206V,4,2.8093140967312276,644.6353194331365,3.4369871291078327,1
sfGFP,S65T:S72A:Y145L,3,2.8093140967312276,644.6353194331365,3.4369871291078327,1
avGFP,L64M:S65T:S72A:F99C:Y145L:K158G,6,2.8092401468477295,644.5255629190632,0.15909564566227238,4
sfGFP,S65T:S72A:N149H:S202T:A206V:H231Y,6,2.809203132397372,644.4706330412203,3.4361090745050333,3
avGFP,S30C:S65T:S72A:I167V:A206V:H231Y,6,2.808783806869619,643.8486758731391,0.15892856186015908,4
avGFP,L64M:S65T:S72A:V93F:F99C:S147N,6,2.8087516478572407,643.8010013762064,0.1589167938166438,4
avGFP,S65T:S72A:V93F:N164T:I171S:L178V,6,2.808695987994209,643.7184961156408,0.15889642809578589,4
avGFP,F46Y:S65T:S72A:K79R:N164T,5,2.808614424728913,643.5976130404493,0.15886658913825857,3
sfGFP,S65T:S72A:R73L:Q80R:I167V,5,2.808288151199626,643.1142773921569,3.4288774246593148,2
sfGFP,S65T:S72A:R73L:V163A:I167V,5,2.808288151199626,643.1142773921569,3.4288774246593148,2
sfGFP,S65T:S72A:R73L:I167V,4,2.808288151199626,643.1142773921569,3.4288774246593148,2
sfGFP,S65T:Q69H:S72A:V93F:K158G:T203I,6,2.808270779425122,643.0885533426125,3.4287402723430715,4
sfGFP,S65T:S72A:M153I:K158G:V163A:S202T,6,2.8082240593143917,643.0193755067282,3.428371438485561,3
avGFP,S65T:S72A:R73L:Q80R:V93F:A206V,6,2.8082212344069584,643.0151929430954,0.15872282369780719,4
avGFP,S30C:S65T:S72A:N164T,4,2.8080594409385924,642.7756866032066,0.15866370359772577,2
sfGFP,S30C:L64M:S65T:S72A:N149H,5,2.808040407753354,642.7475172362416,3.4269219780721514,3
avGFP,S65T:S72A:Q80R:F99C:N105Y,5,2.8078875212624865,642.5212879798161,0.15860090746430228,3
avGFP,F46Y:S65T:S72A:S202T,4,2.8078327808188477,642.4403067900998,0.1585809179473527,2
sfGFP,S65T:S72A:K79R:M153I:K158G:L178V,6,2.8073034055755923,641.6576931083481,3.4211113881344875,4
avGFP,S65T:S72A:Q80R:M153I:I167V:I171S,6,2.807282083319391,641.6261908571253,0.15837996036327504,4
sfGFP,S65T:S72A:S202T,3,2.8070549189525775,641.2906662292359,3.419154519465463,1
sfGFP,S65T:S72A:S202T:A206V,4,2.8070549189525775,641.2906662292359,3.419154519465463,1
sfGFP,S65T:S72A:Q80R:S202T:A206V,5,2.8070549189525775,641.2906662292359,3.419154519465463,1
sfGFP,S65T:S72A:Q80R:V163A:S202T,5,2.8070549189525775,641.2906662292359,3.419154519465463,1
sfGFP,S65T:S72A:Q80R:S202T,4,2.8070549189525775,641.2906662292359,3.419154519465463,1
sfGFP,Y39N:S65T:S72A:S202T,4,2.8070549189525775,641.2906662292359,3.419154519465463,1
sfGFP,S65T:S72A:V163A:S202T,4,2.8070549189525775,641.2906662292359,3.419154519465463,1
avGFP,S65T:Q69H:S72A:N105Y:K158G:I171S,6,2.8070499649150036,641.2833510086455,0.15829533326670864,4
sfGFP,L64M:S65T:S72A:Q80R:K158G:I171S,6,2.8069043596184944,641.0683848845463,3.417969387193451,3
avGFP,S65T:S72A:M153I:V163A:S202T,5,2.806898375028777,641.0595510057136,0.15824009014213125,3
sfGFP,F46Y:S65T:S72A:V93F:N149H:K158G,6,2.8067632944568457,640.8601903671907,3.416859361330873,4
sfGFP,S65T:S72A:N149H:V163A:I167V,5,2.806689151480011,640.7507917251577,3.4162760831373356,2
sfGFP,S65T:S72A:N149H:I167V:A206V,5,2.806689151480011,640.7507917251577,3.4162760831373356,2
sfGFP,S65T:S72A:Q80R:N149H:I167V,5,2.806689151480011,640.7507917251577,3.4162760831373356,2
sfGFP,S65T:S72A:N149H:I167V,4,2.806689151480011,640.7507917251577,3.4162760831373356,2
avGFP,L64M:S65T:S72A:S147N:H231Y,5,2.8066794777475508,640.7365194215532,0.15816035254690142,3
avGFP,S65T:S72A:S147N:M153I:I167V:S202T,6,2.806631496688892,640.6657344597263,0.15814287988196316,4
avGFP,L64M:S65T:S72A:Q80R:S202T,5,2.8066178935970276,640.6456676646886,0.15813792656452075,3
avGFP,S65T:S72A:R73L:M153I:I171S:H231Y,6,2.8065800522033797,640.5898486990789,0.1581241481282805,4
sfGFP,S30C:F46Y:S65T:S72A:Y145L:N149H,6,2.8065386742793783,640.528818645713,3.4150925944359556,4
sfGFP,S65T:S72A:Y145L:N149H:K158G,5,2.8064603207196415,640.4132675897093,3.4144765135600443,3
sfGFP,S65T:S72A:Q80R:Y145L:N149H:K158G,6,2.8064603207196415,640.4132675897093,3.4144765135600443,3
avGFP,L64M:S65T:Q69H:S72A:N105Y,5,2.8064550094790484,640.405435650124,0.1580786273378263,3
sfGFP,S65T:Q69H:S72A:Y145L:I171S:S202T,6,2.8063403919035546,640.2364442484205,3.4135337486667563,4
avGFP,S65T:Q69H:S72A:V93F:S202T:A206V,6,2.8063166018405195,640.2013739244024,0.15802825643886367,4
sfGFP,S30C:S65T:S72A:S147N,4,2.806312823795573,640.1958046640367,3.4133170715405594,2
sfGFP,S30C:Y39N:S65T:S72A:S147N,5,2.806312823795573,640.1958046640367,3.4133170715405594,2
sfGFP,S30C:Y39N:S65T:S72A:Q80R:S147N,6,2.806312823795573,640.1958046640367,3.4133170715405594,2
sfGFP,S30C:S65T:S72A:Q80R:S147N,5,2.806312823795573,640.1958046640367,3.4133170715405594,2
avGFP,Y39N:S65T:S72A:N105Y:Y145L:T203I,6,2.806062229833986,639.8265093275207,0.15793572430591502,4
sfGFP,S30C:L64M:S65T:S72A:S202T:A206V,6,2.805818032248324,639.466845144228,3.4094304950349064,3
avGFP,F46Y:S65T:Q69H:S72A:R73L:I167V,6,2.8057994843971255,639.4395353737526,0.15784020308135663,4
avGFP,S65T:S72A:R73L:H231Y,4,2.805763028868113,639.3858618201104,0.15782695422178772,2
sfGFP,S65T:S72A:M153I:I171S:A206V:H231Y,6,2.805683571029895,639.2688914849175,3.408375070116817,3
avGFP,L64M:S65T:S72A:Y145L:N164T:I167V,6,2.8056646983979547,639.2411121212234,0.1577912239914776,4
sfGFP,S65T:S72A:K79R:Q80R:K158G:A206V,6,2.8055660233399333,639.0958881057433,3.4074526720266274,2
sfGFP,S65T:S72A:K79R:K158G,4,2.8055660233399333,639.0958881057433,3.4074526720266274,2
sfGFP,Y39N:F46Y:S65T:S72A:F99C:N164T,6,2.8055420170460112,639.0605620761802,3.4072643250569987,3
sfGFP,S65T:Q69H:S72A:N105Y:K158G,5,2.805211075767805,638.573770352807,3.4046689089552853,3
sfGFP,S65T:Q69H:S72A:N105Y:K158G:A206V,6,2.805211075767805,638.573770352807,3.4046689089552853,3
sfGFP,S65T:S72A:K79R:I171S:S202T:H231Y,6,2.8050415225386316,638.3245129554277,3.4033399490910003,4
sfGFP,S65T:Q69H:S72A:R73L:L178V,5,2.805009336000004,638.2772070463426,3.4030877292765487,3
sfGFP,S65T:S72A:N105Y:K158G:N164T:I167V,6,2.8049191318361184,638.1446488736484,3.4023809719524096,4
sfGFP,S65T:S72A:Q80R:N105Y:Y145L:N149H,6,2.8048949237398872,638.1090789155473,3.402191324434672,3
sfGFP,S65T:S72A:N105Y:Y145L:N149H,5,2.8048949237398872,638.1090789155473,3.402191324434672,3
sfGFP,S65T:S72A:N105Y:Y145L:N149H:V163A,6,2.8048949237398872,638.1090789155473,3.402191324434672,3
avGFP,S65T:S72A:R73L:I167V:S202T,5,2.8046180661251383,637.7024215302489,0.15741141132440997,3
sfGFP,S65T:S72A:R73L:K79R:N105Y:N164T,6,2.8045212333777756,637.560251651414,3.3992651548841293,4
avGFP,S65T:S72A:Q80R:V163A:I167V:S202T,6,2.804467344518967,637.4811457352512,0.15735679127906196,3
avGFP,F46Y:S65T:S72A:S147N:N149H,5,2.8042873427604813,637.216984076307,0.15729158522346562,3
sfGFP,S65T:S72A:Y145L:M153I:S202T:H231Y,6,2.804234456470257,637.1393915856609,3.397021265066828,4
sfGFP,F46Y:S65T:S72A:Y145L:N164T:I167V,6,2.804159795154615,637.0298677982472,3.396437319638577,4
avGFP,S65T:S72A:R73L:K79R:F99C:N149H,6,2.804125954979501,636.9802324394483,0.15723314509836486,4
avGFP,S65T:S72A:V93F:T203I,4,2.8039285885284007,636.690820598226,0.1571617062503337,2
sfGFP,S65T:S72A:N164T:T203I,4,2.8035249620683547,636.0993650519965,3.3914761798033046,2
sfGFP,S65T:S72A:V163A:N164T:T203I,5,2.8035249620683547,636.0993650519965,3.3914761798033046,2
avGFP,S30C:S65T:S72A:R73L:K158G:I171S,6,2.8034942702755714,636.0544132027774,0.1570046145051676,4
sfGFP,S30C:S65T:Q69H:S72A:Y145L,5,2.8034765744920205,636.028497027494,3.3910983344064776,3
avGFP,S30C:S65T:S72A:V163A:N164T:I171S,6,2.803122138499986,635.5096338222468,0.1568701403550711,4
avGFP,F46Y:S65T:S72A:R73L:A206V,5,2.8031069934622863,635.4874722476844,0.15686466995914464,3
avGFP,L64M:S65T:S72A:N164T:I167V,5,2.8029649401614596,635.2796447602702,0.15681336951398187,3
avGFP,S65T:S72A:F99C:N105Y:Y145L,5,2.8026557228307754,634.827487138216,0.15670175825608848,3
avGFP,S65T:Q69H:S72A:N164T:I171S:T203I,6,2.8026350044864747,634.7972029387239,0.15669428285938003,4
sfGFP,L64M:S65T:S72A:V93F:F99C:N149H,6,2.80235693177313,634.3908812181455,3.382367096310334,4
avGFP,S65T:S72A:V93F:V163A:A206V,5,2.8021558904749777,634.0972803174225,0.15652151292168315,3
sfGFP,S65T:S72A:M153I:K158G:V163A:N164T,6,2.8020232617408745,633.9036635830039,3.3797694093847577,3
sfGFP,S65T:S72A:M153I:K158G:N164T:A206V,6,2.8020232617408745,633.9036635830039,3.3797694093847577,3
avGFP,S30C:Y39N:S65T:S72A:S147N:I167V,6,2.8016797528529476,633.4024703648312,0.1563500050027118,4
sfGFP,S30C:S65T:S72A:F99C:N149H,5,2.8016595518370027,633.3730086139786,3.376940128637093,3
sfGFP,L64M:S65T:S72A:I171S:H231Y,5,2.8012661843315616,632.799583046142,3.3738828088832054,3
avGFP,S65T:S72A:K79R:M153I:V163A:H231Y,6,2.801203924078991,632.7088716980007,0.15617879607931376,4
sfGFP,S30C:S65T:S72A:N105Y:S147N:K158G,6,2.800946122395327,632.3334006389291,3.371397274992795,4
avGFP,S65T:S72A:K79R:Y145L:L178V:A206V,6,2.8008199922328245,632.1497816030186,0.15604078945124192,4
avGFP,S65T:S72A:K79R:N149H:L178V:A206V,6,2.8006421228619374,631.890931752645,0.15597689457034958,4
avGFP,S65T:S72A:Q80R:K158G:I167V,5,2.8003179579467914,631.4194534103443,0.15586051415722157,3
sfGFP,S65T:S72A:Q80R:V163A:H231Y,5,2.8001656194337494,631.1980077408559,3.3653437271037503,1
sfGFP,Y39N:S65T:S72A:Q80R:V163A:H231Y,6,2.8001656194337494,631.1980077408559,3.3653437271037503,1
sfGFP,S65T:S72A:Q80R:H231Y,4,2.8001656194337494,631.1980077408559,3.3653437271037503,1
sfGFP,S65T:S72A:A206V:H231Y,4,2.8001656194337494,631.1980077408559,3.3653437271037503,1
sfGFP,S65T:S72A:V163A:H231Y,4,2.8001656194337494,631.1980077408559,3.3653437271037503,1
sfGFP,Y39N:S65T:S72A:H231Y,4,2.8001656194337494,631.1980077408559,3.3653437271037503,1
sfGFP,S65T:S72A:H231Y,3,2.8001656194337494,631.1980077408559,3.3653437271037503,1
avGFP,S65T:S72A:N164T:H231Y,4,2.8001355569632165,631.1543168454771,0.15579506745440158,2
sfGFP,F46Y:S65T:Q69H:S72A:M153I,5,2.8000701172671416,631.0592213819049,3.364603763103903,3
avGFP,S65T:S72A:S147N:K158G:S202T:T203I,6,2.7999896940103395,630.942371776222,0.15574275061923162,4
sfGFP,L64M:S65T:S72A:N105Y:T203I,5,2.7999461800197487,630.8791578828723,3.363643722736984,3
sfGFP,L64M:S65T:S72A:Q80R:N105Y:T203I,6,2.7999461800197487,630.8791578828723,3.363643722736984,3
sfGFP,S65T:S72A:R73L:S147N:I167V,5,2.799644738731671,630.4414202413327,3.3613098471416785,3
avGFP,F46Y:S65T:S72A:Y145L:H231Y,5,2.799490986615144,630.2182662512739,0.15556401133773984,3
avGFP,S65T:S72A:N105Y:S147N:H231Y,5,2.799387976096097,630.0688022011074,0.15552711740996938,3
sfGFP,S65T:S72A:N105Y:K158G:S202T,5,2.7993094706891597,629.9549178683017,3.3587159737624495,3
sfGFP,L64M:S65T:S72A:Q80R:A206V,5,2.7992375885549636,629.8506596781186,3.3581601027963996,1
sfGFP,Y39N:L64M:S65T:S72A:A206V,5,2.7992375885549636,629.8506596781186,3.3581601027963996,1
sfGFP,L64M:S65T:S72A:V163A,4,2.7992375885549636,629.8506596781186,3.3581601027963996,1
sfGFP,L64M:S65T:S72A:A206V,4,2.7992375885549636,629.8506596781186,3.3581601027963996,1
sfGFP,L64M:S65T:S72A:Q80R,4,2.7992375885549636,629.8506596781186,3.3581601027963996,1
sfGFP,Y39N:L64M:S65T:S72A,4,2.7992375885549636,629.8506596781186,3.3581601027963996,1
sfGFP,Y39N:L64M:S65T:S72A:V163A:A206V,6,2.7992375885549636,629.8506596781186,3.3581601027963996,1
sfGFP,L64M:S65T:S72A,3,2.7992375885549636,629.8506596781186,3.3581601027963996,1
sfGFP,L64M:S65T:S72A:Q80R:V163A,5,2.7992375885549636,629.8506596781186,3.3581601027963996,1
avGFP,S65T:Q69H:S72A:R73L:K158G:L178V,6,2.7992049595712403,629.8033401385545,0.15546159036081808,4
avGFP,S65T:S72A:K79R:F99C:L178V:S202T,6,2.7988419414041785,629.2771199432318,0.1553316973875181,4
sfGFP,F46Y:S65T:S72A:K79R:S147N,5,2.7985621992884564,628.8719141725,3.3529417481638286,3
sfGFP,F46Y:S65T:S72A:K79R:S147N:A206V,6,2.7985621992884564,628.8719141725,3.3529417481638286,3
avGFP,S65T:S72A:Q80R:V93F,4,2.798198741750027,628.3458365209209,0.15510181800663506,2
avGFP,S65T:S72A:Q80R:N149H:I171S,5,2.7979688475983724,628.0133091400123,0.15501973645485542,3
avGFP,S65T:S72A:Y145L:K158G:I171S,5,2.797903804351615,627.9192601303367,0.15499652125784996,3
sfGFP,S65T:S72A:M153I:K158G:N164T:S202T,6,2.797787119806971,627.7505758984803,3.346963134986736,4
sfGFP,S65T:S72A:N149H:N164T:I167V:A206V,6,2.7976646977297346,627.5736459532122,3.3460198017154927,3
avGFP,S65T:Q69H:S72A:F99C:T203I:H231Y,6,2.7975295297780876,627.3783530162592,0.1548630029437466,4
sfGFP,S65T:Q69H:S72A:V93F:F99C:N149H,6,2.7974093667170767,627.20479042667,3.344053183289526,4
avGFP,S30C:S65T:S72A:T203I,4,2.797362471602843,627.1370685154358,0.15480344391978335,2
avGFP,S65T:S72A:Q80R:S147N:I171S:S202T,6,2.7970202791322554,626.6431247312269,0.15468151810366262,4
sfGFP,S30C:S65T:S72A:N149H:I167V:H231Y,6,2.796865009688141,626.4191266317289,3.339864277919909,4
avGFP,S65T:S72A:R73L:M153I,4,2.7967853995843104,626.3043088679218,0.1545978842935636,2
sfGFP,S65T:S72A:V93F:S147N:N149H:N164T,6,2.796636822911861,626.0900802777923,3.3381099091329878,4
avGFP,S65T:Q69H:S72A:V163A:I171S:H231Y,6,2.796487828936083,625.8753235758303,0.15449199292795848,4
avGFP,L64M:S65T:Q69H:S72A:V163A:I167V,6,2.7963049597549086,625.6118405716561,0.15442695439251192,4
avGFP,S30C:S65T:S72A:T203I:A206V,5,2.7962955924974566,625.5983469533384,0.15442362360775785,3
sfGFP,S30C:Y39N:S65T:S72A:I167V,5,2.7962165842051956,625.4845463793898,3.3348813981403262,2
sfGFP,S30C:S65T:S72A:Q80R:V163A:I167V,6,2.7962165842051956,625.4845463793898,3.3348813981403262,2
sfGFP,S30C:S65T:S72A:I167V,4,2.7962165842051956,625.4845463793898,3.3348813981403262,2
avGFP,S30C:S65T:S72A:Q80R:S147N:N164T,6,2.7961598893298403,625.4028979696179,0.15437537869080187,4
avGFP,S65T:S72A:N105Y:V163A:S202T:T203I,6,2.7961541617653753,625.3946500826571,0.15437334277015435,4
avGFP,S65T:Q69H:S72A:S202T:T203I,5,2.796117204525382,625.3414330197083,0.1543602065914251,3
avGFP,S65T:S72A:F99C:N105Y:S147N,5,2.7960310122625143,625.2173369347138,0.15432957452979368,3
avGFP,S65T:S72A:F99C:N105Y:L178V,5,2.796016685304036,625.1967119545403,0.15432448342910465,3
avGFP,S65T:S72A:K79R:T203I:H231Y,5,2.795924249744649,625.0636587831,0.15429164038697327,3
sfGFP,S65T:S72A:V163A:N164T:I167V,5,2.795902734326764,625.0326932211084,3.332472263172938,2
sfGFP,S65T:S72A:N164T:I167V,4,2.795902734326764,625.0326932211084,3.332472263172938,2
avGFP,S65T:S72A:V93F:F99C:K158G,5,2.795818754832351,624.9118423765882,0.15425416580007445,3
avGFP,S65T:S72A:V93F:Y145L:I171S,5,2.795762081367748,624.8302995296341,0.15423403764281943,3
avGFP,S65T:S72A:N149H:K158G:I167V,5,2.7957573492776264,624.8234913906804,0.15423235711170488,3
sfGFP,F46Y:S65T:Q69H:S72A:N149H:I167V,6,2.7957171235990477,624.7656210146455,3.331048320505691,4
sfGFP,S65T:S72A:K79R:Y145L:V163A:L178V,6,2.7953090546175896,624.1788584774913,3.327919892342904,3
avGFP,S65T:Q69H:S72A:R73L:F99C:M153I,6,2.795269443109709,624.1219304268678,0.1540591827631132,4
avGFP,S65T:S72A:N105Y:K158G:N164T,5,2.7951835264203257,623.9984722929607,0.15402870817427416,3
avGFP,Y39N:S65T:S72A:F99C:I167V:I171S,6,2.7951265757833865,623.9166504371174,0.1540085111460512,4
sfGFP,S30C:S65T:S72A:R73L:M153I,5,2.795114209304655,623.8988847448062,3.3264271629085735,3
avGFP,F46Y:S65T:S72A:N105Y:V163A:I171S,6,2.7947658291226065,623.3986093293228,0.15388063711084474,4
sfGFP,S65T:S72A:K79R:K158G:T203I,5,2.7946471635029146,623.2282966042468,3.3228518037271035,3
sfGFP,S65T:S72A:R73L:F99C:I167V:A206V,6,2.7944822460203507,622.9916789782023,3.3215902350374606,3
sfGFP,S30C:F46Y:S65T:Q69H:S72A:N149H,6,2.7942580435322575,622.6701454499233,3.3198759222082423,4
sfGFP,S30C:F46Y:L64M:S65T:S72A:S147N,6,2.79424807273101,622.6558499678192,3.319799703319027,4
avGFP,S65T:S72A:V93F:S147N:H231Y,5,2.794216965595374,622.6112527022958,0.15368628483352625,3
avGFP,S65T:S72A:Q80R:I171S,4,2.7939616706510746,622.2453654931625,0.15359596869228118,2
sfGFP,S65T:Q69H:S72A:I171S:L178V,5,2.793928021944778,622.1971564061879,3.3173540975323044,3
avGFP,S65T:S72A:R73L:N149H,4,2.793751597240532,621.9444507868246,0.15352169045996833,2
avGFP,F46Y:S65T:S72A:V93F:T203I,5,2.7934587234231123,621.5251734334798,0.15341819541635848,3
sfGFP,S65T:S72A:V93F:Y145L:H231Y,5,2.793314910984521,621.3193954256391,3.3126741597416904,3
sfGFP,Y39N:S65T:S72A:V93F:Y145L:H231Y,6,2.793314910984521,621.3193954256391,3.3126741597416904,3
sfGFP,S65T:S72A:I171S:L178V:S202T:T203I,6,2.7932542886198606,621.2326726515805,3.3122117819456647,4
sfGFP,F46Y:S65T:S72A:S147N:K158G:I167V,6,2.7930999142163344,621.0118884036585,3.311034631709645,4
sfGFP,S65T:Q69H:S72A:Y145L:V163A,5,2.7930598967015836,620.9546686863306,3.3107295546745235,2
sfGFP,S65T:Q69H:S72A:Y145L,4,2.7930598967015836,620.9546686863306,3.3107295546745235,2
avGFP,F46Y:S65T:S72A:Y145L:N149H:V163A,6,2.792990984129781,620.8561452416789,0.15325305150545018,4
avGFP,Y39N:S65T:S72A:S147N:M153I:T203I,6,2.79281474492554,620.6042493528815,0.15319087315074478,4
avGFP,Y39N:S65T:S72A:N105Y:M153I:S202T,6,2.7924416052631926,620.071263978972,0.1530593102507309,4
sfGFP,S65T:S72A:Q80R:I171S:H231Y,5,2.7924152604048604,620.0336508044459,3.3058189850698367,2
sfGFP,Y39N:S65T:S72A:V163A:I171S:H231Y,6,2.7924152604048604,620.0336508044459,3.3058189850698367,2
sfGFP,S65T:S72A:I171S:H231Y,4,2.7924152604048604,620.0336508044459,3.3058189850698367,2
sfGFP,S65T:S72A:I171S:L178V,4,2.791429670351286,618.6281387999246,3.298325249427809,2
sfGFP,S65T:S72A:V163A:I171S:L178V,5,2.791429670351286,618.6281387999246,3.298325249427809,2
sfGFP,S65T:S72A:I171S:L178V:A206V,5,2.791429670351286,618.6281387999246,3.298325249427809,2
avGFP,Y39N:S65T:S72A:N105Y:N149H:N164T,6,2.7904074489373025,617.1737540129976,0.15234408459426232,4
avGFP,S65T:S72A:R73L:K79R:Q80R:T203I,6,2.790392944873649,617.1531427035937,0.15233899686808638,4
avGFP,L64M:S65T:S72A:M153I:N164T,5,2.7903859610625146,617.1432184551528,0.15233654715188538,3
avGFP,L64M:S65T:Q69H:S72A:A206V,5,2.790162231272704,616.8253747576267,0.15225809014228506,3
sfGFP,F46Y:L64M:S65T:S72A:M153I:S202T,6,2.7900582287638858,616.6776784168973,3.2879260251994578,4
avGFP,Y39N:S65T:S72A:Y145L:V163A:A206V,6,2.7900144838102645,616.6155657744727,0.15220630058177567,4
avGFP,S65T:S72A:K79R:S147N:I167V:H231Y,6,2.7899335192199928,616.5006221696315,0.15217792773191674,4
avGFP,S65T:Q69H:S72A:Y145L:V163A:I167V,6,2.7899254334669497,616.4891441850259,0.15217509448917696,4
sfGFP,Y39N:F46Y:S65T:Q69H:S72A:S147N,6,2.7898806597610406,616.4255903477263,3.2865819731082624,3
sfGFP,F46Y:S65T:Q69H:S72A:S147N,5,2.7898806597610406,616.4255903477263,3.2865819731082624,3
sfGFP,F46Y:S65T:S72A:R73L:M153I,5,2.7898685340220446,616.4083796490327,3.286490211226607,3
avGFP,S65T:S72A:V93F:N105Y:K158G,5,2.789648560612506,616.0962432419741,0.1520781102377952,3
sfGFP,S65T:S72A:Y145L:S147N:V163A,5,2.7895890491852624,616.0118252806407,3.284375911530225,2
sfGFP,S65T:S72A:Y145L:S147N,4,2.7895890491852624,616.0118252806407,3.284375911530225,2
sfGFP,Y39N:S65T:S72A:Y145L:S147N:A206V,6,2.7895890491852624,616.0118252806407,3.284375911530225,2
avGFP,S65T:S72A:R73L:L178V:A206V,5,2.7892514500876544,615.5331541598792,0.1519391164938147,3
avGFP,L64M:S65T:S72A:K79R:N164T:T203I,6,2.789042867896116,615.2375979572099,0.151866160962493,4
sfGFP,L64M:S65T:S72A:S147N:K158G:S202T,6,2.788751641788235,614.825174595639,3.278049073691609,4
avGFP,F46Y:S65T:S72A:N164T:I171S:A206V,6,2.7885795763734254,614.5816320246435,0.15170424135902302,4
avGFP,S30C:S65T:S72A:V163A:I171S:T203I,6,2.7882393492750417,614.1003561810361,0.1515854425161446,4
avGFP,S65T:Q69H:S72A:F99C:N149H,5,2.7881853647457704,614.0240258115222,0.15156660101455002,3
avGFP,S65T:S72A:Q80R:V93F:S147N:N149H,6,2.788037337448835,613.8147741810628,0.1515149490318063,4
avGFP,S65T:S72A:Q80R:K158G:I167V:L178V,6,2.7876648988459536,613.2886097224671,0.15138506981664265,4
sfGFP,Y39N:S65T:Q69H:S72A:K79R,5,2.787590153454343,613.1830671593196,3.2692938876924846,2
sfGFP,S65T:Q69H:S72A:K79R:Q80R,5,2.787590153454343,613.1830671593196,3.2692938876924846,2
sfGFP,S65T:Q69H:S72A:K79R,4,2.787590153454343,613.1830671593196,3.2692938876924846,2
avGFP,F46Y:S65T:S72A:F99C:T203I,5,2.7873035711646326,612.77857332401,0.15125917167575853,3
sfGFP,S65T:S72A:L178V,3,2.7872087851244802,612.6448472027713,3.266424272876914,1
sfGFP,S65T:S72A:V163A:L178V,4,2.7872087851244802,612.6448472027713,3.266424272876914,1
sfGFP,S65T:S72A:Q80R:L178V,4,2.7872087851244802,612.6448472027713,3.266424272876914,1
sfGFP,Y39N:S65T:S72A:L178V,4,2.7872087851244802,612.6448472027713,3.266424272876914,1
sfGFP,S65T:S72A:L178V:A206V,4,2.7872087851244802,612.6448472027713,3.266424272876914,1
sfGFP,Y39N:S65T:S72A:L178V:A206V,5,2.7872087851244802,612.6448472027713,3.266424272876914,1
sfGFP,S30C:S65T:S72A:A206V,4,2.7868965341200425,612.2045233606498,3.2640766084961568,1
sfGFP,S30C:S65T:S72A:Q80R,4,2.7868965341200425,612.2045233606498,3.2640766084961568,1
sfGFP,S30C:Y39N:S65T:S72A,4,2.7868965341200425,612.2045233606498,3.2640766084961568,1
sfGFP,S30C:S65T:S72A,3,2.7868965341200425,612.2045233606498,3.2640766084961568,1
sfGFP,S30C:S65T:S72A:V163A,4,2.7868965341200425,612.2045233606498,3.2640766084961568,1
sfGFP,Y39N:S65T:Q69H:S72A:S147N:N164T,6,2.786861374008191,612.1549618094268,3.2638123623270183,3
avGFP,S65T:Q69H:S72A:Q80R:N164T:A206V,6,2.7862338950687704,611.2711444757102,0.15088707570360807,4
avGFP,S65T:S72A:Q80R:S147N:S202T:A206V,6,2.7861642055975993,611.1730641479577,0.1508628654100708,4
avGFP,L64M:S65T:S72A:S202T:T203I,5,2.786139418507354,611.1381828169248,0.15085425525059612,3
sfGFP,Y39N:S65T:S72A:R73L:V93F,5,2.786120277694915,611.111248503815,3.2582476203873103,2
sfGFP,S65T:S72A:R73L:V93F,4,2.786120277694915,611.111248503815,3.2582476203873103,2
sfGFP,S65T:S72A:R73L:V93F:V163A,5,2.786120277694915,611.111248503815,3.2582476203873103,2
sfGFP,Y39N:S65T:S72A:R73L:V93F:V163A,6,2.786120277694915,611.111248503815,3.2582476203873103,2
sfGFP,Y39N:S65T:S72A:R73L:V163A:T203I,6,2.7850946790147626,609.6697947241806,3.2505622548194357,2
sfGFP,S65T:S72A:R73L:T203I,4,2.7850946790147626,609.6697947241806,3.2505622548194357,2
sfGFP,S65T:S72A:V93F:I167V:L178V,5,2.7847826203379764,609.2318789286813,3.248227429364809,3
avGFP,S30C:S65T:S72A:R73L:T203I,5,2.784760077543106,609.2002565309404,0.15037589465258008,3
avGFP,S30C:S65T:S72A:Y145L:T203I,5,2.7845671539269126,608.9296958384464,0.15030910905005376,3
avGFP,S65T:S72A:K79R:V93F:M153I:V163A,6,2.7845382582948406,608.8891822610407,0.15029910861853285,4
sfGFP,S65T:S72A:K158G:A206V,4,2.7842556404311534,608.4930755003355,3.2442883683211194,1
sfGFP,Y39N:S65T:S72A:K158G:V163A,5,2.7842556404311534,608.4930755003355,3.2442883683211194,1
sfGFP,Y39N:S65T:S72A:K158G,4,2.7842556404311534,608.4930755003355,3.2442883683211194,1
sfGFP,S65T:S72A:Q80R:K158G,4,2.7842556404311534,608.4930755003355,3.2442883683211194,1
sfGFP,S65T:S72A:K158G:V163A,4,2.7842556404311534,608.4930755003355,3.2442883683211194,1
sfGFP,S65T:S72A:K158G,3,2.7842556404311534,608.4930755003355,3.2442883683211194,1
avGFP,L64M:S65T:S72A:Y145L:S147N:K158G,6,2.7841718599756957,608.3757014323982,0.15017236024939434,4
sfGFP,S65T:S72A:N149H:L178V:S202T:T203I,6,2.784171786129329,608.3755979856973,3.243662016190544,4
sfGFP,L64M:S65T:S72A:K158G:N164T:L178V,6,2.7840156331947874,608.1568925631861,3.2424959495795838,4
avGFP,F46Y:S65T:S72A:Q80R:L178V:A206V,6,2.783886914493915,607.9766702282652,0.15007386279527724,4
avGFP,S65T:S72A:Y145L:V163A:H231Y,5,2.783880996361901,607.968385385076,0.15007181775229952,3
avGFP,S65T:S72A:Q80R:Y145L:S147N:N164T,6,2.783759898680079,607.79888450123,0.15002997790279274,4
sfGFP,F46Y:S65T:S72A:N105Y:Y145L:T203I,6,2.7836113140711793,607.5909746236673,3.239478658072863,4
sfGFP,S65T:S72A:Q80R:N164T,4,2.7835799723594956,607.5471282134025,3.2392448831877543,1
sfGFP,S65T:S72A:Q80R:V163A:N164T,5,2.7835799723594956,607.5471282134025,3.2392448831877543,1
sfGFP,S65T:S72A:V163A:N164T,4,2.7835799723594956,607.5471282134025,3.2392448831877543,1
sfGFP,Y39N:S65T:S72A:N164T,4,2.7835799723594956,607.5471282134025,3.2392448831877543,1
sfGFP,S65T:S72A:N164T:A206V,4,2.7835799723594956,607.5471282134025,3.2392448831877543,1
sfGFP,Y39N:S65T:S72A:Q80R:N164T:A206V,6,2.7835799723594956,607.5471282134025,3.2392448831877543,1
sfGFP,S65T:S72A:N164T,3,2.7835799723594956,607.5471282134025,3.2392448831877543,1
avGFP,S65T:S72A:Q80R:V93F:N105Y:H231Y,6,2.783517653270887,607.4599544901889,0.1499463159162973,4
sfGFP,L64M:S65T:S72A:F99C:K158G,5,2.783507263396673,607.4454220535941,3.238702618822656,3
avGFP,S65T:S72A:V93F:V163A:T203I,5,2.7833030786044564,607.1598969773412,0.1498722492748966,3
avGFP,Y39N:S65T:S72A:N164T,4,2.7832537941537665,607.0909993849743,0.14985524249103446,2
avGFP,F46Y:S65T:S72A:N105Y:M153I:T203I,6,2.783225300382514,607.0511698560858,0.14984541091106385,4
avGFP,S65T:Q69H:S72A:R73L:N149H,5,2.78310094118368,606.8773670730054,0.14980250917437113,3
sfGFP,S65T:S72A:K79R:N105Y:L178V:H231Y,6,2.7830633942273812,606.8249017206736,3.235394205005875,4
avGFP,S65T:S72A:N105Y:N164T:L178V:A206V,6,2.782864287670571,606.5467606670054,0.14972090179888636,4
sfGFP,S65T:S72A:S202T:H231Y,4,2.7827588693438825,606.3995486081525,3.2331263597156936,2
avGFP,S65T:S72A:V93F:M153I:N164T:A206V,6,2.782726385221416,606.354193160763,0.14967336815010376,4
sfGFP,S65T:S72A:R73L:S147N:M153I:S202T,6,2.782671179696279,606.2771210919245,3.2324736157768506,4
avGFP,S30C:S65T:S72A:K158G:S202T:A206V,6,2.7825519342387666,606.1106767289987,0.14961325819299756,4
avGFP,S65T:S72A:V93F:N105Y:S147N:S202T,6,2.782482339628437,606.0135567826983,0.149589284961442,4
avGFP,S65T:Q69H:S72A:M153I:K158G:I167V,6,2.781860024500276,605.1458014994614,0.14937508696060836,4
avGFP,L64M:S65T:S72A:Q80R:S147N:L178V,6,2.7815761187413757,604.75033657491,0.14927746981223128,4
avGFP,S65T:S72A:K79R:K158G:I167V:L178V,6,2.78139961495044,604.5046069056554,0.14921681353630117,4
sfGFP,S65T:S72A:R73L:V93F:F99C:I167V,6,2.7811543294935976,604.1632847608312,3.2212033238086764,4
avGFP,S65T:S72A:N149H:V163A:I171S:H231Y,6,2.780486237502713,603.2345915290546,0.14890332105754484,4
sfGFP,S30C:S65T:S72A:F99C:I171S,5,2.780242481506498,602.896109697975,3.214447156018813,3
avGFP,Y39N:S65T:S72A:N149H:I167V:A206V,6,2.779975082515035,602.5250154331426,0.14872816824186075,4
avGFP,S65T:S72A:N105Y:N149H:M153I:A206V,6,2.779943204780753,602.4807909996197,0.14871725181711337,4
avGFP,S65T:S72A:R73L:V93F,4,2.7797268381124485,602.1807082211237,0.1486431789391026,2
avGFP,S65T:Q69H:S72A:V93F:S202T,5,2.7796960595550746,602.138033037575,0.14863264493351608,3
avGFP,S65T:S72A:S202T:T203I:H231Y,5,2.7796127635287537,602.0225563322304,0.14860414049233836,3
sfGFP,S65T:S72A:V93F:N105Y:L178V,5,2.7794059041519406,601.7358744556527,3.208261156781126,3
avGFP,S65T:Q69H:S72A:Y145L:M153I:K158G,6,2.7794011358563306,601.7292677892161,0.14853174471348846,4
avGFP,S65T:Q69H:S72A:N164T:S202T,5,2.7792824769876128,601.564884487211,0.1484911680954717,3
sfGFP,F46Y:S65T:Q69H:S72A:V93F:A206V,6,2.7792224868114506,601.4817945734534,3.2069064849867663,3
avGFP,S65T:S72A:R73L:L178V:T203I,5,2.77913022923781,601.3540348167511,0.1484391216501646,3
sfGFP,S30C:S65T:S72A:N105Y:S202T:H231Y,6,2.7791114453772234,601.3280259528382,3.206086640411108,4
sfGFP,S65T:S72A:R73L:F99C:S147N,5,2.778848537488153,600.9641114991421,3.204146366188234,3
sfGFP,S65T:S72A:R73L:F99C:S147N:V163A,6,2.778848537488153,600.9641114991421,3.204146366188234,3
avGFP,S65T:S72A:V93F:N105Y:H231Y,5,2.778819555387942,600.9240082473534,0.1483329732541252,3
avGFP,S65T:Q69H:S72A:K79R:V93F:M153I,6,2.7786724295695886,600.7204678702655,0.14828273104563236,4
avGFP,Y39N:L64M:S65T:S72A:Q80R:S202T,6,2.7786209033860025,600.6492005659393,0.14826513931855634,4
avGFP,S65T:S72A:R73L:K79R:T203I,5,2.778455685247343,600.420739756724,0.1482087457136448,3
avGFP,S65T:S72A:R73L:K79R:Y145L:I171S,6,2.7784458634533973,600.4071610852266,0.14820539393423773,4
sfGFP,S65T:S72A:V93F:N164T:I171S:S202T,6,2.7784226753363037,600.3751046339763,3.201005971994024,4
sfGFP,S30C:S65T:S72A:Q80R:I171S:H231Y,6,2.7780381212397582,599.8437266664872,3.1981728364522763,3
sfGFP,S30C:S65T:S72A:I171S:H231Y,5,2.7780381212397582,599.8437266664872,3.1981728364522763,3
avGFP,S30C:S65T:Q69H:S72A:R73L:T203I,6,2.7777888940797495,599.4995950528014,0.14798136898904257,4
avGFP,S30C:F46Y:S65T:S72A:N105Y:S147N,6,2.777644152614723,599.2998273947927,0.1479320580441215,4
avGFP,S65T:S72A:Y145L:S147N:K158G:L178V,6,2.777444689095859,599.0246431345835,0.14786413115328445,4
avGFP,S30C:S65T:Q69H:S72A:Q80R:S147N,6,2.777402702570445,598.966733700494,0.14784983670270493,4
avGFP,Y39N:S65T:S72A:F99C:I171S:T203I,6,2.7772830648786764,598.8017554859597,0.1478091132355973,4
avGFP,S65T:S72A:V93F:I167V:T203I,5,2.7772747188318925,598.7902481340286,0.14780627274378338,3
avGFP,S65T:Q69H:S72A:Q80R:S147N:I167V,6,2.7772374436770235,598.7388566419959,0.147793587191686,4
avGFP,L64M:S65T:S72A:R73L:M153I:T203I,6,2.776944886042093,598.3356587078797,0.14769406121576134,4
sfGFP,S65T:S72A:V93F:S147N:H231Y,5,2.776792559229785,598.1258319996731,3.1890135774402273,3
avGFP,F46Y:S65T:S72A:N149H:H231Y,5,2.7765067658729863,597.7323566875197,0.1475451412504712,3
avGFP,F46Y:S65T:S72A:N149H:M153I,5,2.7763016555385396,597.4501239123188,0.147475474493742,3
sfGFP,S65T:S72A:N105Y:S147N:T203I,5,2.7762422833492955,597.3684523766796,3.1849754741318854,3
avGFP,L64M:S65T:S72A:N105Y:N149H:S202T,6,2.7760145673991365,597.0553130809416,0.14737801880269394,4
sfGFP,S65T:S72A:Q80R:Y145L:N164T,5,2.7756546084121894,596.5606570483203,3.180668570580641,2
sfGFP,S65T:S72A:Y145L:N164T,4,2.7756546084121894,596.5606570483203,3.180668570580641,2
sfGFP,S65T:S72A:Y145L:N164T:A206V,5,2.7756546084121894,596.5606570483203,3.180668570580641,2
sfGFP,F46Y:S65T:S72A:L178V:S202T,5,2.775244228305622,595.9972121860877,3.177664464722528,3
sfGFP,S65T:Q69H:S72A:S147N:N164T:S202T,6,2.7751608239714733,595.8827645478133,3.177054266913243,4
sfGFP,S30C:S65T:S72A:V93F:F99C:N105Y,6,2.775146163381729,595.862649520658,3.1769470200911245,4
avGFP,S65T:S72A:F99C:Y145L:M153I:T203I,6,2.7748415959157646,595.4449220010935,0.14698050748063426,4
avGFP,S65T:Q69H:S72A:N105Y:S202T:A206V,6,2.774820664559106,595.41622449235,0.14697342374502298,4
sfGFP,F46Y:S65T:S72A:K79R:Y145L:I171S,6,2.7748191398142827,595.4141340761689,3.17455568073468,4
sfGFP,Y39N:L64M:S65T:S72A:K79R:S202T,6,2.7747478089514455,595.3163480852717,3.174034317442925,3
avGFP,S65T:Q69H:S72A:Q80R:I167V:I171S,6,2.7746134250428334,595.1321676156467,0.1469033067243741,4
sfGFP,L64M:S65T:S72A:K158G:N164T,5,2.7743603022259355,594.7854037358819,3.171203493812706,3
avGFP,S65T:S72A:S147N:M153I:H231Y,5,2.7741144833191016,594.4488391858575,0.1467346329215162,3
sfGFP,S65T:S72A:K79R:N149H:K158G,5,2.7741108224126187,594.4438282715413,3.1693823238594523,3
sfGFP,S65T:S72A:R73L:F99C:Y145L:I167V,6,2.774104950558812,594.4357911819511,3.169339472695943,4
avGFP,F46Y:L64M:S65T:S72A:F99C,5,2.774099450188572,594.4282626584104,0.14672955378097,3
avGFP,Y39N:S65T:S72A:Q80R:F99C:S147N,6,2.774081783008569,594.4040816983783,0.1467235849169398,4
sfGFP,S30C:S65T:S72A:N149H:K158G:N164T,6,2.773736628053174,593.931867524528,3.166652714660191,4
sfGFP,S65T:S72A:N105Y:K158G,4,2.7737327429992362,593.9265544314173,3.1666243869653123,2
sfGFP,F46Y:S65T:S72A:V93F:S202T,5,2.7737101366756187,593.8956395867314,3.166459559007426,3
avGFP,S65T:S72A:R73L:A206V,4,2.7737100461225417,593.8955157558419,0.14659804974557558,2
sfGFP,Y39N:F46Y:S65T:S72A:R73L:L178V,6,2.7730521439033495,592.9965188922564,3.1616657381272066,3
sfGFP,F46Y:S65T:S72A:R73L:V163A:L178V,6,2.7730521439033495,592.9965188922564,3.1616657381272066,3
avGFP,S65T:S72A:V93F:N105Y:N149H:S202T,6,2.772801516604453,592.6544048514527,0.14629169208959988,4
avGFP,F46Y:S65T:S72A:N105Y:N149H:I171S,6,2.772488985538219,592.2280667540762,0.1461864541614635,4
avGFP,S30C:S65T:Q69H:S72A:T203I,5,2.7724633965813434,592.1931732598142,0.14617784099959932,3
avGFP,F46Y:S65T:S72A:N105Y:S147N:N149H,6,2.772431071708978,592.1490975067053,0.14616696127534579,4
avGFP,S65T:S72A:N149H:V163A:N164T,5,2.7724027036460193,592.1104196626036,0.1461574139789557,3
avGFP,S65T:Q69H:S72A:Q80R:M153I:I167V,6,2.772160622080315,591.7804613478893,0.1460759665792849,4
sfGFP,S65T:S72A:R73L:S147N:L178V,5,2.7721084833260234,591.7094200491507,3.1548033431819005,3
avGFP,L64M:S65T:S72A:Y145L:N149H:A206V,6,2.7719434767951006,591.4846477410495,0.14600294750993612,4
avGFP,S65T:S72A:F99C:N105Y:Y145L:I167V,6,2.7713213973937387,590.6380170968807,0.14579396394633398,4
sfGFP,S65T:S72A:S147N:K158G,4,2.7712741628564057,590.573781888874,3.148748487634074,2
sfGFP,Y39N:S65T:S72A:Q80R:S147N:K158G,6,2.7712741628564057,590.573781888874,3.148748487634074,2
sfGFP,S65T:S72A:S147N:K158G:A206V,5,2.7712741628564057,590.573781888874,3.148748487634074,2
avGFP,F46Y:S65T:S72A:V93F:N105Y,5,2.7711570825102503,590.4145920619802,0.14573881337942143,3
avGFP,S65T:S72A:V163A:T203I:H231Y,5,2.7707923108715256,589.9189005727035,0.14561645615719024,3
sfGFP,S65T:S72A:R73L:K79R:N149H:V163A,6,2.770381725896558,589.3614507573794,3.1422847299565895,3
avGFP,S30C:S65T:S72A:N105Y:N149H,5,2.7703686553673137,589.343713598652,0.14547447615162026,3
avGFP,Y39N:S65T:S72A:S202T:T203I:H231Y,6,2.770200341974518,589.1153542137683,0.14541810758244114,4
avGFP,S65T:S72A:R73L:I167V:H231Y,5,2.770182354353025,589.0909547221721,0.14541208477575562,3
sfGFP,F46Y:L64M:S65T:S72A:K158G:V163A,6,2.7701407575743695,589.03453422042,3.140541716665276,3
sfGFP,S65T:S72A:N105Y:K158G:L178V:T203I,6,2.769765069316375,588.5252077622256,3.137826152642399,4
avGFP,F46Y:S65T:S72A:N149H:T203I:A206V,6,2.7696580089400427,588.3801449827239,0.14523662744567184,4
avGFP,Y39N:F46Y:S65T:S72A:V93F,5,2.7696291794683283,588.3410882448305,0.14522698662257635,3
avGFP,S65T:S72A:V93F:H231Y,4,2.7694093390573995,588.0433446142019,0.14515349114329365,2
avGFP,F46Y:L64M:S65T:S72A,4,2.7692789703039926,587.8668492276308,0.14510992476036266,2
avGFP,S65T:S72A:Q80R:N149H:K158G:L178V,6,2.7691194136186,587.6509108227932,0.14505662220431612,4
avGFP,L64M:S65T:S72A:M153I:T203I,5,2.768458602728221,586.7574367994384,0.1448360757515357,3
avGFP,Y39N:S65T:S72A:V93F:N149H,5,2.7683074550797984,586.5532629511212,0.14478567717606527,3
sfGFP,S65T:Q69H:S72A:R73L:N105Y:N164T,6,2.768206250002442,586.416592432199,3.126583697364097,4
avGFP,S65T:S72A:Y145L:K158G:A206V,5,2.768088342494045,586.257406586766,0.144712647552388,3
avGFP,L64M:S65T:S72A:K158G,4,2.7680019516404464,586.1407985182977,0.14468386384385926,2
sfGFP,Y39N:S65T:S72A:Y145L:I167V:L178V,6,2.7678561466833522,585.9440474816191,3.1240642404493006,3
avGFP,F46Y:S65T:S72A:N149H:V163A,5,2.7675517618834427,585.5335196426419,0.1445339622257109,3
sfGFP,S65T:S72A:M153I:I167V:L178V:H231Y,6,2.7675341895611254,585.5098284008532,3.121749124682579,4
avGFP,Y39N:F46Y:S65T:S72A:Q80R:A206V,6,2.7674104900599645,585.3430821882847,0.14448695436209416,4
avGFP,S30C:Y39N:F46Y:S65T:S72A:L178V,6,2.7671388232864973,584.9770435953756,0.14439660085305342,4
sfGFP,F46Y:S65T:S72A:V93F:Y145L,5,2.767114941727325,584.9448769886943,3.118736986387288,3
sfGFP,F46Y:S65T:S72A:V93F:Y145L:A206V,6,2.767114941727325,584.9448769886943,3.118736986387288,3
sfGFP,S30C:S65T:S72A:S147N:N164T:I171S,6,2.767063257772499,584.8752687689084,3.118365857861947,4
avGFP,S65T:S72A:R73L:N105Y:S202T,5,2.7670545936258897,584.8636006618043,0.14436859843111594,3
sfGFP,S65T:Q69H:S72A:N105Y:N164T:I167V,6,2.767026390397556,584.825620657969,3.118101150184382,4
avGFP,F46Y:S65T:S72A:T203I:A206V,5,2.766711663896047,584.4019600944719,0.14425464638894867,3
avGFP,S30C:S65T:S72A:K79R:V93F:F99C,6,2.7666138782675427,584.270391119205,0.1442221697080015,4
avGFP,S65T:S72A:Q80R:K158G,4,2.766499311917323,584.1162816364182,0.14418412909475475,2
avGFP,S30C:S65T:S72A:R73L:L178V:S202T,6,2.7663391111462268,583.9008549482953,0.14413095285162086,4
sfGFP,S30C:S65T:S72A:K158G:L178V,5,2.7662579481075,583.7917429480084,3.11258884846109,3
avGFP,F46Y:S65T:S72A:Q80R:S147N,5,2.7659895737225573,583.431097447125,0.14401499721346914,3
avGFP,S65T:Q69H:S72A:N149H:T203I:H231Y,6,2.765902128335137,583.3136351616592,0.14398600264875008,4
avGFP,S30C:S65T:S72A:I171S:L178V:T203I,6,2.765891744420635,583.2996883887748,0.14398256000665083,4
avGFP,S65T:S72A:V93F:N105Y:V163A:I171S,6,2.7658038078808644,583.1815930277716,0.14395340917262736,4
sfGFP,S30C:S65T:S72A:F99C:N105Y:I167V,6,2.7655151461629597,582.7940995779392,3.1072697365244637,4
sfGFP,S30C:S65T:S72A:Q80R:N149H:M153I,6,2.7651558382990626,582.3121318983922,3.1047000406649423,3
avGFP,S65T:S72A:R73L:Q80R:V93F:S202T,6,2.7651070483241758,582.246716840992,0.14372264294843548,4
avGFP,S65T:S72A:R73L:V93F:V163A:I171S,6,2.7648958175704825,581.9635944126596,0.1436527565884081,4
avGFP,S65T:S72A:F99C:M153I:S202T,5,2.7644350941381877,581.346542836684,0.14350044266242176,3
avGFP,S30C:S65T:S72A:Q80R:H231Y,5,2.7643576015189293,581.2428204796195,0.143474839682003,3
sfGFP,S65T:Q69H:S72A:K79R:T203I:A206V,6,2.7642101905353273,581.0455648390307,3.0979471145531594,3
avGFP,S30C:S65T:S72A:V93F:M153I:H231Y,6,2.763095749066072,579.5564573704829,0.14305857531158142,4
avGFP,S65T:S72A:Q80R:I167V:H231Y,5,2.7627365569168028,579.0773214950976,0.14294030470163208,3
sfGFP,S65T:S72A:K79R:M153I:N164T,5,2.762732772461972,579.0722754203493,3.0874261732867447,3
sfGFP,Y39N:S65T:S72A:K79R:M153I:N164T,6,2.762732772461972,579.0722754203493,3.0874261732867447,3
sfGFP,S65T:S72A:R73L:V93F:S147N:N149H,6,2.7627295500454543,579.0679787847249,3.0874032650145877,4
sfGFP,S65T:S72A:R73L:Y145L:M153I:L178V,6,2.762635129290604,578.9420962447273,3.086732100005926,4
avGFP,F46Y:S65T:S72A:R73L:F99C:L178V,6,2.7626319214144313,578.937819958073,0.14290586993537813,4
sfGFP,S30C:Y39N:S65T:Q69H:S72A,5,2.762599640578223,578.8947894725826,3.0864798755899194,2
sfGFP,S30C:S65T:Q69H:S72A:V163A,5,2.762599640578223,578.8947894725826,3.0864798755899194,2
sfGFP,S30C:Y39N:S65T:Q69H:S72A:Q80R,6,2.762599640578223,578.8947894725826,3.0864798755899194,2
sfGFP,S30C:S65T:Q69H:S72A,4,2.762599640578223,578.8947894725826,3.0864798755899194,2
sfGFP,S65T:S72A:N149H:I167V:H231Y,5,2.7623650644301523,578.5821945662352,3.084813220603212,3
avGFP,S30C:L64M:S65T:S72A:N105Y:I167V,6,2.7623463913510555,578.55731817643,0.14281194631138414,4
avGFP,L64M:S65T:S72A:V163A:N164T:L178V,6,2.7622006206174246,578.3631582779632,0.14276401959414362,4
avGFP,S30C:F46Y:S65T:S72A:R73L:N149H,6,2.7621482222045404,578.2933819287222,0.14274679589663164,4
avGFP,S65T:S72A:Q80R:Y145L:N149H:S202T,6,2.7620359940765042,578.1439616586662,0.1427099127756086,4
avGFP,Y39N:F46Y:S65T:S72A:Y145L:S202T,6,2.7618026644424063,577.8334306863276,0.14263326084993697,4
avGFP,S65T:S72A:Q80R:M153I:N164T,5,2.761590017920977,577.55057148099,0.14256343946426395,3
avGFP,S30C:S65T:S72A:N105Y:L178V:T203I,6,2.7612767399932254,577.1341061304083,0.14246063853958582,4
sfGFP,S65T:S72A:K79R:V93F:S147N,5,2.7605514807044877,576.1711130882998,3.07195811360383,3
sfGFP,S30C:S65T:S72A:S147N:K158G:A206V,6,2.7601687298859083,575.6635477735792,3.0692519394286224,3
avGFP,F46Y:S65T:S72A:M153I:N164T:A206V,6,2.7601428135356407,575.6291963055655,0.14208916436692073,4
avGFP,S65T:S72A:N105Y:M153I:K158G,5,2.760112950002037,575.5896154876064,0.1420793941791247,3
avGFP,S65T:Q69H:S72A:V93F:I171S,5,2.7597556551354354,575.1162715926638,0.14196255327021629,3
avGFP,S65T:S72A:R73L:N105Y:N149H:M153I,6,2.7593746680705107,574.611969122736,0.1418380705007527,4
sfGFP,S65T:S72A:R73L:F99C:V163A:N164T,6,2.7593093930299437,574.5256106665246,3.063184826639767,3
sfGFP,S65T:S72A:V93F:N149H:N164T,5,2.75905001595257,574.1825847036939,3.0613559230974734,3
avGFP,S65T:S72A:K79R:Q80R:N164T,5,2.7589894043963548,574.1024554986814,0.14171230140227725,3
avGFP,S65T:S72A:K79R:S147N:S202T:H231Y,6,2.7588207959341853,573.8796119022084,0.14165729435848834,4
sfGFP,Y39N:S65T:S72A:N105Y:N164T:H231Y,6,2.758413743729915,573.3419824088305,3.0568741034064817,3
avGFP,S30C:Y39N:S65T:S72A:N149H:M153I,6,2.7583500709620234,573.2579297752094,0.14150383742042114,4
avGFP,S30C:S65T:S72A:M153I:K158G:I167V,6,2.7582060512134374,573.0678588012104,0.1414569200193594,4
sfGFP,S65T:S72A:R73L:V93F:V163A:L178V,6,2.7579506097820756,572.7308933583344,3.053615974138695,3
sfGFP,S65T:Q69H:S72A:R73L:M153I:S202T,6,2.75771067147013,572.4145593139167,3.0519293832765655,4
sfGFP,S65T:S72A:N105Y:I171S:H231Y,5,2.7572410358145643,571.7958984760795,3.0486308836864415,3
avGFP,Y39N:L64M:S65T:S72A:S202T:T203I,6,2.756958981434602,571.4246637851601,0.14105131132504545,4
avGFP,S65T:S72A:Q80R:V93F:N149H:M153I,6,2.756936009152556,571.3944387145709,0.14104385052380308,4
avGFP,S65T:S72A:Q80R:M153I:N164T:L178V,6,2.756851566263639,571.2833493302467,0.14101642905545161,4
sfGFP,S65T:S72A:F99C:K158G:V163A:T203I,6,2.75681307259074,571.2327158988993,3.045628176247438,3
sfGFP,Y39N:S65T:S72A:M153I:I167V:H231Y,6,2.7557411530166434,569.824545816119,3.0381202685914217,3
sfGFP,S65T:S72A:M153I:I167V:H231Y,5,2.7557411530166434,569.824545816119,3.0381202685914217,3
sfGFP,S65T:S72A:V93F:F99C:N149H:K158G,6,2.7557273261042057,569.8064042347578,3.0380235435443135,4
avGFP,Y39N:S65T:S72A:Y145L:T203I,5,2.7555686850218475,569.5983007460374,0.14060048916431228,3
avGFP,S30C:S65T:S72A:Q80R:N149H,5,2.7555274458322057,569.5442161142907,0.1405871388336145,3
avGFP,S30C:S65T:S72A:Y145L:N149H:S202T,6,2.755348848497081,569.3100474313195,0.14052933628868136,4
avGFP,L64M:S65T:S72A:K79R:N164T,5,2.754948781954528,568.7858477503954,0.1403999420621516,3
avGFP,S65T:S72A:K79R:M153I:V163A:S202T,6,2.7545961722664267,568.3242300870763,0.14028599567364491,4
avGFP,S65T:S72A:F99C:N164T,4,2.754329202144557,567.9749763655634,0.14019978536714847,2
avGFP,Y39N:S65T:S72A:N105Y:V163A,5,2.7540520405884603,567.612617152016,0.14011034008156523,3
sfGFP,F46Y:S65T:S72A:Y145L:T203I,5,2.7539004836727923,567.4145704058934,3.0252710587875047,3
avGFP,S30C:S65T:S72A:N105Y:I171S:H231Y,6,2.753836130555867,567.3304979792622,0.1400407013666325,4
avGFP,F46Y:L64M:S65T:S72A:F99C:S147N,6,2.7532502737816085,566.5656935757174,0.13985191591359905,4
sfGFP,S65T:S72A:K79R:N149H:N164T,5,2.7529192336040165,566.1339944598468,3.018443441820631,3
avGFP,S30C:S65T:S72A:R73L:M153I:A206V,6,2.75289840580903,566.1068445868353,0.13973865294879584,4
sfGFP,S65T:S72A:R73L:V93F:S147N,5,2.752626405209567,565.7524003147045,3.0164089051983587,3
avGFP,F46Y:S65T:Q69H:S72A:H231Y,5,2.7523972594513952,565.4539724659437,0.13957749702638722,3
avGFP,S65T:S72A:F99C:I167V:A206V,5,2.7523470836954975,565.3886471100622,0.1395613720186761,3
sfGFP,S65T:Q69H:S72A:N105Y:T203I:H231Y,6,2.7522470120337554,565.2583832782742,3.0137749660631843,4
sfGFP,S65T:S72A:N105Y:S147N:N164T:A206V,6,2.752118317567688,565.0909051002928,3.0128820265595984,3
avGFP,F46Y:S65T:S72A:N105Y:L178V:A206V,6,2.7520113268836512,564.9517091897758,0.1394535176145351,4
avGFP,Y39N:S65T:Q69H:S72A:R73L:S147N,6,2.751608229391907,564.4275833416076,0.13932414161299228,4
avGFP,S30C:S65T:S72A:N149H:V163A:S202T,6,2.7508740937011518,563.4742753358036,0.13908882565126143,4
sfGFP,S65T:S72A:R73L:F99C:Y145L:N149H,6,2.750575118919967,563.0865047521893,3.0021952118748723,4
avGFP,S65T:Q69H:S72A:S147N:I171S:A206V,6,2.750432037581571,562.9010225417555,0.13894732308155153,4
avGFP,S65T:S72A:R73L:K79R:I167V:H231Y,6,2.7503274122926062,562.7654311604064,0.13891385350392255,4
sfGFP,F46Y:L64M:S65T:S72A:K158G:T203I,6,2.750077986819896,562.4423146140684,2.998760598308606,4
sfGFP,S30C:S65T:S72A:V93F:K158G:I167V,6,2.749857932878311,562.1574012601105,2.9972415324105017,4
avGFP,S65T:Q69H:S72A:F99C:T203I,5,2.749738192329048,562.0024286318054,0.13872551282837206,3
sfGFP,S65T:Q69H:S72A:R73L:S147N:N149H,6,2.749710876576789,561.96708156437,2.9962268093183027,4
sfGFP,L64M:S65T:S72A:K158G:I167V:L178V,6,2.7490535052871055,561.1171016685171,2.9916949912903736,4
avGFP,S65T:S72A:R73L:S147N:M153I,5,2.7489348230171258,560.9637827671886,0.13846913194303173,3
avGFP,S30C:S65T:S72A:Q80R:N105Y:S202T,6,2.7485558891566364,560.4745399335015,0.13834836651650848,4
avGFP,F46Y:S65T:S72A:V93F:Y145L:A206V,6,2.7481800612893523,559.98972871931,0.13822869499751272,4
avGFP,S65T:S72A:N105Y:S147N:K158G,5,2.747645289103966,559.3006049943345,0.13805859067539766,3
avGFP,F46Y:S65T:S72A:S147N:N164T:A206V,6,2.747596139478501,559.2373118580941,0.13804296730379614,4
avGFP,S30C:S65T:Q69H:S72A:V163A:N164T,6,2.7471752173530457,558.6955565953889,0.1379092396314279,4
sfGFP,S65T:S72A:S147N:N164T:A206V,5,2.747101339716642,558.6005252319607,2.9782774192754453,2
sfGFP,Y39N:S65T:S72A:Q80R:S147N:N164T,6,2.747101339716642,558.6005252319607,2.9782774192754453,2
sfGFP,Y39N:S65T:S72A:S147N:N164T,5,2.747101339716642,558.6005252319607,2.9782774192754453,2
avGFP,S65T:S72A:Q80R:V163A:L178V:T203I,6,2.746801154524268,558.2145528679451,0.13779050795810674,3
sfGFP,S65T:Q69H:S72A:R73L:F99C:Y145L,6,2.746781623624872,558.1894496543845,2.9760856971860283,4
sfGFP,F46Y:S65T:S72A:V163A:T203I,5,2.7466143837351136,557.9745411668847,2.9749398746050963,2
sfGFP,F46Y:S65T:S72A:T203I,4,2.7466143837351136,557.9745411668847,2.9749398746050963,2
sfGFP,S30C:Y39N:S65T:S72A:N105Y:S202T,6,2.74651310875083,557.8444398716059,2.9742462165570913,3
avGFP,S65T:S72A:Q80R:F99C:V163A:I167V,6,2.746504548443436,557.8334443995935,0.137696434578666,3
sfGFP,S65T:S72A:Q80R:V93F:K158G:I167V,6,2.746412871692742,557.715701802295,2.97355982678925,3
avGFP,S65T:S72A:Y145L:S147N:K158G,5,2.7462585732525153,557.5175888137687,0.137618468317506,3
avGFP,S65T:S72A:R73L:F99C:S147N,5,2.746225296444225,557.4748719570159,0.137607924025244,3
sfGFP,S65T:Q69H:S72A:M153I:H231Y,5,2.7460743425991736,557.2811362419083,2.9712428637051977,3
sfGFP,S65T:S72A:K79R:K158G:V163A:L178V,6,2.7460563088505134,557.2579960462366,2.9711194876625098,3
sfGFP,S65T:S72A:K79R:Q80R:K158G:L178V,6,2.7460563088505134,557.2579960462366,2.9711194876625098,3
avGFP,S65T:S72A:Q80R:M153I:T203I,5,2.7458471398788955,556.989668858807,0.13748815577301632,3
avGFP,S65T:S72A:K79R:Q80R:M153I:I171S,6,2.7454591619190745,556.4923030701121,0.13736538526423409,4
avGFP,F46Y:S65T:S72A:S147N:M153I:I167V,6,2.7454382660116985,556.4655283069936,0.1373587761420039,4
sfGFP,S65T:S72A:K79R:K158G:I167V,5,2.7453464293597176,556.3478695977299,2.966266987659673,3
sfGFP,L64M:S65T:Q69H:S72A:K79R:S147N,6,2.7452554811570766,556.2313736643057,2.9656458690028105,4
sfGFP,S65T:S72A:S147N:N149H:S202T:T203I,6,2.7450109410392316,555.9182621614509,2.9639764596905285,4
avGFP,F46Y:S65T:S72A:F99C:V163A,5,2.7449831774963616,555.8827245992269,0.13721491601058947,3
avGFP,S65T:S72A:R73L:Q80R:S202T:H231Y,6,2.744916946306529,555.7979573074447,0.13719399192659182,4
sfGFP,S65T:S72A:K79R:V93F:N149H:N164T,6,2.7447546386248614,555.5902792761437,2.962227760974548,4
sfGFP,S30C:S65T:S72A:Y145L,4,2.7447210669373554,555.5473328812121,2.961998784680244,2
sfGFP,S30C:S65T:S72A:Y145L:V163A,5,2.7447210669373554,555.5473328812121,2.961998784680244,2
avGFP,S65T:Q69H:S72A:V93F:S147N:N149H,6,2.744598092416269,555.3900467573978,0.13709330268156292,4
avGFP,Y39N:S65T:S72A:R73L:T203I,5,2.7444033675498574,555.1410820213883,0.13703184785695802,3
sfGFP,S30C:S65T:S72A:K158G:V163A:I167V,6,2.7441636948600863,554.8348026301124,2.958199803724184,3
avGFP,Y39N:L64M:S65T:S72A:S147N:N164T,6,2.7441004768889474,554.7540441143028,0.13693631084606792,4
avGFP,S65T:S72A:R73L:Q80R:K158G,5,2.7441001827377427,554.7536683749786,0.13693621809801598,3
avGFP,S65T:S72A:V93F:Y145L:S202T,5,2.744004055890849,554.6308926503815,0.1369059119561029,3
avGFP,S30C:S65T:Q69H:S72A:N149H:S202T,6,2.7439712759880814,554.5890315138026,0.13689557889107748,4
avGFP,F46Y:S65T:S72A:F99C:S202T,5,2.7439649495949263,554.5809528417388,0.1368935847396861,3
avGFP,S65T:S72A:L178V:T203I:A206V:H231Y,6,2.743942499268077,554.5522851925456,0.13688650837465047,4
avGFP,S65T:S72A:N105Y:K158G:L178V:S202T,6,2.7437243284692188,554.2737720272953,0.13681775977195695,4
avGFP,Y39N:S65T:Q69H:S72A:R73L,5,2.7435802530241515,554.0899244330321,0.13677237855917732,3
sfGFP,S65T:Q69H:S72A:V163A:N164T,5,2.74347850982302,553.9601316726998,2.9535363409380078,2
sfGFP,S65T:Q69H:S72A:N164T,4,2.74347850982302,553.9601316726998,2.9535363409380078,2
sfGFP,S65T:S72A:Y145L:N149H:H231Y,5,2.743445437919583,553.9179487318569,2.9533114351340988,3
avGFP,Y39N:S65T:S72A:N105Y:N149H:T203I,6,2.7434035065241145,553.8644701998918,0.1367167271019623,4
avGFP,S65T:S72A:R73L:Y145L:H231Y,5,2.7433012219789674,553.7340400263332,0.13668453152451746,3
avGFP,S65T:Q69H:S72A:V163A:N164T:S202T,6,2.7431294001155075,553.5150070889653,0.13663046510947252,4
avGFP,S30C:S65T:S72A:V93F:M153I:T203I,6,2.742778357161577,553.0677782099943,0.13652007046983025,4
sfGFP,F46Y:S65T:S72A:Y145L:S202T:A206V,6,2.742757089453853,553.0406947531582,2.9486342005134496,3
avGFP,S65T:S72A:K79R:Y145L:S202T:T203I,6,2.742613344210142,552.8576765062442,0.13646820865373485,4
sfGFP,F46Y:S65T:S72A:Y145L:V163A:H231Y,6,2.742558484456301,552.7878443490831,2.9472860838989896,3
sfGFP,L64M:S65T:S72A:N105Y:K158G,5,2.7421146979864344,552.2232632222726,2.9442759198454724,3
avGFP,F46Y:S65T:S72A:F99C:I171S:H231Y,6,2.742060591942351,552.1544694513393,0.13629462798157707,4
sfGFP,S65T:S72A:R73L:Y145L:I171S:T203I,6,2.7420309510288634,552.1167857941724,2.9437082166202715,4
sfGFP,F46Y:S65T:S72A:N105Y:K158G:A206V,6,2.7414417958398873,551.3683030325582,2.9397175485006755,3
avGFP,S65T:Q69H:S72A:Y145L:I167V:S202T,6,2.74112341895891,550.9642486426127,0.1360008321122753,4
avGFP,F46Y:S65T:S72A:V93F:V163A:L178V,6,2.7410689917050415,550.8952042653623,0.13598378909581485,4
avGFP,Y39N:S65T:S72A:R73L:H231Y,5,2.7409166709468993,550.7020218397046,0.13593610365941197,3
avGFP,Y39N:S65T:S72A:Q80R:I171S:L178V,6,2.7408768935006584,550.6515848255631,0.1359236537120526,4
avGFP,F46Y:S65T:S72A:K79R:Y145L:V163A,6,2.7406942523108686,550.4200587062658,0.13586650346145515,4
avGFP,S65T:S72A:N105Y:Y145L:S147N:T203I,6,2.7400770836465105,549.6384214337025,0.13567356295807317,4
sfGFP,S65T:Q69H:S72A:R73L:N149H:V163A,6,2.7397961859192606,549.283035236426,2.928599574725438,3
avGFP,Y39N:S65T:S72A:I171S:H231Y,5,2.7395591314588477,548.9832974579473,0.13551185118447096,3
avGFP,S65T:Q69H:S72A:V93F:Y145L,5,2.739391212034412,548.7710747752498,0.13545946582278717,3
avGFP,F46Y:S65T:S72A:F99C:N164T:I171S,6,2.7393132457130727,548.6725659904464,0.13543514976827617,4
avGFP,S65T:S72A:N164T:A206V:H231Y,5,2.73916786347557,548.4889258594477,0.1353898197660363,3
avGFP,Y39N:S65T:S72A:R73L:M153I:L178V,6,2.7389538587008975,548.2187167306598,0.13532312094401655,4
avGFP,S65T:Q69H:S72A:Q80R:Y145L,5,2.738517110352937,547.667677571897,0.13518710162097913,3
avGFP,S65T:S72A:Y145L:S147N:A206V:H231Y,6,2.7381196452891947,547.166682974152,0.1350634353715901,4
avGFP,S65T:S72A:K79R:F99C:H231Y,5,2.7380568255033237,547.0875421850591,0.13504390014185935,3
sfGFP,S65T:S72A:N105Y:N164T:T203I,5,2.7379391357640785,546.9393066684385,2.9161035716684243,3
avGFP,S30C:S65T:S72A:F99C:A206V,5,2.737697959874005,546.6356602715512,0.13493235694027234,3
sfGFP,L64M:S65T:S72A:R73L:N149H:N164T,6,2.737605429994326,546.519207619919,2.9138637393489955,4
avGFP,F46Y:L64M:S65T:S72A:M153I,5,2.7376047917324215,546.518404427273,0.13490341333380218,3
sfGFP,S30C:S65T:S72A:N164T:T203I,5,2.737584390199644,546.4927316367547,2.913722577965771,3
avGFP,Y39N:S65T:S72A:M153I:V163A,5,2.737399337087561,546.2599203941966,0.13483960875179393,3
sfGFP,S65T:S72A:R73L:M153I:K158G,5,2.73692647364849,545.6654717347772,2.9093118956003927,3
avGFP,F46Y:S65T:S72A:N105Y:N149H:S202T,6,2.7368552498716587,545.5759905861026,0.13467078650382353,4
sfGFP,S65T:S72A:R73L:N149H:L178V:H231Y,6,2.7366137467112286,545.2726901665237,2.9072177112546997,4
avGFP,S65T:S72A:N149H:V163A:I167V:S202T,6,2.7363644290884537,544.9597525576506,0.13451867339511425,4
avGFP,F46Y:S65T:S72A:Y145L:N149H:M153I,6,2.7359420978281292,544.4300620408491,0.13438792380251458,4
sfGFP,S65T:S72A:R73L:Q80R:H231Y,5,2.735813276716589,544.2685962887913,2.901864207296497,2
sfGFP,S65T:S72A:R73L:V163A:A206V:H231Y,6,2.735813276716589,544.2685962887913,2.901864207296497,2
sfGFP,S65T:S72A:R73L:A206V:H231Y,5,2.735813276716589,544.2685962887913,2.901864207296497,2
sfGFP,S65T:S72A:R73L:H231Y,4,2.735813276716589,544.2685962887913,2.901864207296497,2
sfGFP,S65T:S72A:N105Y:S147N:I167V:T203I,6,2.7356244642539664,544.0320232659029,2.9006028764164635,4
avGFP,F46Y:S65T:S72A:Q80R:S202T:T203I,6,2.7349556705910936,543.1948835462159,0.13408303051135975,4
avGFP,S30C:Y39N:L64M:S65T:S72A:K79R,6,2.7348278772535073,543.0350692314661,0.13404358170893205,4
sfGFP,S65T:S72A:F99C:V163A:T203I:H231Y,6,2.7347663710157444,542.9581682334749,2.8948774285334213,3
avGFP,S65T:S72A:F99C:V163A:N164T:T203I,6,2.734710569165039,542.8884088294026,0.13400737983781663,4
avGFP,L64M:S65T:S72A:N105Y:S202T,5,2.7346100824504993,542.762810268746,0.1339763769028649,3
avGFP,F46Y:S65T:S72A:N105Y:N149H:N164T,6,2.734578660731392,542.723542158435,0.13396668390428842,4
sfGFP,S65T:S72A:V93F:K158G:L178V,5,2.7343859383454,542.4827567553235,2.8923426882202885,3
avGFP,S65T:S72A:F99C:M153I:I167V:L178V,6,2.733819871920072,541.7761365994462,0.13373282491128172,4
sfGFP,S65T:S72A:V93F:N105Y:T203I,5,2.733692034101955,541.6166842242159,2.8877250694635186,3
avGFP,S65T:S72A:N105Y:N164T:L178V:H231Y,6,2.7336763311829464,541.597101177403,0.1336886315422284,4
avGFP,S65T:S72A:R73L:F99C:N105Y:I167V,6,2.733523271465651,541.406258105256,0.13364152355531494,4
avGFP,S65T:S72A:Q80R:F99C:S147N:S202T,6,2.733490338504219,541.3652043130938,0.13363138977638248,4
sfGFP,Y39N:S65T:S72A:R73L:F99C,5,2.7331782887581864,540.976361707051,2.884311076801886,2
sfGFP,S65T:S72A:R73L:F99C,4,2.7331782887581864,540.976361707051,2.884311076801886,2
sfGFP,S65T:S72A:R73L:F99C:V163A,5,2.7331782887581864,540.976361707051,2.884311076801886,2
sfGFP,S65T:S72A:R73L:Q80R:F99C:V163A,6,2.7331782887581864,540.976361707051,2.884311076801886,2
avGFP,L64M:S65T:S72A:F99C:N149H:S202T,6,2.732723599301076,540.4102768508214,0.13339567406561564,4
avGFP,S30C:Y39N:S65T:S72A:N149H:A206V,6,2.732614011963577,540.2739300755105,0.13336201802542103,4
sfGFP,S65T:S72A:K79R:V93F:K158G:L178V,6,2.7322718899874303,539.8484887992407,2.8782976230699036,4
sfGFP,L64M:S65T:S72A:K158G:H231Y,5,2.732152355626295,539.6999224068384,2.877505515093328,3
sfGFP,S65T:S72A:K158G:I171S:L178V,5,2.731996642261476,539.5064513163815,2.876473989783267,3
avGFP,S65T:S72A:Q80R:I171S:T203I,5,2.7317910127336695,539.2510665439349,0.13310953287457086,3
sfGFP,F46Y:S65T:S72A:V163A:N164T:H231Y,6,2.7316907975845433,539.1266466084285,2.8744489938616082,3
avGFP,S65T:S72A:N164T:I167V:S202T,5,2.731626622728354,539.0469867916133,0.13305915752589553,3
avGFP,S65T:Q69H:S72A:Q80R:N105Y:T203I,6,2.7312844241711183,538.62241669996,0.13295435601491348,4
sfGFP,Y39N:F46Y:S65T:S72A:S202T,5,2.731158682355714,538.4664912630312,2.8709292589712874,2
sfGFP,F46Y:S65T:S72A:V163A:S202T:A206V,6,2.731158682355714,538.4664912630312,2.8709292589712874,2
sfGFP,F46Y:S65T:S72A:S202T,4,2.731158682355714,538.4664912630312,2.8709292589712874,2
avGFP,S65T:S72A:K79R:Q80R:V163A,5,2.7311140380694567,538.4111412237725,0.1329022044630892,2
avGFP,S65T:S72A:Q80R:F99C:N149H,5,2.7310450219952833,538.3255862089313,0.13288108593636366,3
avGFP,S65T:Q69H:S72A:Y145L:K158G:S202T,6,2.7308595727661005,538.0957634563334,0.13282435614732807,4
avGFP,S65T:S72A:V93F:S147N:N149H:V163A,6,2.7307044056285172,537.903543962701,0.13277690840249412,4
avGFP,S65T:S72A:M153I:S202T:T203I,5,2.7306139627127664,537.7915358631502,0.13274926015711389,3
avGFP,L64M:S65T:S72A:N149H:T203I,5,2.7305624399112682,537.7277384073689,0.13273351229852906,3
avGFP,S65T:S72A:Q80R:S147N:N149H:V163A,6,2.7304604520474656,537.6014755448625,0.13270234538632372,3
sfGFP,Y39N:S65T:S72A:V93F:N164T:I167V,6,2.730439784890393,537.5758928348872,2.866180876060115,3
sfGFP,S65T:S72A:R73L:N105Y:N164T:A206V,6,2.730121328207452,537.1818471081355,2.8640799516299786,3
avGFP,S65T:S72A:K158G:S202T:T203I,5,2.7300860418482578,537.1382029395652,0.13258799048948516,3
sfGFP,F46Y:S65T:Q69H:S72A:R73L:K79R,6,2.72999819445899,537.0295637125588,2.86326802579409,4
sfGFP,F46Y:S65T:S72A:H231Y,4,2.729498836485687,536.4124343408004,2.859977691486015,2
sfGFP,F46Y:S65T:S72A:Q80R:H231Y,5,2.729498836485687,536.4124343408004,2.859977691486015,2
avGFP,S65T:S72A:Q80R:N149H:K158G:I167V,6,2.729477374733138,536.3859268281367,0.13240229753865482,4
avGFP,F46Y:S65T:S72A:R73L:N105Y,5,2.729142496399841,535.9724866448378,0.13230024335075455,3
avGFP,S65T:S72A:N164T:I171S:L178V:S202T,6,2.728943122292447,535.726491090862,0.1322395214434456,4
avGFP,S65T:S72A:F99C:I171S:T203I,5,2.728696284283498,535.4220891392689,0.13216438241434297,3
avGFP,S65T:S72A:Q80R:F99C:L178V:A206V,6,2.728641304827038,535.3543117360497,0.1321476521396311,4
sfGFP,S30C:Y39N:S65T:S72A:Y145L:T203I,6,2.7286369518693814,535.3489458770101,2.854307514795703,3
sfGFP,S30C:S65T:S72A:Y145L:T203I,5,2.7286369518693814,535.3489458770101,2.854307514795703,3
sfGFP,Y39N:L64M:S65T:S72A:K158G:T203I,6,2.7283447238146965,534.9888414655074,2.8523875544861155,3
avGFP,S30C:S65T:S72A:K158G,4,2.727873428060492,534.4085872379675,0.13191420810219123,2
avGFP,Y39N:S65T:S72A:R73L,4,2.7278604223079483,534.3925836227652,0.13191025774608434,2
sfGFP,Y39N:S65T:S72A:V93F:K158G,5,2.727578285763808,534.0455317496029,2.8473581320288144,2
sfGFP,S65T:S72A:V93F:K158G,4,2.727578285763808,534.0455317496029,2.8473581320288144,2
sfGFP,S65T:S72A:Q80R:V93F:K158G,5,2.727578285763808,534.0455317496029,2.8473581320288144,2
sfGFP,S65T:S72A:Y145L:N149H:I171S:H231Y,6,2.7274401882045183,533.8757422100738,2.8464528690926603,4
avGFP,S30C:F46Y:S65T:S72A:S202T,5,2.7270093180963846,533.3463386891415,0.13165200109528233,3
sfGFP,S30C:S65T:S72A:L178V:S202T,5,2.7269550863652197,533.2797421962002,2.8432751896902464,3
sfGFP,S65T:Q69H:S72A:K158G:I171S:H231Y,6,2.726611968126288,532.8585861581922,2.8410297218445617,4
sfGFP,S65T:S72A:F99C:Y145L:L178V,5,2.7265045939773853,532.7268594905801,2.840327397836716,3
sfGFP,F46Y:S65T:S72A:V163A:N164T:T203I,6,2.726414810975379,532.6167386508567,2.839740269118562,3
sfGFP,S65T:S72A:K79R:N105Y:S147N:T203I,6,2.726297225936894,532.4725524249953,2.8389715147739873,4
sfGFP,L64M:S65T:S72A:F99C:H231Y,5,2.726248342767232,532.412621934553,2.8386519847729437,3
sfGFP,L64M:S65T:S72A:R73L:K158G:A206V,6,2.7256823017173546,531.7191498722175,2.8349546159183503,3
avGFP,S65T:S72A:Q80R:N105Y:Y145L:N164T,6,2.7256228453047378,531.6463606691617,0.13123237600007984,4
sfGFP,S30C:S65T:Q69H:S72A:R73L:H231Y,6,2.7255798903343034,531.5937794706315,2.8342861814661373,4
avGFP,Y39N:S65T:S72A:F99C:I167V:A206V,6,2.725299802303499,531.2510510712118,0.1311347971927514,4
avGFP,S65T:S72A:V93F:I171S,4,2.7250820316261524,530.9847297037144,0.13106905803149335,2
sfGFP,S65T:S72A:V93F:M153I:K158G:N164T,6,2.725067153771802,530.9665397922931,2.830941942271781,4
sfGFP,F46Y:S65T:S72A:V93F:Y145L:H231Y,6,2.7245017798141458,530.2757657868633,2.827258958584396,4
avGFP,F46Y:L64M:S65T:S72A:N105Y:S147N,6,2.724303988590816,530.0343166855791,0.13083445667281143,4
sfGFP,S65T:S72A:R73L:N105Y:K158G,5,2.724148877073294,529.8450447730305,2.824962493379726,3
sfGFP,S65T:S72A:K79R:Y145L:I167V:S202T,6,2.7241018103856103,529.7876258994328,2.824656354507756,4
sfGFP,S65T:S72A:M153I:S202T:H231Y,5,2.7236193491041933,529.1994072945647,2.8215201630626283,3
sfGFP,S65T:S72A:Q80R:M153I:S202T:H231Y,6,2.7236193491041933,529.1994072945647,2.8215201630626283,3
sfGFP,S30C:S65T:S72A:K79R:Y145L:N149H,6,2.7232963969309507,528.8060277410133,2.8194227904526397,4
sfGFP,S30C:S65T:S72A:R73L:N149H:H231Y,6,2.7227973226145985,528.19869346376,2.8161846804219617,4
sfGFP,S65T:S72A:K79R:I167V,4,2.722130875945375,527.3887676659351,2.811866417896253,2
sfGFP,S30C:F46Y:S65T:S72A:Q80R:K158G,6,2.722054417683504,527.2959281735891,2.811371427735697,3
sfGFP,S30C:F46Y:S65T:S72A:K158G,5,2.722054417683504,527.2959281735891,2.811371427735697,3
sfGFP,S30C:F46Y:S65T:S72A:K158G:A206V,6,2.722054417683504,527.2959281735891,2.811371427735697,3
avGFP,S65T:S72A:Q80R:F99C:M153I,5,2.7219524729097633,527.1721670905285,0.13012795942273453,3
avGFP,F46Y:S65T:Q69H:S72A:S202T:A206V,6,2.72193795592141,527.1545458113643,0.13012360976005655,4
avGFP,L64M:S65T:S72A:S147N:N149H:S202T,6,2.721824987257264,527.017440223643,0.13008976641348136,4
sfGFP,S65T:S72A:Y145L:V163A:I167V:H231Y,6,2.721595497702517,526.7390276406243,2.808402214125626,3
sfGFP,S65T:S72A:Y145L:I167V:H231Y,5,2.721595497702517,526.7390276406243,2.808402214125626,3
avGFP,Y39N:S65T:S72A:F99C:M153I:V163A,6,2.721415132568144,526.5203151447524,0.12996705532186414,4
sfGFP,Y39N:S65T:S72A:L178V:S202T,5,2.7208301786935043,525.8116191159723,2.803457571679636,2
sfGFP,S65T:S72A:L178V:S202T,4,2.7208301786935043,525.8116191159723,2.803457571679636,2
sfGFP,Y39N:S65T:S72A:Q80R:L178V:S202T,6,2.7208301786935043,525.8116191159723,2.803457571679636,2
sfGFP,S65T:S72A:L178V:S202T:A206V,5,2.7208301786935043,525.8116191159723,2.803457571679636,2
sfGFP,S65T:S72A:K79R:N149H:S202T:T203I,6,2.7207858646244327,525.7579696577225,2.803171530111745,4
avGFP,Y39N:F46Y:S65T:S72A:F99C:A206V,6,2.720740570454569,525.7031392833858,0.12976534242052484,4
avGFP,S30C:S65T:S72A:K79R:V163A:H231Y,6,2.72064104749609,525.5826829120364,0.1297356087912066,4
sfGFP,S65T:S72A:V93F:K158G:T203I:A206V,6,2.7206409940899405,525.5826182799798,2.8022366132522363,3
avGFP,L64M:S65T:S72A:K79R:F99C,5,2.7205983798986453,525.5310491710821,0.12972286344202624,3
avGFP,S65T:S72A:Q80R:K158G:T203I,5,2.7203088873122185,525.1808567225956,0.12963642141877169,3
sfGFP,S65T:S72A:Y145L:S147N:I167V:L178V,6,2.7200198250783667,524.831417695556,2.798231454580022,4
avGFP,S30C:L64M:S65T:S72A:K79R,5,2.7198814859116465,524.6642657247814,0.129508905330863,3
avGFP,S65T:S72A:R73L:V93F:M153I,5,2.7197199207151868,524.4691176785707,0.12946073469776814,3
avGFP,S65T:S72A:N149H:M153I:V163A:T203I,6,2.7194832423561763,524.1833745305137,0.12939020143539792,4
sfGFP,F46Y:L64M:S65T:Q69H:S72A:H231Y,6,2.7194182804208205,524.1049728439081,2.7943582854720748,4
avGFP,S65T:S72A:K79R:F99C:N149H:A206V,6,2.7188538301114327,523.4242387694569,0.12920281523848176,4
avGFP,S65T:S72A:K79R:V93F:N164T:H231Y,6,2.7188391085447616,523.4064962133124,0.1291984356396141,4
avGFP,Y39N:L64M:S65T:S72A:N164T:I167V,6,2.7185132509741434,523.0139238757084,0.12910153250168835,4
avGFP,S65T:S72A:N164T:I167V:L178V:T203I,6,2.718158917541996,522.5873797985041,0.1289962437291858,4
avGFP,Y39N:S65T:S72A:N164T:L178V,5,2.7180922204466866,522.5071292187215,0.12897643455707564,3
avGFP,L64M:S65T:S72A:S147N:T203I,5,2.7179484874282185,522.3342301752233,0.12893375590080144,3
avGFP,S65T:S72A:V93F:Y145L:S147N,5,2.7168499273902786,521.0146408045377,0.12860802650383624,3
avGFP,L64M:S65T:S72A:T203I,4,2.7168203738903576,520.9791872519525,0.12859927509634508,2
avGFP,S65T:S72A:M153I:V163A:N164T,5,2.7167427250403002,520.8860481026015,0.1285762844906113,3
avGFP,S65T:Q69H:S72A:N149H:N164T,5,2.7167266791681466,520.8668032885828,0.12857153407218241,3
sfGFP,S30C:S65T:S72A:K79R:F99C:N149H,6,2.71669001393184,520.8228310552593,2.7768589664874854,4
avGFP,S65T:S72A:V93F:N105Y:K158G:I171S,6,2.716684897563282,520.8166953432668,0.1285591653526599,4
sfGFP,F46Y:S65T:S72A:M153I:V163A:S202T,6,2.7163974680969836,520.4721168497589,2.774989071720689,3
avGFP,S65T:Q69H:S72A:K79R:Y145L:N164T,6,2.716342906219775,520.4067322936017,0.12845796946558175,4
avGFP,S65T:S72A:V93F:S202T:A206V,5,2.7163098983134404,520.3671810567542,0.12844820657963119,3
avGFP,S30C:L64M:S65T:S72A:K79R:I167V,6,2.716011740103196,520.0100535603268,0.1283600526988595,4
avGFP,Y39N:S65T:S72A:R73L:M153I:T203I,6,2.7152259839450115,519.0700653569462,0.12812802461690964,4
avGFP,S30C:Y39N:S65T:S72A:Y145L,5,2.7149315232844415,518.7182443780447,0.12804118060479264,3
sfGFP,S65T:S72A:V93F:H231Y,4,2.7148577011071287,518.6300791872766,2.765167922387992,2
sfGFP,S65T:S72A:V93F:V163A:H231Y,5,2.7148577011071287,518.6300791872766,2.765167922387992,2
sfGFP,S65T:S72A:V93F:T203I:H231Y,5,2.7148126346182537,518.5762640341562,2.7648809973886173,3
sfGFP,S65T:S72A:S147N:K158G:S202T,5,2.714491010058183,518.1923652593082,2.7628341732257815,3
sfGFP,S65T:S72A:S147N:K158G:V163A:S202T,6,2.714491010058183,518.1923652593082,2.7628341732257815,3
sfGFP,S65T:Q69H:S72A:N164T:I167V,5,2.714471057660174,518.1685589636966,2.762707245753547,3
sfGFP,S65T:Q69H:S72A:K79R:N164T,5,2.7144452933943595,518.1378198291769,2.762543354625464,3
sfGFP,S65T:S72A:F99C:N164T,4,2.7143738058291573,518.0525381496976,2.762088660279866,2
avGFP,L64M:S65T:S72A:V93F:L178V,5,2.7141072091604856,517.7346232215675,0.12779838210000088,3
avGFP,S65T:S72A:Q80R:N105Y:S202T:A206V,6,2.714029559347179,517.6420629778602,0.12777553439219458,4
sfGFP,Y39N:S65T:S72A:R73L:V163A:L178V,6,2.714005343668483,517.6132007543309,2.759746255314313,2
sfGFP,S65T:S72A:R73L:L178V,4,2.714005343668483,517.6132007543309,2.759746255314313,2
sfGFP,S65T:S72A:R73L:V163A:L178V,5,2.714005343668483,517.6132007543309,2.759746255314313,2
avGFP,Y39N:S65T:S72A:N149H:V163A:I171S,6,2.7138233041034283,517.3962826477486,0.1277148656110634,4
avGFP,F46Y:S65T:S72A:K79R:M153I:N164T,6,2.713743053406239,517.3006848952458,0.12769126812008194,4
sfGFP,Y39N:F46Y:S65T:S72A:K158G,5,2.713613694741225,517.1466250031422,2.7572586242409804,2
sfGFP,F46Y:S65T:S72A:Q80R:K158G:V163A,6,2.713613694741225,517.1466250031422,2.7572586242409804,2
sfGFP,F46Y:S65T:S72A:K158G,4,2.713613694741225,517.1466250031422,2.7572586242409804,2
avGFP,S65T:Q69H:S72A:Y145L:N149H:M153I,6,2.713554949763683,517.0766777356408,0.12763597386064415,4
sfGFP,S65T:S72A:R73L:N164T:I171S,5,2.713355468255459,516.839226986185,2.7556196773884807,3
sfGFP,S30C:S65T:S72A:V93F:N149H:V163A,6,2.7132562591877987,516.721175102396,2.754990262907272,3
avGFP,Y39N:S65T:Q69H:S72A:Q80R:T203I,6,2.7131380730077246,516.5805769699348,0.12751351561201227,4
sfGFP,F46Y:S65T:S72A:Y145L,4,2.71271291946173,516.0751167198102,2.751545688465474,2
sfGFP,F46Y:S65T:S72A:Q80R:Y145L,5,2.71271291946173,516.0751167198102,2.751545688465474,2
sfGFP,F46Y:S65T:S72A:Y145L:V163A,5,2.71271291946173,516.0751167198102,2.751545688465474,2
avGFP,Y39N:S65T:S72A:N149H:N164T:L178V,6,2.712617238198024,515.9614305405606,0.12736068458930674,4
avGFP,S65T:S72A:R73L:V93F:I167V,5,2.712598320987219,515.9389565304566,0.1273551370713279,3
avGFP,F46Y:L64M:S65T:S72A:N105Y:I167V,6,2.712379329369533,515.6788615264479,0.12729093483486598,4
sfGFP,S65T:S72A:N105Y:T203I:H231Y,5,2.7122454721629756,515.5199447127796,2.748585690796896,3
avGFP,L64M:S65T:S72A:K79R:H231Y,5,2.7122133724344404,515.4818428270047,0.1272423024469534,3
sfGFP,S65T:S72A:V93F:N164T:S202T:T203I,6,2.712040440011922,515.2766231389553,2.7472883788249054,4
sfGFP,S65T:S72A:V93F:N105Y:N164T,5,2.7116136486067863,514.7704974099007,2.7445898800550887,3
avGFP,S30C:S65T:S72A:N105Y:H231Y,5,2.7111731009705475,514.2485797916457,0.12693788197060607,3
avGFP,S65T:S72A:K79R:F99C:N164T,5,2.7109935957446663,514.0360713743835,0.12688542607777867,3
sfGFP,F46Y:S65T:S72A:Y145L:K158G:N164T,6,2.7107544638853125,513.7531099944948,2.739165499251472,4
avGFP,F46Y:S65T:S72A:R73L,4,2.71064915241565,513.6285458150545,0.1267848318644294,2
avGFP,S65T:S72A:N105Y:N149H:K158G,5,2.710440950075711,513.3823694525676,0.12672406532607947,3
sfGFP,S65T:S72A:N105Y:M153I:N164T:T203I,6,2.7101318212464527,513.0170762485021,2.735241205258722,4
sfGFP,F46Y:S65T:S72A:I167V:S202T:H231Y,6,2.709959453639109,512.813504745947,2.7341558278165574,4
avGFP,S30C:S65T:S72A:Q80R:T203I,5,2.7099498999739997,512.8022239334907,0.12658086134590282,3
avGFP,Y39N:S65T:Q69H:S72A:R73L:K79R,6,2.709725697343602,512.5375603455795,0.126515531393416,4
avGFP,S30C:S65T:S72A:R73L:N105Y:M153I,6,2.709671566959166,512.4736817392127,0.12649976350350034,4
avGFP,S65T:S72A:Q80R:Y145L:N149H:I171S,6,2.7093328500615437,512.0741467936679,0.1264011417051062,4
avGFP,S65T:S72A:R73L:N149H:H231Y,5,2.709061563442281,511.7543741731305,0.1263222085572895,3
avGFP,S65T:S72A:Q80R:N149H:N164T,5,2.7089922783522815,511.67273804559227,0.1263020573745168,3
avGFP,L64M:S65T:S72A:K79R:Q80R:L178V,6,2.708798370157805,511.4443322186662,0.1262456773415151,4
avGFP,S65T:S72A:K79R:Y145L:I167V:T203I,6,2.708480860961045,511.07055603693584,0.12615341387457632,4
avGFP,F46Y:S65T:S72A:V93F:N164T:A206V,6,2.7082906483703173,510.84676602079423,0.12609817321515301,4
sfGFP,S65T:Q69H:S72A:R73L:V93F,5,2.7082513768985463,510.80057432790966,2.723423533556498,3
sfGFP,S65T:Q69H:S72A:R73L:V93F:V163A,6,2.7082513768985463,510.80057432790966,2.723423533556498,3
avGFP,Y39N:S65T:S72A:Y145L:N164T,5,2.7076226556743794,510.06163145576346,0.12590436943491257,3
avGFP,S65T:S72A:Q80R:N105Y:V163A:N164T,6,2.707539248079286,509.96368195190234,0.12588019143413862,2
avGFP,S65T:S72A:Y145L:S147N:N149H:S202T,6,2.707202081809814,509.5679232386454,0.12578250176652184,4
sfGFP,S65T:S72A:V93F:S202T,4,2.707008928998564,509.3413428949854,2.715643383288343,2
sfGFP,S65T:S72A:V93F:V163A:S202T,5,2.707008928998564,509.3413428949854,2.715643383288343,2
avGFP,F46Y:L64M:S65T:S72A:F99C:I167V,6,2.7062494026256925,508.4513474821529,0.1255068845511154,4
avGFP,S65T:S72A:F99C:N105Y:N149H:V163A,6,2.7060843546940596,508.2581539173597,0.12545919636511177,4
avGFP,S65T:S72A:Y145L:S147N:N149H:V163A,6,2.70602555740158,508.1893476540531,0.1254422121250503,4
avGFP,F46Y:S65T:S72A:R73L:L178V:A206V,6,2.7060099013193053,508.171028031857,0.12543769008234285,4
avGFP,S65T:S72A:R73L:Y145L:I167V:H231Y,6,2.705928148945797,508.07537800753084,0.12541407968850699,4
sfGFP,S30C:L64M:S65T:S72A:Q80R:Y145L,6,2.7057472917423175,507.86383960351776,2.707765813377258,3
avGFP,S65T:S72A:F99C:Y145L:V163A:N164T,6,2.705649220658375,507.74916825461275,0.1253335575893884,4
avGFP,S65T:S72A:N149H:K158G:A206V,5,2.7056220125118444,507.71735923651676,0.12532570580419475,3
sfGFP,S65T:S72A:K79R:V93F:S147N:L178V,6,2.7055033450343604,507.5786484994381,2.7062452666052943,4
avGFP,S65T:S72A:K79R:F99C:N105Y:S202T,6,2.705189605970707,507.2121005707422,0.1252009870059305,4
avGFP,S65T:S72A:R73L:F99C:V163A:I171S,6,2.705159174535937,507.1765609730052,0.1251922143589265,4
sfGFP,S65T:S72A:R73L:V93F:S202T,5,2.7049595785549085,506.94352291024495,2.702858982283574,3
avGFP,S65T:S72A:V93F:N149H:V163A:I167V,6,2.704917714855064,506.8946585807905,0.1251226291544235,4
avGFP,Y39N:S65T:S72A:V93F:M153I,5,2.7049037975324697,506.8784149863068,0.12511861956147488,3
avGFP,S65T:S72A:V93F:Y145L:H231Y,5,2.704811031715978,506.770156718069,0.12509189693001624,3
sfGFP,S65T:S72A:Y145L:K158G:S202T,5,2.704678955766703,506.61606318071006,2.7011130728650485,3
sfGFP,S65T:S72A:R73L:F99C:Y145L,5,2.704506499299733,506.4149280631053,2.7000406854398187,3
avGFP,L64M:S65T:S72A:F99C:S202T,5,2.7044759055999674,506.3792551240708,0.12499540620091949,3
avGFP,S30C:F46Y:S65T:S72A:R73L:Y145L,6,2.704357551189079,506.24127489344875,0.12496134695619375,4
avGFP,S65T:S72A:K79R:Q80R:H231Y,5,2.7041055242902106,505.94758153326876,0.1248888512516744,3
avGFP,F46Y:S65T:S72A:S147N:S202T:A206V,6,2.7036602610673164,505.4291213298873,0.12476087376629183,4
sfGFP,S65T:S72A:K79R:S147N:I167V:T203I,6,2.703599417899663,505.35831740299113,2.694407178975289,4
sfGFP,S65T:S72A:Q80R:K158G:V163A:S202T,6,2.7035711305424432,505.32540244252004,2.6942316870466216,2
sfGFP,S65T:S72A:K158G:S202T,4,2.7035711305424432,505.32540244252004,2.6942316870466216,2
sfGFP,S65T:S72A:Q80R:K158G:S202T:A206V,6,2.7035711305424432,505.32540244252004,2.6942316870466216,2
sfGFP,S65T:S72A:K158G:V163A:S202T:A206V,6,2.7035711305424432,505.32540244252004,2.6942316870466216,2
sfGFP,S65T:S72A:Q80R:V93F:S147N:S202T,6,2.7035137287514055,505.25861673025867,2.6938756072189567,3
avGFP,L64M:S65T:S72A:Q80R,4,2.7031106007677987,504.7898348514162,0.12460307134400328,2
avGFP,S65T:Q69H:S72A:Q80R:N149H:T203I,6,2.7030217177335394,504.6865347564697,0.12457757259539189,4
sfGFP,S65T:S72A:Y145L:S147N:S202T:T203I,6,2.702461178227479,504.03556113091463,2.687354670145845,4
sfGFP,S65T:S72A:K158G:N164T:I167V,5,2.701743301946076,503.2030930648319,2.6829162195331238,3
avGFP,S30C:Y39N:S65T:S72A:S147N:V163A,6,2.701465691503003,502.88153752798326,0.12413202440303768,4
avGFP,S65T:Q69H:S72A:S147N:K158G,5,2.7007886334917814,502.09816420790077,0.12393865537111184,3
avGFP,Y39N:L64M:S65T:S72A:V163A,5,2.700786078008254,502.0952097613991,0.12393792609115646,3
avGFP,S30C:S65T:S72A:R73L:S202T:A206V,6,2.7007725715539714,502.0795949635421,0.12393407171129962,4
avGFP,Y39N:S65T:S72A:V93F:S202T,5,2.7006814366304837,501.9742466647362,0.12390806738101047,3
avGFP,S65T:Q69H:S72A:N105Y:N149H,5,2.6999580731657957,501.13885129535277,0.12370185714929616,3
sfGFP,S30C:L64M:S65T:Q69H:S72A,5,2.6999513251602307,501.13106473202686,2.671868834296367,3
avGFP,S65T:S72A:Y145L:N164T:A206V:H231Y,6,2.69976395802298,500.9149090008315,0.12364657890125184,4
avGFP,S65T:S72A:N105Y:N149H:A206V:H231Y,6,2.699694289748877,500.834560113895,0.123626745462858,4
sfGFP,S65T:S72A:R73L:N149H:M153I:K158G,6,2.6994125089336527,500.5097118748084,2.6685559817291633,4
avGFP,S65T:S72A:Q80R:Y145L:V163A,5,2.699219995088759,500.2878953422492,0.12349180592002296,2
avGFP,S30C:S65T:S72A:S147N:N149H:T203I,6,2.6987612243177233,499.75969088805806,0.12336142314932161,4
avGFP,S65T:S72A:V93F:Y145L:N164T:I171S,6,2.6986793480901383,499.66548158303266,0.12333816838477428,4
sfGFP,S30C:S65T:S72A:N149H,4,2.6983645423307365,499.30342177848087,2.6621244328982776,2
avGFP,F46Y:S65T:S72A:R73L:K79R:T203I,6,2.697974609464055,498.8553215949899,0.12313818729200948,4
sfGFP,F46Y:S65T:S72A:K79R:S202T:H231Y,6,2.697864469550368,498.72882467210115,2.659060866879608,4
sfGFP,S65T:S72A:K79R:Y145L:I171S,5,2.6975855004565625,498.40856904239547,2.6573533673924703,3
sfGFP,S65T:S72A:K79R:Y145L:I171S:A206V,6,2.6975855004565625,498.40856904239547,2.6573533673924703,3
sfGFP,S65T:S72A:R73L:S147N:V163A,5,2.6973943241018046,498.18921796042054,2.656183858333974,2
sfGFP,S65T:S72A:R73L:S147N,4,2.6973943241018046,498.18921796042054,2.656183858333974,2
sfGFP,Y39N:S65T:S72A:R73L:S147N,5,2.6973943241018046,498.18921796042054,2.656183858333974,2
sfGFP,L64M:S65T:S72A:V93F:H231Y,5,2.6971228573422845,497.87790948447264,2.6545240621782873,3
sfGFP,S65T:Q69H:S72A:S202T:H231Y,5,2.6970493140048784,497.7936060808017,2.6540745836830477,3
avGFP,S65T:Q69H:S72A:F99C:S147N:S202T,6,2.697014393925841,497.7535818715168,0.12286623222499264,4
avGFP,S65T:S72A:R73L:V93F:N105Y,5,2.696436253764142,497.0914047308349,0.12270277943770139,3
avGFP,S30C:S65T:S72A:N149H:K158G,5,2.696338958268416,496.98005324133175,0.12267529327091892,3
sfGFP,S65T:S72A:K79R:V93F:K158G:I167V,6,2.696174450540277,496.7918363047887,2.6487334710838906,4
sfGFP,S65T:S72A:K158G:N164T,4,2.6960359907322826,496.63347661723725,2.6478891484235025,2
sfGFP,S65T:S72A:Q80R:K158G:N164T,5,2.6960359907322826,496.63347661723725,2.6478891484235025,2
avGFP,Y39N:S65T:Q69H:S72A:N149H:V163A,6,2.695460092843372,495.9753503135446,0.12242729091043666,4
avGFP,S65T:S72A:V93F:Y145L:S147N:H231Y,6,2.6952866824862594,495.7773508052045,0.12237841641820162,4
avGFP,S65T:S72A:F99C:L178V:S202T,5,2.6947407322575883,495.15450222773103,0.12222467155176966,3
sfGFP,S65T:S72A:F99C:L178V:S202T:H231Y,6,2.6944012168171385,494.76755993185486,2.63794068386018,4
sfGFP,S30C:S65T:S72A:Q80R:N149H:N164T,6,2.6942858043641196,494.63609440919737,2.637239752192811,3
avGFP,S65T:Q69H:S72A:N164T:I167V:A206V,6,2.6941703790646008,494.5046491909391,0.12206426086455698,4
avGFP,S30C:S65T:Q69H:S72A:R73L:F99C,6,2.6934983217484514,493.7400102780807,0.12187551626148994,4
avGFP,S65T:S72A:F99C:N105Y:M153I:I167V,6,2.6929103085367543,493.07196311958063,0.12171061451029631,4
avGFP,S65T:S72A:V93F:N105Y:K158G:I167V,6,2.6928763094151105,493.033364062544,0.12170108666182218,4
avGFP,S30C:S65T:Q69H:S72A:N164T,5,2.6924091053098342,492.503255197248,0.12157023380345983,3
sfGFP,S65T:S72A:N105Y:N149H:K158G:H231Y,6,2.6919597285595986,491.9939117488959,2.623152488398153,4
sfGFP,F46Y:S65T:S72A:M153I:T203I:H231Y,6,2.6918300919114935,491.8470737714418,2.62236959577133,4
avGFP,Y39N:S65T:S72A:V163A:L178V:S202T,6,2.6916071365412777,491.59463721620125,0.12134594919370707,4
avGFP,S30C:S65T:S72A:N149H:T203I:H231Y,6,2.691279914209035,491.2243811692616,0.12125455464205977,4
sfGFP,S65T:S72A:R73L:S147N:N149H:T203I,6,2.6911317985964818,491.056878247753,2.6181565286890214,4
avGFP,Y39N:S65T:S72A:M153I:V163A:S202T,6,2.691044578957279,490.95826888232784,0.12118886709055808,4
sfGFP,S65T:S72A:S202T:T203I:H231Y,5,2.6907918250538017,490.6726205004106,2.6161077906008927,3
sfGFP,S65T:S72A:R73L:K79R:V93F:S147N,6,2.690732235870426,490.60530033827155,2.6157488612592537,4
avGFP,Y39N:S65T:S72A:Q80R:H231Y,5,2.690712570753103,490.58308593591005,0.1210962563757379,3
avGFP,S65T:S72A:N105Y:S147N:T203I:H231Y,6,2.6904952997483838,490.33771597081045,0.12103568888971478,4
avGFP,S65T:S72A:R73L:N149H:V163A:I167V,6,2.690414520828519,490.2465214719056,0.12101317830438066,4
sfGFP,S30C:S65T:S72A:Y145L:S202T,5,2.690281756694747,490.0966756647667,2.613037038925473,3
avGFP,F46Y:S65T:Q69H:S72A:Q80R:N105Y,6,2.689732574637467,489.4773212708874,0.12082330778618072,4
avGFP,S65T:Q69H:S72A:N149H:K158G,5,2.689541834592272,489.26239238968327,0.12077025442244481,3
avGFP,S65T:S72A:R73L:V93F:T203I:H231Y,6,2.6894533220029504,489.16268707387877,0.12074564301444721,4
sfGFP,S65T:S72A:K158G:L178V,4,2.68911329967602,488.77985664868214,2.6060161856256148,2
sfGFP,S65T:S72A:Q80R:K158G:L178V,5,2.68911329967602,488.77985664868214,2.6060161856256148,2
avGFP,S65T:S72A:Q80R:F99C:T203I,5,2.68906453027658,488.7249718580941,0.12063759674153281,3
avGFP,F46Y:S65T:S72A:R73L:K79R:Q80R,6,2.6890374809461406,488.69453336040664,0.12063008325762901,4
sfGFP,S65T:S72A:N149H:N164T:L178V:H231Y,6,2.6887324117186724,488.35137147422944,2.60373164119373,4
sfGFP,F46Y:S65T:S72A:R73L:V93F:S147N,6,2.688659734349407,488.2696547477373,2.6032959540250014,4
sfGFP,S30C:S65T:Q69H:S72A:N164T:T203I,6,2.688395983617436,487.9732144587742,2.6017154302358128,4
avGFP,L64M:S65T:S72A:L178V:A206V,5,2.6880871925934464,487.62638022796017,0.12036641875454385,3
sfGFP,Y39N:S65T:S72A:K79R:S202T:T203I,6,2.6877195693360196,487.2137870322221,2.5976664087008987,3
avGFP,S65T:S72A:K79R:N105Y:N164T:H231Y,6,2.6876661113671996,487.15381883644886,0.12024977099994269,4
sfGFP,S65T:S72A:K79R:L178V:H231Y,5,2.6873623305526118,486.81318305878807,2.595530517819566,3
avGFP,S65T:S72A:Y145L:S147N:N149H:A206V,6,2.6869537781216084,486.3554402206182,0.1200526980385643,4
sfGFP,S65T:S72A:R73L:K79R:A206V,5,2.686492597266913,485.83924953146567,2.59033781909968,2
sfGFP,S65T:S72A:R73L:K79R,4,2.686492597266913,485.83924953146567,2.59033781909968,2
sfGFP,Y39N:S65T:S72A:R73L:K79R,5,2.686492597266913,485.83924953146567,2.59033781909968,2
sfGFP,S65T:S72A:R73L:L178V:A206V:H231Y,6,2.6864656624674312,485.80911887697647,2.590177172190413,3
sfGFP,S65T:S72A:R73L:Q80R:L178V:H231Y,6,2.6864656624674312,485.80911887697647,2.590177172190413,3
avGFP,S65T:Q69H:S72A:V93F:I171S:S202T,6,2.6861504742771207,485.4566719702725,0.1198308447509431,4
sfGFP,S30C:F46Y:S65T:S72A:N164T:T203I,6,2.685781604265475,485.0445221730936,2.586100589739867,4
sfGFP,L64M:S65T:S72A:R73L:S147N:K158G,6,2.6853390596866804,484.550515216784,2.583466704348637,4
sfGFP,S65T:S72A:F99C:N164T:T203I,5,2.6853364727566746,484.5476289389563,2.583451315648319,3
avGFP,S30C:S65T:S72A:V93F:F99C:N149H,6,2.685264771751947,484.467637860364,0.11958671010469997,4
avGFP,L64M:S65T:Q69H:S72A:V93F:A206V,6,2.6850407692395195,484.21782122577804,0.11952504499618724,4
avGFP,S65T:S72A:Y145L:N164T:I167V:H231Y,6,2.684992406296191,484.1639018320308,0.11951173545308225,4
sfGFP,S65T:S72A:N149H:L178V:S202T:H231Y,6,2.684970468153841,484.13944518159457,2.5812750118094345,4
sfGFP,S65T:S72A:R73L:N105Y:N164T:I167V,6,2.684919709501518,484.08286415010247,2.5809733400407184,4
avGFP,S65T:S72A:V163A:N164T:H231Y,5,2.684685051798214,483.8213754715376,0.11942718573835533,3
sfGFP,Y39N:S65T:S72A:K79R:Q80R:S202T,6,2.6845762746143804,483.70020852486806,2.5789331439497443,2
sfGFP,Y39N:S65T:S72A:K79R:S202T,5,2.6845762746143804,483.70020852486806,2.5789331439497443,2
sfGFP,S65T:S72A:K79R:Q80R:S202T,5,2.6845762746143804,483.70020852486806,2.5789331439497443,2
sfGFP,S65T:S72A:K79R:S202T,4,2.6845762746143804,483.70020852486806,2.5789331439497443,2
sfGFP,F46Y:S65T:S72A:K79R:Q80R:V93F,6,2.684281501944473,483.3720136457512,2.577183314951303,3
avGFP,Y39N:F46Y:S65T:S72A:F99C:S202T,6,2.68368539822427,482.7090022316463,0.1191526058783783,4
avGFP,L64M:S65T:S72A:L178V:A206V:H231Y,6,2.683648506625696,482.6679997525767,0.1191424847656457,4
avGFP,S30C:S65T:Q69H:S72A:N105Y:N149H,6,2.6834386038769953,482.43477353236335,0.11908491485961722,4
sfGFP,S65T:S72A:K79R:Q80R:A206V,5,2.6833435541018327,482.3291993169872,2.5716233660655314,1
sfGFP,S65T:S72A:K79R:V163A,4,2.6833435541018327,482.3291993169872,2.5716233660655314,1
sfGFP,S65T:S72A:K79R:Q80R:V163A:A206V,6,2.6833435541018327,482.3291993169872,2.5716233660655314,1
sfGFP,S65T:S72A:K79R,3,2.6833435541018327,482.3291993169872,2.5716233660655314,1
sfGFP,S65T:S72A:K79R:A206V,4,2.6833435541018327,482.3291993169872,2.5716233660655314,1
sfGFP,Y39N:S65T:S72A:K79R,4,2.6833435541018327,482.3291993169872,2.5716233660655314,1
sfGFP,S65T:S72A:K79R:Q80R,4,2.6833435541018327,482.3291993169872,2.5716233660655314,1
sfGFP,S65T:S72A:K79R:V163A:A206V,5,2.6833435541018327,482.3291993169872,2.5716233660655314,1
sfGFP,S65T:S72A:K79R:Q80R:V163A,5,2.6833435541018327,482.3291993169872,2.5716233660655314,1
avGFP,S65T:Q69H:S72A:V93F:Y145L:A206V,6,2.6833431820773974,482.3287861453292,0.11905875277584216,4
avGFP,S65T:S72A:F99C:L178V:A206V:H231Y,6,2.682695802951903,481.61034050614546,0.11888141058894501,4
avGFP,S65T:S72A:N105Y:Y145L:V163A:H231Y,6,2.6826072138526795,481.5121097507828,0.1188571631636334,4
avGFP,S30C:S65T:S72A:Y145L:M153I:H231Y,6,2.6826059684762913,481.510728975808,0.11885682233109117,4
avGFP,F46Y:S65T:S72A:F99C:M153I:A206V,6,2.682578597679974,481.4803833984614,0.1188493317837821,4
sfGFP,Y39N:S65T:S72A:R73L:V93F:I167V,6,2.6825609073161343,481.46077138392786,2.5669931890669964,3
sfGFP,S65T:S72A:R73L:V93F:I167V:A206V,6,2.6825609073161343,481.46077138392786,2.5669931890669964,3
avGFP,S30C:Y39N:S65T:S72A:T203I:A206V,6,2.682234019088472,481.09851800703143,0.1187550715643263,4
avGFP,F46Y:S65T:S72A:K79R:I171S:S202T,6,2.682168734419961,481.02620302724495,0.11873722122748616,4
avGFP,F46Y:L64M:S65T:S72A:N105Y,5,2.6820778550256974,480.92555519907495,0.1187123771683387,3
avGFP,S65T:Q69H:S72A:Q80R:I167V:S202T,6,2.681973107642093,480.80957486510357,0.11868374841072397,4
avGFP,S65T:S72A:Y145L:M153I:N164T,5,2.681774220321998,480.5894361372744,0.1186294090407219,3
avGFP,S65T:Q69H:S72A:R73L:V163A:N164T,6,2.681595349841208,480.3915391643509,0.11858055985848112,4
avGFP,S65T:S72A:R73L:N164T,4,2.6814471552337764,480.22764279090853,0.11854010343463282,2
avGFP,S65T:S72A:Q80R:S147N:K158G:T203I,6,2.6808417869054773,479.558713996661,0.118374984059164,4
avGFP,S65T:S72A:R73L:M153I:V163A:L178V,6,2.6804175673345005,479.0905089575814,0.11825941163305674,4
avGFP,L64M:S65T:S72A:L178V:S202T:A206V,6,2.6803525315718795,479.0187703445737,0.11824170356744691,4
avGFP,S65T:S72A:R73L:K79R:S147N:A206V,6,2.680310563120709,478.9724821567815,0.11823027772253553,4
avGFP,S30C:S65T:S72A:N105Y:I167V:L178V,6,2.679926940928741,478.54958167748936,0.11812588834114443,4
avGFP,L64M:S65T:Q69H:S72A:I167V:S202T,6,2.6798413866030204,478.4553185540815,0.11810262029198779,4
sfGFP,S65T:S72A:F99C:K158G:N164T,5,2.67959617478929,478.18524885234126,2.5495291618212264,3
avGFP,S30C:S65T:S72A:S147N:I167V:H231Y,6,2.679422875009637,477.9944730771185,0.11798886451110627,4
sfGFP,F46Y:L64M:S65T:S72A:Q80R:H231Y,6,2.6791476612282272,477.691662429791,2.5468975185800535,3
sfGFP,F46Y:L64M:S65T:S72A:H231Y,5,2.6791476612282272,477.691662429791,2.5468975185800535,3
sfGFP,F46Y:L64M:S65T:S72A:I167V:H231Y,6,2.678813177414583,477.32389672721234,2.5449367107431486,4
avGFP,L64M:S65T:S72A:Q80R:I167V,5,2.678566156926898,477.05247892061436,0.11775634127671294,3
sfGFP,S65T:S72A:K79R:I171S:S202T:A206V,6,2.6785446132910526,477.02881481617425,2.5433634293859275,3
sfGFP,S65T:Q69H:S72A:N164T:S202T,5,2.6783733913210734,476.8407817693354,2.542360897966457,3
sfGFP,S65T:S72A:Y145L:H231Y,4,2.67809549379248,476.53575719960423,2.540734605567292,2
sfGFP,S65T:S72A:R73L:V93F:K158G:L178V,6,2.6775571822082345,475.94545312597006,2.537587295076882,4
avGFP,S65T:S72A:R73L:L178V:T203I:A206V,6,2.67737257641358,475.74318572203845,0.11743315340213858,4
avGFP,S65T:S72A:Q80R:N149H:V163A,5,2.6770326854816293,475.37100154232763,0.11734128290733897,2
avGFP,S65T:S72A:V93F:F99C:N149H:K158G,6,2.6769762273386855,475.3092074817352,0.11732602956979325,4
avGFP,L64M:S65T:S72A:H231Y,4,2.6769747688106134,475.3076112131045,0.11732563554447749,2
sfGFP,S65T:S72A:K79R:F99C:K158G:L178V,6,2.6763148637820273,474.585935675276,2.530338787526998,4
avGFP,Y39N:S65T:S72A:K79R:Q80R,5,2.6761558655243896,474.4122182351803,0.1171046154141057,3
avGFP,F46Y:L64M:S65T:S72A:N149H:I171S,6,2.6760684937228683,474.3167851070242,0.1170810585592421,4
sfGFP,S65T:S72A:V93F:N164T,4,2.6759824246149972,474.22279363527247,2.528402631564232,2
sfGFP,Y39N:S65T:S72A:V93F:N164T,5,2.6759824246149972,474.22279363527247,2.528402631564232,2
sfGFP,S30C:S65T:Q69H:S72A:N164T,5,2.6759029467317212,474.1360166282458,2.5279399646155523,3
sfGFP,S65T:S72A:K79R:Y145L:H231Y,5,2.6755047225866746,473.70145925098575,2.525623045161286,3
sfGFP,S65T:S72A:K79R:F99C:K158G:S202T,6,2.6753641510911024,473.548157402034,2.524805689261242,4
avGFP,L64M:S65T:Q69H:S72A:T203I,5,2.6752326070826826,473.40474551807847,0.11685592935472194,3
avGFP,S65T:Q69H:S72A:K79R:Q80R:N149H,6,2.675033059105979,473.18727727077294,0.11680224917009215,4
avGFP,S65T:Q69H:S72A:K79R:V163A:T203I,6,2.6747882716614555,472.9206432889513,0.11673643284265077,4
avGFP,F46Y:S65T:S72A:K79R:S147N:I167V,6,2.674721109027902,472.8475128640687,0.11671838122013395,4
avGFP,S65T:S72A:K158G:I167V:I171S,5,2.6743401548283363,472.43292259919957,0.11661604314439354,3
avGFP,S65T:S72A:R73L:Q80R:Y145L:S202T,6,2.674056953025893,472.1249512870324,0.11654002304903412,4
avGFP,S65T:Q69H:S72A:Q80R:V93F:A206V,6,2.6739979260777456,472.0607869874024,0.11652418463816976,4
avGFP,S65T:Q69H:S72A:K79R:V163A:N164T,6,2.6738070269293286,471.85333282178726,0.11647297634431343,4
avGFP,Y39N:S65T:S72A:R73L:M153I:I167V,6,2.673686776835093,471.72270129062184,0.11644073106345834,4
avGFP,S65T:S72A:V93F:Y145L:I167V:S202T,6,2.67352965870296,471.5520733236146,0.11639861300307279,4
sfGFP,S65T:S72A:V93F:I167V:S202T:T203I,6,2.673403616977853,471.4152384905473,2.5134336551433214,4
avGFP,Y39N:S65T:S72A:Y145L:S147N:N164T,6,2.6733347664609477,471.3405089889097,0.11634639014898372,4
avGFP,S65T:S72A:V93F:Y145L:M153I,5,2.6733252677705677,471.3302001574954,0.11634384550175135,3
avGFP,S65T:Q69H:S72A:R73L:N149H:M153I,6,2.673196879267335,471.19088354703496,0.11630945638304471,4
avGFP,L64M:S65T:S72A:R73L:K158G:I167V,6,2.672791447198092,470.75121240079056,0.11620092730535535,4
avGFP,L64M:S65T:S72A:V93F:N105Y:I171S,6,2.672580560940223,470.52267884472957,0.11614451574350457,4
avGFP,Y39N:L64M:S65T:S72A:V93F:A206V,6,2.672573452320278,470.5149772973577,0.11614261468213133,4
avGFP,F46Y:S65T:S72A:K79R:A206V,5,2.6725343228686818,470.47258632897916,0.11613215083263886,3
avGFP,S65T:S72A:R73L:V93F:N149H,5,2.672386614874116,470.3126009989919,0.11609265981655638,3
avGFP,S65T:Q69H:S72A:Q80R:F99C:M153I,6,2.672213347762789,470.1250014422547,0.11604635246379617,4
avGFP,S65T:S72A:Y145L:T203I:A206V,5,2.6721634668401695,470.0710083035989,0.1160330247173886,3
avGFP,Y39N:L64M:S65T:S72A:I171S:H231Y,6,2.6721524307136697,470.0590631893653,0.11603007616767881,4
avGFP,Y39N:S65T:S72A:V93F:N164T,5,2.6719830208659907,469.8757380308393,0.11598482391371119,3
sfGFP,S65T:S72A:Q80R:N164T:H231Y,5,2.671769736248468,469.64503589986015,2.5039955071909947,2
sfGFP,S65T:S72A:V163A:N164T:H231Y,5,2.671769736248468,469.64503589986015,2.5039955071909947,2
sfGFP,S65T:S72A:N164T:H231Y,4,2.671769736248468,469.64503589986015,2.5039955071909947,2
sfGFP,Y39N:S65T:S72A:V163A:N164T:H231Y,6,2.671769736248468,469.64503589986015,2.5039955071909947,2
avGFP,S65T:S72A:K79R:K158G:I171S:T203I,6,2.6716909635212076,469.5598589820014,0.11590685186090627,4
avGFP,S30C:S65T:S72A:Q80R:K158G:A206V,6,2.6714193334531204,469.26626396063926,0.11583438043048652,4
avGFP,S30C:Y39N:S65T:S72A:S147N:T203I,6,2.671330003067641,469.1697501271877,0.1158105568127253,4
avGFP,S65T:S72A:Q80R:N105Y:M153I:T203I,6,2.671295582320419,469.1325667548494,0.1158013784139613,4
avGFP,F46Y:S65T:Q69H:S72A:R73L:N105Y,6,2.6711898250528145,469.01833979581403,0.1157731824620157,4
sfGFP,S65T:S72A:V93F:S202T:H231Y,5,2.6710198127529927,468.8347701573245,2.4996754321899832,3
avGFP,S65T:S72A:R73L:M153I:T203I,5,2.6708500045001853,468.65149255548107,0.11568262934524581,3
avGFP,S65T:Q69H:S72A:R73L:M153I:I167V,6,2.670835468642407,468.6358070293569,0.11567875750671862,4
sfGFP,S65T:S72A:S147N:N164T:T203I,5,2.6706307617293534,468.4149652095768,2.497437167920794,3
sfGFP,S65T:S72A:F99C:L178V:S202T,5,2.6701182141212296,467.86247522072233,2.4944914699061034,3
avGFP,L64M:S65T:S72A:Q80R:Y145L:V163A,6,2.6699210429758984,467.65011230469185,0.11543544715928065,3
sfGFP,S30C:S65T:S72A:V93F:S202T,5,2.6698470952280386,467.5704918396121,2.492934708908782,3
avGFP,S65T:S72A:V93F:N164T:I167V:A206V,6,2.6696958688544647,467.4077067170726,0.11537561140459039,4
avGFP,S65T:S72A:Q80R:F99C:V163A,5,2.6694675596207795,467.1620543890319,0.11531497421968018,2
avGFP,S30C:S65T:S72A:K79R:F99C:Y145L,6,2.669458883666373,467.152721928296,0.11531267058123383,4
avGFP,S30C:S65T:S72A:I167V:L178V:S202T,6,2.669404265697293,467.09397531823964,0.11529816948089726,4
sfGFP,S30C:S65T:S72A:L178V,4,2.669299535087101,466.9813486533299,2.489793587894448,2
sfGFP,S30C:S65T:S72A:V163A:L178V,5,2.669299535087101,466.9813486533299,2.489793587894448,2
avGFP,S65T:Q69H:S72A:K158G:N164T,5,2.669132692363669,466.8019830860264,0.11522609368532764,3
sfGFP,S65T:S72A:V93F:N105Y:K158G:N164T,6,2.668784198209954,466.42755394424586,2.4868409335332755,4
avGFP,S65T:S72A:Y145L:K158G:T203I,5,2.6685862885951854,466.21504959192333,0.11508121415133023,3
avGFP,S65T:S72A:R73L:Q80R:V163A:S202T,6,2.6683553329620704,465.96718467308307,0.11502003080722621,3
avGFP,S65T:S72A:F99C:N149H:V163A,5,2.668198216541988,465.79864038425205,0.11497842708505138,3
avGFP,S30C:Y39N:S65T:S72A:Q80R:T203I,6,2.667796635550699,465.3681273768444,0.1148721586159323,4
sfGFP,S65T:S72A:K79R:Q80R:H231Y,5,2.6676194149448165,465.1782654281922,2.4801801310286993,2
sfGFP,S65T:S72A:K79R:H231Y,4,2.6676194149448165,465.1782654281922,2.4801801310286993,2
sfGFP,S65T:S72A:N164T:S202T:T203I,5,2.666854033141644,464.3591773559522,2.475813018217738,3
avGFP,Y39N:L64M:S65T:S72A:V93F:I167V,6,2.666689907351517,464.18372286400955,0.11457979844973291,4
avGFP,L64M:S65T:S72A:N164T,4,2.666540918580775,464.02450762221054,0.1145404975233607,2
sfGFP,S65T:S72A:K79R:Y145L:S147N:I167V,6,2.6664865326099934,463.9664022483837,2.473718868318328,4
sfGFP,S30C:S65T:S72A:F99C:Y145L:N149H,6,2.6664337011297192,463.90996464215516,2.473417961246752,4
avGFP,Y39N:S65T:S72A:Q80R:T203I:H231Y,6,2.6664271885924897,463.9030080530453,0.11451050638954673,4
sfGFP,S65T:S72A:R73L:V93F:S147N:T203I,6,2.6663739483653153,463.846141597812,2.473077677406672,4
sfGFP,S30C:S65T:Q69H:S72A:R73L:I167V,6,2.6659508356857846,463.39445818936275,2.470669447490513,4
sfGFP,S65T:S72A:R73L:V163A,4,2.665912509824727,463.3535661017685,2.470451424098826,1
sfGFP,S65T:S72A:R73L:Q80R,4,2.665912509824727,463.3535661017685,2.470451424098826,1
sfGFP,Y39N:S65T:S72A:R73L,4,2.665912509824727,463.3535661017685,2.470451424098826,1
sfGFP,S65T:S72A:R73L,3,2.665912509824727,463.3535661017685,2.470451424098826,1
sfGFP,Y39N:S65T:S72A:R73L:Q80R:A206V,6,2.665912509824727,463.3535661017685,2.470451424098826,1
sfGFP,S65T:S72A:R73L:A206V,4,2.665912509824727,463.3535661017685,2.470451424098826,1
sfGFP,S65T:S72A:Q80R:S147N:K158G:H231Y,6,2.665652598664128,463.0763469834397,2.4689733813777472,3
sfGFP,S65T:S72A:S147N:K158G:H231Y,5,2.665652598664128,463.0763469834397,2.4689733813777472,3
avGFP,S65T:Q69H:S72A:V93F:I167V:T203I,6,2.6650210475208915,462.40343064100955,0.11414034847756589,4
sfGFP,S30C:S65T:S72A:N105Y:K158G,5,2.6643526706173795,461.6923415360527,2.461594311745839,3
sfGFP,S30C:S65T:S72A:Q80R:N105Y:K158G,6,2.6643526706173795,461.6923415360527,2.461594311745839,3
avGFP,L64M:S65T:S72A:M153I:N164T:I167V,6,2.6635975140821753,460.8902428203919,0.11376683095214903,4
avGFP,Y39N:S65T:S72A:R73L:L178V:S202T,6,2.663596598017593,460.88927065795343,0.11376659098213117,4
avGFP,L64M:S65T:S72A:V93F:V163A:A206V,6,2.663576539346785,460.8679841506339,0.1137613365891005,4
sfGFP,S65T:S72A:K79R:Y145L,4,2.663479671432475,460.7652005697774,2.4566510958346184,2
avGFP,S65T:S72A:M153I:S202T:H231Y,5,2.663337187816908,460.6140572186056,0.11369865688867228,3
sfGFP,S65T:Q69H:S72A:F99C:I167V:L178V,6,2.6632295142615776,460.49987247150557,2.4552364521884202,4
avGFP,F46Y:S65T:S72A:N105Y:A206V,5,2.6624548606840563,459.67920831664884,0.11346789739950654,3
avGFP,S65T:S72A:Q80R:F99C:N105Y:S202T,6,2.662196884782176,459.4062346789792,0.11340051618201512,4
sfGFP,S65T:S72A:L178V:A206V:H231Y,5,2.66210950843934,459.3138153631266,2.448912779108469,2
sfGFP,S65T:S72A:Q80R:L178V:H231Y,5,2.66210950843934,459.3138153631266,2.448912779108469,2
sfGFP,Y39N:S65T:S72A:L178V:H231Y,5,2.66210950843934,459.3138153631266,2.448912779108469,2
sfGFP,S65T:S72A:L178V:H231Y,4,2.66210950843934,459.3138153631266,2.448912779108469,2
sfGFP,S65T:S72A:K79R:Q80R:Y145L:S202T,6,2.6620755948242816,459.2779494141118,2.4487215534628657,3
sfGFP,S65T:S72A:I167V:H231Y,4,2.6617138309415753,458.8955337964623,2.4466826370147463,2
sfGFP,S65T:S72A:I167V:A206V:H231Y,5,2.6617138309415753,458.8955337964623,2.4466826370147463,2
sfGFP,S65T:S72A:Q80R:I167V:H231Y,5,2.6617138309415753,458.8955337964623,2.4466826370147463,2
avGFP,F46Y:S65T:S72A:R73L:N105Y:I167V,6,2.6614267232107727,458.59226281247993,0.1131995941595198,4
sfGFP,S65T:S72A:N105Y:L178V:T203I,5,2.661198007302516,458.3508143568742,2.443778369056724,3
avGFP,S65T:S72A:R73L:F99C:N105Y,5,2.6610293571469925,458.1728569291358,0.11309606738937435,3
avGFP,Y39N:S65T:S72A:R73L:L178V:T203I,6,2.6608879226517557,458.0236703775772,0.11305924195977177,4
sfGFP,S30C:S65T:S72A:V93F:T203I,5,2.660503838057755,457.6187790536349,2.4398753934681405,3
avGFP,S65T:S72A:K79R:V163A:I167V:H231Y,6,2.660105202644332,457.19892717418406,0.11285566112450568,4
sfGFP,Y39N:S65T:S72A:Q80R:N105Y:T203I,6,2.65966122428497,456.73177247366425,2.435146161130276,2
sfGFP,S65T:S72A:N105Y:T203I,4,2.65966122428497,456.73177247366425,2.435146161130276,2
sfGFP,S65T:S72A:N105Y:V163A:T203I,5,2.65966122428497,456.73177247366425,2.435146161130276,2
avGFP,S65T:S72A:Q80R:N149H:I171S:T203I,6,2.659147871031196,456.1922164061792,0.11260716314576685,4
avGFP,S30C:S65T:Q69H:S72A:R73L:Y145L,6,2.658650782987034,455.6703631986872,0.11247834812621844,4
sfGFP,Y39N:S65T:S72A:I167V:S202T:T203I,6,2.65805268285338,455.0432566219954,2.4261435404631615,3
sfGFP,S65T:S72A:Y145L:N164T:T203I,5,2.6578719011760485,454.85387737063314,2.4251338315163657,3
avGFP,Y39N:S65T:S72A:K79R:N164T:L178V,6,2.6569941519733487,453.93550410466156,0.11205011293497633,4
avGFP,S65T:S72A:R73L:K79R:S147N:H231Y,6,2.656768964475127,453.7001934848236,0.11199202851265372,4
sfGFP,S65T:S72A:R73L:F99C:K158G,5,2.656496043724621,453.41516730186487,2.417463094527858,3
sfGFP,S30C:S65T:S72A:R73L:K158G:H231Y,6,2.6562051943797997,453.11161438828935,2.415844648523566,4
sfGFP,S65T:Q69H:S72A:S202T:T203I:H231Y,6,2.655797044981459,452.68598070923986,2.413575307343355,4
avGFP,S65T:S72A:R73L:V163A:L178V:H231Y,6,2.6555139686403937,452.3910127954061,0.11166886841000685,4
avGFP,S65T:S72A:V93F:N164T:H231Y,5,2.6554101219844717,452.2828519057145,0.11164216981561292,3
avGFP,S65T:Q69H:S72A:F99C:L178V:T203I,6,2.6552420852057774,452.1078889356464,0.11159898169664383,4
sfGFP,F46Y:S65T:S72A:R73L:Q80R:S202T,6,2.655179147550999,452.0423745215553,2.4101438072120387,3
sfGFP,F46Y:S65T:S72A:R73L:V163A:S202T,6,2.655179147550999,452.0423745215553,2.4101438072120387,3
avGFP,S65T:S72A:V93F:S147N:S202T:H231Y,6,2.654837097683921,451.68648660019926,0.1114949621193009,4
sfGFP,S65T:S72A:V93F:N164T:S202T,5,2.6546491667997025,451.49107201214844,2.4072044404538806,3
avGFP,S30C:S65T:S72A:K79R:F99C,5,2.6543330858671546,451.16259489339836,0.11136564391356037,3
avGFP,F46Y:S65T:S72A:N105Y:N149H:H231Y,6,2.6542011609719287,451.0255668136604,0.11133181969917075,4
avGFP,S65T:S72A:R73L:N105Y:K158G,5,2.6541056976789936,450.9264367169546,0.11130735027910842,3
avGFP,S30C:Y39N:L64M:S65T:S72A:S147N,6,2.6540599293522273,450.8789181277924,0.11129562072009841,4
sfGFP,S65T:S72A:N164T:I167V:L178V:S202T,6,2.654049612493454,450.868207425572,2.4038835278344437,4
avGFP,S65T:S72A:F99C:S147N:M153I:I167V,6,2.6540017527397803,450.81852396583486,0.11128071293560751,4
avGFP,S65T:S72A:F99C:K158G:A206V,5,2.653878106916522,450.6901919339489,0.11124903526656428,3
avGFP,F46Y:S65T:S72A:Q80R:T203I:A206V,6,2.653630009604593,450.43280184990306,0.11118550071655688,4
avGFP,S30C:S65T:S72A:F99C:M153I,5,2.6535682021914977,450.3687022436379,0.1111696782746986,3
avGFP,S65T:Q69H:S72A:S147N:K158G:I171S,6,2.653199881778981,449.98691137941637,0.11107543645164945,4
avGFP,S65T:S72A:K79R:V93F:S202T:H231Y,6,2.6530962531279254,449.8795511076644,0.1110489354829749,4
avGFP,Y39N:S65T:S72A:N149H:I171S:S202T,6,2.6530662099137747,449.8484308407089,0.11104125371013404,4
avGFP,S30C:S65T:S72A:Q80R:N164T,5,2.652987651431046,449.76706620077096,0.11102116954176318,3
avGFP,S65T:S72A:Q80R:F99C:K158G,5,2.6527433793614335,449.5141625947112,0.11095874244063444,3
sfGFP,S30C:F46Y:S65T:S72A:F99C,5,2.6525861047813946,449.35140586035703,2.3957964322318652,3
sfGFP,F46Y:S65T:S72A:T203I:H231Y,5,2.6523314838761545,449.08803449992354,2.394392221279258,3
avGFP,S65T:S72A:K79R:K158G:I171S,5,2.6521245578272707,448.8741108110399,0.11080075110927547,3
avGFP,S65T:S72A:Q80R:V163A:N164T,5,2.652037744681982,448.7843922433016,0.11077860484497903,2
avGFP,S65T:S72A:R73L:S147N:I167V:T203I,6,2.6517495497525676,448.48668069639365,0.11070511728528952,4
sfGFP,S30C:S65T:Q69H:S72A:R73L:Y145L,6,2.6517392310916192,448.47602496114,2.3911291842654934,4
avGFP,S65T:S72A:V93F:Y145L:A206V,5,2.6511146794160454,447.8315425650014,0.11054340201748887,3
avGFP,S65T:S72A:F99C:S147N:I167V:T203I,6,2.6508508112238434,447.55953218174295,0.11047625857114461,4
avGFP,L64M:S65T:S72A:Q80R:I171S:A206V,6,2.650712208811831,447.4167191007142,0.11044100637845829,4
sfGFP,S65T:S72A:F99C:N149H:N164T:H231Y,6,2.650602945258795,447.30416830086415,2.384881223384186,4
avGFP,L64M:S65T:S72A:V163A:I167V:T203I,6,2.65047881777441,447.17634073306357,0.11038167102575108,4
avGFP,Y39N:S65T:S72A:N164T:A206V,5,2.65027491997904,446.9664442839271,0.1103298598750089,3
avGFP,Y39N:S65T:S72A:Q80R:L178V:H231Y,6,2.650155682971329,446.8437449909333,0.11029957259958612,4
avGFP,L64M:S65T:Q69H:S72A:S202T:H231Y,6,2.649753453621212,446.43008451261056,0.11019746403373551,4
avGFP,L64M:S65T:S72A:N105Y:M153I:H231Y,6,2.649682759711405,446.3574210988567,0.11017952768893821,4
avGFP,F46Y:S65T:Q69H:S72A:M153I:A206V,6,2.6495204016380876,446.1905845640933,0.1101383455113097,4
avGFP,F46Y:L64M:S65T:Q69H:S72A,5,2.64951974323851,446.1899081302864,0.11013817853938579,3
avGFP,S65T:S72A:R73L:F99C:S147N:L178V,6,2.649516963421166,446.18705218224324,0.11013747357293598,4
sfGFP,S30C:S65T:S72A:R73L:L178V:S202T,6,2.649071733162792,445.72986428217416,2.3764875432887513,4
sfGFP,S65T:S72A:Q80R:N164T:T203I:H231Y,6,2.648733139020012,445.38249006832706,2.374635456277716,3
sfGFP,S65T:S72A:N164T:T203I:H231Y,5,2.648733139020012,445.38249006832706,2.374635456277716,3
avGFP,S65T:Q69H:S72A:N164T:S202T:H231Y,6,2.648710081626591,445.3588446223899,0.10993303759078427,4
avGFP,L64M:S65T:S72A:M153I:N164T:S202T,6,2.648678748381369,445.32671427053964,0.10992510648709022,4
avGFP,S30C:L64M:S65T:S72A:N105Y:I171S,6,2.6485099709795343,445.1536830990374,0.10988239521614361,4
avGFP,S65T:S72A:V93F:M153I:V163A:N164T,6,2.648300472195433,444.93899774321517,0.10982940196457407,4
sfGFP,S65T:S72A:S147N:K158G:T203I,5,2.6482358678023687,444.8728148254236,2.3719180326475238,3
avGFP,S30C:S65T:S72A:S147N:K158G,5,2.648186529272237,444.822277402203,0.1098005905425241,3
avGFP,S65T:S72A:R73L:V93F:T203I,5,2.6481411310964367,444.7757811528836,0.10978911333939684,3
avGFP,L64M:S65T:S72A:L178V:T203I,5,2.648112829094509,444.7467970525054,0.10978195886108147,3
avGFP,L64M:S65T:S72A:I171S:T203I,5,2.647776565113217,444.4025733692874,0.10969699017669632,3
avGFP,S65T:S72A:N149H:K158G:I171S,5,2.6471984750164244,443.8114219040016,0.10955106947243769,3
avGFP,S65T:Q69H:S72A:K79R:M153I:K158G,6,2.646743170388286,443.34638373907717,0.1094362787622428,4
sfGFP,S65T:S72A:I167V:S202T:H231Y,5,2.646533780375091,443.13268097839614,2.3626402015159353,3
avGFP,S65T:S72A:R73L:F99C:S147N:I167V,6,2.6464564616212125,443.0537957556277,0.10936405591055465,4
avGFP,Y39N:S65T:S72A:V163A:S202T,5,2.6464260204272865,443.0227416796236,0.1093563904763864,3
avGFP,S30C:S65T:S72A:F99C:Y145L:V163A,6,2.646375328217062,442.9710336974369,0.10934362680139013,4
avGFP,Y39N:L64M:S65T:S72A:V93F,5,2.646013784056089,442.6024198811158,0.10925263762038381,3
avGFP,Y39N:S65T:S72A:R73L:N149H:A206V,6,2.6458553196304035,442.44095353263265,0.10921278102749972,4
sfGFP,S65T:S72A:R73L:K79R:K158G:I171S,6,2.645851198640806,442.436755261661,2.3589297505692866,4
avGFP,S65T:S72A:Q80R:N105Y:K158G:T203I,6,2.6457721332011834,442.3562148128691,0.10919186399626155,4
avGFP,S65T:S72A:N164T:I167V:H231Y,5,2.645634003640011,442.21554354847416,0.10915714049276902,3
sfGFP,S65T:S72A:S202T:T203I,4,2.6451298547408837,441.70249736003626,2.3550149248046215,2
avGFP,S65T:S72A:Q80R:M153I:H231Y,5,2.6441020376397484,440.6583841857729,0.10877276896670263,3
avGFP,S30C:S65T:S72A:F99C:M153I:A206V,6,2.6430128394005235,439.5546101557044,0.10850031174842925,4
avGFP,S65T:S72A:M153I:V163A:H231Y,5,2.6428206980910796,439.36018466349975,0.1084523194716367,3
avGFP,S65T:S72A:Y145L:M153I:K158G:I167V,6,2.641179531478471,437.7030082815023,0.1080432595962206,4
avGFP,S65T:Q69H:S72A:R73L:V163A,5,2.640831593840306,437.3524803144579,0.1079567347530677,3
sfGFP,S65T:S72A:R73L:K158G:L178V,5,2.6404949260339095,437.01357330690314,2.3300150975625242,3
avGFP,S65T:S72A:Q80R:N164T:T203I,5,2.6404745854385365,436.993105839607,0.1078680262248101,3
avGFP,S30C:Y39N:S65T:S72A:Q80R:M153I,6,2.6400729003210888,436.5891115854626,0.1077683036840689,4
sfGFP,S65T:S72A:S147N:V163A:N164T:S202T,6,2.6397609728710973,436.2756486260182,2.32608072171622,3
avGFP,S65T:S72A:Q80R:N149H:I171S:L178V,6,2.6396825039630003,436.19682887890997,0.10767147203910127,4
avGFP,S65T:S72A:Q80R:Y145L:K158G:T203I,6,2.6395661908901076,436.080021960384,0.10764263924612942,4
avGFP,S65T:S72A:M153I:I167V:A206V:H231Y,6,2.6394799820176598,435.993467243387,0.10762127395144136,4
avGFP,S65T:S72A:K158G:I171S,4,2.639215983288799,435.7285162733983,0.10755587306113644,2
avGFP,L64M:S65T:Q69H:S72A:Y145L:N149H,6,2.6388522055901196,435.36369020159043,0.10746581885260227,4
avGFP,F46Y:S65T:S72A:V93F:S147N:V163A,6,2.638489452903133,435.0001962668614,0.10737609347075998,4
sfGFP,S65T:S72A:R73L:F99C:N105Y:T203I,6,2.638468735083257,434.97944527616613,2.319169784484196,4
avGFP,F46Y:L64M:S65T:S72A:T203I,5,2.638329416987301,434.8399298284968,0.10733653306546878,3
avGFP,S65T:S72A:N105Y:V163A:H231Y,5,2.638317665145278,434.828163386061,0.1073336286193705,3
avGFP,S30C:S65T:Q69H:S72A:Q80R,5,2.638029744203353,434.53998416989987,0.10726249403433719,3
sfGFP,S30C:S65T:Q69H:S72A:F99C,5,2.637953697314012,434.46390095347186,2.3164210688178826,3
sfGFP,F46Y:S65T:S72A:Y145L:T203I:H231Y,6,2.6379053821261973,434.4155696062935,2.316163381699016,4
avGFP,F46Y:S65T:S72A:M153I:V163A:A206V,6,2.637898062458772,434.4082479597371,0.10722997607288036,4
avGFP,S30C:S65T:S72A:K79R:N164T,5,2.6375108913521,434.0211480056228,0.10713442374620968,3
avGFP,S65T:S72A:F99C:K158G:S202T:A206V,6,2.6374364731270736,433.9467829890985,0.10711606737526135,4
avGFP,S65T:S72A:N105Y:N164T:I167V:H231Y,6,2.637211330734725,433.7218791483585,0.1070605517777226,4
avGFP,L64M:S65T:Q69H:S72A:S147N:L178V,6,2.6370839676224582,433.5947026091845,0.10702915933221377,4
avGFP,L64M:S65T:S72A:T203I:A206V,5,2.636925688968875,433.4367077825743,0.10699015965493641,3
sfGFP,F46Y:S65T:S72A:V93F:S147N:K158G,6,2.636502374164864,433.0144348987437,2.3086929843893715,4
avGFP,F46Y:S65T:S72A:K79R:F99C:N105Y,6,2.636409937080532,432.92228007271956,0.10686317755623542,4
avGFP,Y39N:S65T:S72A:K79R:F99C:L178V,6,2.6360637488024152,432.57732312074364,0.10677802787070279,4
avGFP,L64M:S65T:S72A:K158G:T203I:A206V,6,2.6358842388145773,432.3985598454883,0.10673390167876613,4
sfGFP,S30C:S65T:Q69H:S72A:N149H:A206V,6,2.6349938700154514,431.51298606051995,2.3006877445639664,3
avGFP,L64M:S65T:S72A:S147N:N149H:A206V,6,2.634959757197176,431.47909305337896,0.10650693913240392,4
sfGFP,S65T:S72A:R73L:I167V:S202T,5,2.6348251663457294,431.3453954283075,2.299794205490774,3
sfGFP,S65T:S72A:R73L:I167V:S202T:A206V,6,2.6348251663457294,431.3453954283075,2.299794205490774,3
avGFP,L64M:S65T:S72A:F99C:N105Y,5,2.6347931176377477,431.3135655222567,0.1064660800711752,3
sfGFP,S65T:S72A:F99C:V163A:S202T:T203I,6,2.634232239557675,430.7568967425394,2.296656520744831,3
avGFP,S65T:S72A:Q80R:V163A:I171S:A206V,6,2.633490555864173,430.0218823046774,0.10614723907042237,3
avGFP,Y39N:S65T:S72A:V93F:I171S,5,2.633436410831246,429.9682732937738,0.10613400614267875,3
sfGFP,S65T:S72A:K79R:V163A:N164T:I171S,6,2.63338366020694,429.9160513144621,2.2921734047461415,3
avGFP,S65T:S72A:S147N:N149H:V163A:S202T,6,2.6327921813723947,429.33093413227476,0.10597668439899909,4
sfGFP,S65T:S72A:R73L:K79R:L178V,5,2.6324039932336794,428.94735404676953,2.2870086240698533,3
sfGFP,S30C:S65T:S72A:N149H:N164T:T203I,6,2.632049007775225,428.5968825007431,2.285140023084926,4
avGFP,S30C:S65T:S72A:N105Y:N149H:S202T,6,2.631890901619418,428.44087897088315,0.1057569818631752,4
sfGFP,S65T:S72A:S147N:N164T:I167V:A206V,6,2.631715020304585,428.2674033876683,2.283383346966181,3
sfGFP,S65T:S72A:S147N:N164T:I167V,5,2.631715020304585,428.2674033876683,2.283383346966181,3
sfGFP,S30C:S65T:S72A:R73L:N149H:N164T,6,2.6314311305099634,427.9875448551821,2.2818912317420694,4
sfGFP,S30C:S65T:S72A:R73L:Y145L,5,2.6310543099839383,427.61635767018834,2.2799121816670054,3
sfGFP,S30C:Y39N:S65T:S72A:R73L:Y145L,6,2.6310543099839383,427.61635767018834,2.2799121816670054,3
avGFP,L64M:S65T:S72A:I167V:T203I:A206V,6,2.6308914484586716,427.4560305217612,0.10551388041164717,4
sfGFP,S65T:S72A:Y145L:N164T:I167V,5,2.630841163687795,427.4065404058914,2.2787935038423286,3
avGFP,S65T:S72A:V93F:N149H:S202T:H231Y,6,2.630750851974172,427.31767028310514,0.10547972736517486,4
avGFP,S65T:S72A:K79R:V93F:I171S:H231Y,6,2.630526614009215,427.0970915845983,0.1054252793921583,4
sfGFP,S65T:S72A:R73L:S147N:H231Y,5,2.629458614928451,426.04808239802486,2.27155064489911,3
avGFP,Y39N:S65T:S72A:K79R:V163A:A206V,6,2.6294497511047568,426.0393869696751,0.10516419401663177,4
sfGFP,S65T:S72A:R73L:V93F:M153I:K158G,6,2.6293941316546405,425.9848282310253,2.2712133941291226,4
sfGFP,S65T:S72A:K158G:H231Y,4,2.62933153197143,425.9234307354716,2.27088604253107,2
sfGFP,S65T:S72A:K158G:A206V:H231Y,5,2.62933153197143,425.9234307354716,2.27088604253107,2
avGFP,S65T:S72A:M153I:N164T:L178V:S202T,6,2.6283571906415344,424.9689409919097,0.1048999635442082,4
avGFP,S65T:S72A:Y145L:N149H:M153I:S202T,6,2.6280411618765607,424.6598107537413,0.10482365737783617,4
avGFP,L64M:S65T:S72A:S147N:K158G,5,2.627982120630827,424.6020832414336,0.104809407833099,3
sfGFP,S65T:S72A:Q80R:N164T:L178V:S202T,6,2.627867568365676,424.49010227383934,2.2632439985320754,3
sfGFP,L64M:S65T:S72A:K79R:K158G:S202T,6,2.62768217695132,424.3089348193144,2.2622780722313527,4
avGFP,S65T:S72A:F99C:N149H:T203I,5,2.627303565053096,423.9391893752569,0.10464577812822384,3
avGFP,S65T:S72A:Y145L:K158G:I167V:S202T,6,2.6267543205331596,423.4033798956953,0.10451351812178322,4
sfGFP,S30C:S65T:S72A:N105Y:Y145L,5,2.626597843807893,423.25085472423507,2.2566367312146194,3
avGFP,S65T:S72A:N149H:M153I:K158G:I171S,6,2.626044694495011,422.712114547448,0.10434288515820413,4
sfGFP,S30C:S65T:S72A:V93F:N164T:H231Y,6,2.6259097257032864,422.58076570174944,2.253064033169367,4
sfGFP,S65T:S72A:V93F:F99C:N164T,5,2.6251334210848882,421.82607414756717,2.249040261774942,3
avGFP,F46Y:S65T:S72A:K79R:M153I:A206V,6,2.6249601289047906,421.6577906878803,0.1040826342933426,4
sfGFP,S65T:S72A:R73L:N149H:S202T,5,2.6240637142012693,420.7883566094884,2.2435074873294423,3
avGFP,L64M:S65T:S72A:V93F:N149H:A206V,6,2.6236954797764773,420.4317251217889,0.10377999045098177,4
avGFP,S30C:S65T:S72A:N105Y:Y145L:T203I,6,2.622638499282876,419.409727799385,0.10352771911648796,4
sfGFP,S65T:S72A:S147N:T203I,4,2.621796246957925,418.59713054917813,2.231824578343204,2
sfGFP,Y39N:S65T:S72A:Q80R:S147N:T203I,6,2.621796246957925,418.59713054917813,2.231824578343204,2
sfGFP,Y39N:S65T:S72A:F99C:V163A:H231Y,6,2.621262412579569,418.08290744672104,2.2290829069960787,2
sfGFP,S65T:S72A:F99C:H231Y,4,2.621262412579569,418.08290744672104,2.2290829069960787,2
avGFP,F46Y:S65T:S72A:L178V:S202T:A206V,6,2.621062518732244,417.89051962162637,0.10315271551718734,4
avGFP,S65T:S72A:S147N:N149H:M153I:T203I,6,2.6209697438393893,417.80125851181293,0.10313068217248339,4
avGFP,S65T:S72A:F99C:K158G:I171S:L178V,6,2.6208522740805695,417.6882651900728,0.10310279073339701,4
sfGFP,S65T:S72A:V93F:S202T:T203I,5,2.620563347452807,417.4104787282551,2.225497734448223,3
avGFP,S65T:S72A:R73L:V93F:H231Y,5,2.6195134529381243,416.40261953561463,0.10278544005367758,3
avGFP,S65T:Q69H:S72A:R73L:K79R:N164T,6,2.6194441568516633,416.33618357754693,0.10276904090327599,4
sfGFP,S65T:S72A:N149H:K158G:N164T:H231Y,6,2.619241404178665,416.1418601949633,2.2187338705406328,4
avGFP,F46Y:S65T:S72A:K79R:Q80R:F99C,6,2.6188043100282794,415.72324637824227,0.10261774257612796,4
avGFP,S65T:Q69H:S72A:N149H:M153I:V163A,6,2.6186744341192827,415.5989427908358,0.10258705929429349,4
sfGFP,S65T:S72A:K79R:K158G:I167V:H231Y,6,2.6184074224391987,415.3435039802801,2.214477293292085,4
avGFP,F46Y:S65T:S72A:Q80R:M153I:S202T,6,2.6183744137748923,415.31193688959485,0.10251621433205488,4
sfGFP,S65T:S72A:K79R:I167V:L178V:S202T,6,2.6183624585052026,415.300504329252,2.2142480330534906,4
sfGFP,S30C:S65T:S72A:R73L:N105Y:L178V,6,2.6182218173786143,415.1660359516129,2.213531091134106,4
avGFP,Y39N:S65T:S72A:R73L:Q80R:S202T,6,2.6179746140724904,414.929787927435,0.10242188411557963,4
sfGFP,Y39N:S65T:S72A:V93F:L178V:H231Y,6,2.617760114685931,414.72490342377586,2.211179115102541,3
sfGFP,S65T:S72A:Q80R:V93F:L178V:H231Y,6,2.617760114685931,414.72490342377586,2.211179115102541,3
avGFP,S65T:S72A:V163A:S202T:H231Y,5,2.61759417072523,414.56646727193817,0.10233220150623995,3
sfGFP,S65T:S72A:R73L:K79R:S147N,5,2.6170663988243015,414.0629756313017,2.207649930097393,3
avGFP,S65T:S72A:Q80R:V93F:N149H,5,2.616945737754265,413.9479515082804,0.10217952615799503,3
avGFP,S65T:S72A:V93F:N149H:K158G,5,2.616920275041536,413.9236824253613,0.10217353554158075,3
avGFP,L64M:S65T:Q69H:S72A:K79R:N164T,6,2.6168815805889216,413.88680459824457,0.1021644325640523,4
avGFP,Y39N:S65T:S72A:V93F:Y145L,5,2.6167572155120324,413.7683004560513,0.10213518082587376,3
avGFP,S30C:S65T:S72A:F99C:Y145L:A206V,6,2.616697406965666,413.71132258114636,0.10212111632274465,4
avGFP,S30C:Y39N:S65T:S72A:R73L:V163A,6,2.616447092714433,413.4729405473508,0.1020622737480464,4
avGFP,S65T:S72A:R73L:M153I:A206V,5,2.6164186692731946,413.44588070720096,0.10205559425697912,3
avGFP,S65T:S72A:R73L:Y145L,4,2.6161531428096625,413.1931782803233,0.10199321681521802,2
avGFP,S65T:S72A:N164T:L178V:H231Y,5,2.616118326235911,413.16005468623695,0.10198504053813762,3
avGFP,S65T:Q69H:S72A:L178V:S202T:T203I,6,2.615446684581574,412.5215915012549,0.1018274413388347,4
avGFP,S65T:S72A:N164T:S202T:A206V,5,2.6152372201301533,412.3226762998044,0.10177834081555448,3
avGFP,Y39N:S65T:Q69H:S72A:V93F:S202T,6,2.6146616918006194,411.7766269649289,0.10164355318804437,4
sfGFP,F46Y:S65T:S72A:S202T:T203I,5,2.6145492083331234,411.66998949420463,2.1948913016055993,3
avGFP,S65T:Q69H:S72A:V93F:V163A,5,2.613827975640405,410.98689665105456,0.1014486149863447,3
avGFP,F46Y:S65T:Q69H:S72A:Y145L:A206V,6,2.6137480863795197,410.9113018160412,0.10142995504517696,4
avGFP,Y39N:S65T:S72A:V93F:A206V:H231Y,6,2.613459201154724,410.63806156816753,0.10136250801722745,4
avGFP,S65T:S72A:R73L:K79R:N164T:T203I,6,2.6132925373381384,410.48050631658583,0.10132361684530192,4
sfGFP,S65T:S72A:F99C:S147N:T203I,5,2.61321139354834,410.40381910579595,2.1881404904151034,3
sfGFP,S65T:S72A:F99C:S147N:V163A:T203I,6,2.61321139354834,410.40381910579595,2.1881404904151034,3
avGFP,S65T:S72A:N105Y:M153I:H231Y,5,2.6131479702873484,410.34388915252043,0.10128989406194622,3
avGFP,F46Y:S65T:Q69H:S72A:V93F:V163A,6,2.6128065956441975,410.021467468479,0.10121030701536614,4
avGFP,S65T:S72A:Q80R:N105Y:V163A:H231Y,6,2.6115785306154997,408.8636775575599,0.10092451643696815,2
avGFP,L64M:S65T:Q69H:S72A:F99C,5,2.6115747740391115,408.8601409687743,0.1009236434601482,3
sfGFP,S65T:S72A:V93F:N105Y:K158G:T203I,6,2.6114887247114384,408.7791391220637,2.1794782219593243,4
avGFP,S65T:S72A:V93F:N164T:S202T,5,2.611130144335025,408.4417650878453,0.1008203709373262,3
sfGFP,S30C:S65T:S72A:R73L:N105Y:H231Y,6,2.6111006475046294,408.4140250891863,2.177531551968049,4
avGFP,S65T:Q69H:S72A:F99C:N105Y:H231Y,6,2.6110402400173407,408.35722135270834,0.10079950203638238,4
avGFP,L64M:S65T:S72A:K79R:A206V,5,2.610936934970247,408.26009751888023,0.10077552784522371,3
sfGFP,Y39N:S65T:S72A:Y145L:N164T:S202T,6,2.610796818365416,408.1284016437308,2.176008700091635,3
avGFP,S30C:F46Y:S65T:S72A:R73L,5,2.610607514294833,407.95054183902477,0.10069911666219478,3
sfGFP,S65T:S72A:S147N:H231Y,4,2.6105846783457607,407.9290916634737,2.1749460437087222,2
sfGFP,S65T:S72A:Q80R:S147N:H231Y,5,2.6105846783457607,407.9290916634737,2.1749460437087222,2
sfGFP,S65T:S72A:F99C:S147N:L178V:H231Y,6,2.610130488741492,407.50269825571894,2.1726726519006556,4
sfGFP,F46Y:S65T:Q69H:S72A:S147N:I171S,6,2.609903833716876,407.29008114800024,2.171539046215972,4
avGFP,S65T:S72A:R73L:N149H:M153I,5,2.609781995219792,407.1758345865269,0.10050788677524168,3
avGFP,S65T:S72A:R73L:V93F:N164T:I171S,6,2.609174170527799,406.60636288771485,0.10036731753668648,4
avGFP,S65T:S72A:V93F:N149H:N164T,5,2.6091521972608613,406.5857910303573,0.10036223954891212,3
sfGFP,S30C:S65T:S72A:V93F:K158G,5,2.6090644925935758,406.5036903530896,2.1673462647175374,3
avGFP,Y39N:S65T:S72A:Y145L:I171S:H231Y,6,2.609044977108785,406.48542408750666,0.10033746482391338,4
avGFP,S65T:S72A:M153I:T203I:H231Y,5,2.6086480383910535,406.11407216725564,0.10024579976527291,3
avGFP,S65T:S72A:V93F:K158G,4,2.6083153813036,405.80311956906996,0.10016904376485199,2
avGFP,S30C:S65T:S72A:R73L:Y145L,5,2.6077101799677163,405.2380155676803,0.10002955265520501,3
avGFP,S30C:L64M:S65T:S72A:K158G,5,2.607682622685869,405.2123028211799,0.10002320568273164,3
avGFP,S65T:S72A:N149H:N164T:S202T:H231Y,6,2.607531513610328,405.0713371681129,0.09998840951190278,4
avGFP,S65T:Q69H:S72A:K158G:A206V:H231Y,6,2.6070672897251437,404.63858167124533,0.09988158750336022,4
avGFP,F46Y:L64M:S65T:S72A:S147N,5,2.606916504706183,404.4981174282332,0.09984691510133278,3
sfGFP,Y39N:S65T:S72A:N164T:L178V,5,2.606724450264549,404.3192791313845,2.155699690247679,2
sfGFP,S65T:S72A:N164T:L178V,4,2.606724450264549,404.3192791313845,2.155699690247679,2
avGFP,S65T:S72A:K79R:N164T:H231Y,5,2.6065913415869333,404.1953766639254,0.0997721861221629,3
sfGFP,Y39N:S65T:Q69H:S72A:N164T:T203I,6,2.605984778314512,403.63124575689034,2.1520313187184668,3
avGFP,S65T:S72A:Y145L:K158G:S202T,5,2.6057729035963875,403.43437841760374,0.09958434018662225,3
avGFP,S65T:S72A:N149H:M153I:K158G,5,2.6056937087182126,403.36081767742377,0.09956618234443936,3
avGFP,S65T:S72A:R73L:Y145L:S147N:A206V,6,2.604813017443294,402.54368454555436,0.09936447999051251,4
avGFP,S65T:S72A:F99C:N105Y:Y145L:A206V,6,2.6047782381907783,402.51144925712754,0.0993565229841183,4
sfGFP,Y39N:S65T:Q69H:S72A:R73L:Y145L,6,2.6043163754648995,402.0836146312034,2.14377984986586,3
sfGFP,Y39N:F46Y:S65T:S72A:Y145L:K158G,6,2.6041898355254904,401.9664770052407,2.143155309911825,3
avGFP,S65T:S72A:K79R:V163A:S202T,5,2.6040821384087027,401.8668090029464,0.09919739902789483,3
avGFP,S65T:Q69H:S72A:F99C:K158G:A206V,6,2.6039386673747775,401.7340725152747,0.09916463415645448,4
avGFP,L64M:S65T:S72A:V163A:T203I:H231Y,6,2.603739266796055,401.54966395634597,0.09911911447432496,4
avGFP,Y39N:S65T:S72A:N164T:I167V,5,2.6036438785143736,401.46147741952507,0.09909734637881189,3
avGFP,L64M:S65T:S72A:V93F:L178V:T203I,6,2.6034210081452063,401.2555090793245,0.09904650484830411,4
sfGFP,S65T:S72A:R73L:V93F:F99C,5,2.602994255362025,400.8614151907429,2.137263477555141,3
avGFP,Y39N:S65T:S72A:Y145L:V163A:I167V,6,2.6028238350736492,400.70414513795305,0.09891040535544597,4
avGFP,F46Y:L64M:S65T:S72A:M153I:S202T,6,2.6025454552211946,400.4473787678105,0.09884702476390331,4
avGFP,S65T:Q69H:S72A:Q80R:K158G,5,2.602416468100556,400.3284620263761,0.09881767117911626,3
avGFP,Y39N:S65T:S72A:K79R:I167V:S202T,6,2.6022483994147425,400.17356790719083,0.09877943688505744,4
sfGFP,S65T:S72A:K79R:N164T:H231Y,5,2.6018886449381466,399.84221527104086,2.1318294330645537,3
avGFP,S30C:S65T:S72A:M153I:L178V:H231Y,6,2.601594242929935,399.5712598096549,0.09863076226115099,4
avGFP,L64M:S65T:S72A:Q80R:F99C:S147N,6,2.601436593522014,399.4262412947474,0.09859496567589578,4
sfGFP,S65T:S72A:K158G:N164T:H231Y,5,2.6010986936514975,399.1155912871338,2.1279553088813086,3
avGFP,S65T:Q69H:S72A:Q80R:F99C,5,2.6007520819476535,398.7971830375801,0.0984396880029204,3
avGFP,S65T:S72A:R73L:F99C:I167V:A206V,6,2.600656635726044,398.7095477957896,0.0984180559898901,4
avGFP,S65T:Q69H:S72A:R73L:V93F:N105Y,6,2.600382138652507,398.4576219055973,0.09835587022959587,4
avGFP,F46Y:S65T:S72A:V93F:V163A,5,2.6001701308750462,398.2631559325648,0.09830786796045572,3
avGFP,S65T:S72A:F99C:N105Y:N149H:M153I,6,2.600032961531949,398.13738673341106,0.09827682290484432,4
avGFP,L64M:S65T:S72A:V93F:N105Y:L178V,6,2.599711988152225,397.8432446334523,0.09820421643273257,4
avGFP,S30C:S65T:S72A:Y145L:K158G:S202T,6,2.5990193112472353,397.2092112981439,0.09804771070409173,4
avGFP,S65T:S72A:N149H:N164T:T203I,5,2.5985547973026244,396.78459024841806,0.09794289661454349,3
avGFP,Y39N:L64M:S65T:S72A:V93F:L178V,6,2.5984710773302417,396.70810851840645,0.09792401775089928,4
sfGFP,S65T:S72A:R73L:N105Y:S147N:N164T,6,2.5982798007692667,396.5334246157204,2.1141880309377683,4
sfGFP,S65T:S72A:R73L:I171S:S202T:H231Y,6,2.5978571158746275,396.1476790947462,2.112131360521594,4
avGFP,S30C:L64M:S65T:S72A:K79R:N149H,6,2.59762363355263,395.93476222512805,0.09773312380513796,4
avGFP,F46Y:S65T:S72A:S147N:S202T,5,2.597035544572396,395.3989799371491,0.09760087051070791,3
avGFP,S65T:S72A:S147N:K158G:L178V:A206V,6,2.596917478332392,395.2915023435288,0.09757434058212944,4
avGFP,S65T:S72A:R73L:K79R:N105Y:Y145L,6,2.596697969112392,395.0917572208714,0.09752503519986788,4
avGFP,S65T:S72A:F99C:H231Y,4,2.5965409850886925,394.94896957792764,0.09748978928635617,2
sfGFP,S65T:S72A:N105Y:N149H:T203I,5,2.596043334138049,394.49666320170525,2.1033286775111066,3
avGFP,S65T:S72A:R73L:K79R:N149H:A206V,6,2.5959207994424953,394.38537302473594,0.09735067027745765,4
avGFP,S65T:S72A:K79R:M153I:T203I:H231Y,6,2.595194613730018,393.7264705390589,0.0971880258108635,4
avGFP,S65T:S72A:Q80R:F99C:S202T:T203I,6,2.594417103632841,393.02221926213883,0.09701418738139511,4
avGFP,F46Y:L64M:S65T:S72A:R73L,5,2.594253738276975,392.87440679176996,0.0969777011320309,3
avGFP,S30C:F46Y:L64M:S65T:S72A:S147N,6,2.5942252832938584,392.8486664960625,0.09697134735927042,4
avGFP,S65T:S72A:K79R:K158G,4,2.594066670361305,392.7052165918128,0.09693593797219593,2
avGFP,S65T:S72A:V93F:Y145L:I171S:H231Y,6,2.593737312389099,392.4075117687635,0.09686245207223367,4
avGFP,S65T:Q69H:S72A:R73L:S202T:T203I,6,2.593434065276708,392.13360796689716,0.09679484125163267,4
avGFP,S30C:S65T:S72A:R73L:M153I,5,2.59308157306513,391.815464473653,0.09671631024001273,3
avGFP,S65T:S72A:V93F:N149H:V163A,5,2.5928598780635843,391.61550484554346,0.09666695190890731,3
avGFP,S30C:S65T:S72A:F99C,4,2.592785943430873,391.54884158987346,0.09665049665202853,2
avGFP,S65T:S72A:M153I:N164T:T203I,5,2.5925166955251138,391.3061697688472,0.09659059517988931,3
sfGFP,S65T:S72A:N164T:L178V:T203I:A206V,6,2.592464746558165,391.2593657305917,2.0860684539305945,3
sfGFP,S65T:S72A:R73L:Y145L,4,2.591669918149066,390.5439533309827,2.0822541062904087,2
avGFP,Y39N:L64M:S65T:S72A:R73L:H231Y,6,2.59164611143548,390.52254547617554,0.09639716419751741,4
avGFP,S30C:S65T:S72A:K79R:Q80R:T203I,6,2.5912019177659174,390.1233256629492,0.09629862018685202,4
avGFP,S65T:Q69H:S72A:V93F:N164T:T203I,6,2.5909864270375116,389.9298000486363,0.09625085003725259,4
sfGFP,S65T:S72A:F99C:L178V:H231Y,5,2.590982548490525,389.92631772417485,2.0789610729007024,3
sfGFP,Y39N:S65T:S72A:F99C:L178V:H231Y,6,2.590982548490525,389.92631772417485,2.0789610729007024,3
avGFP,F46Y:S65T:S72A:V93F:S202T:T203I,6,2.590216265489173,389.2389259296246,0.09608031364527814,4
sfGFP,S65T:S72A:K158G:N164T:T203I,5,2.5902095989350893,389.2329510380628,2.075264265878067,3
sfGFP,S65T:S72A:Q80R:K158G:N164T:T203I,6,2.5902095989350893,389.2329510380628,2.075264265878067,3
avGFP,S65T:Q69H:S72A:V93F:N164T:A206V,6,2.590027408133441,389.06969823676604,0.09603854123063979,4
avGFP,Y39N:S65T:S72A:Q80R:L178V:T203I,6,2.58966854870604,388.74834103336616,0.09595921694203971,4
avGFP,Y39N:S65T:S72A:R73L:F99C,5,2.5893661257515737,388.4777285750513,0.09589241856156139,3
avGFP,Y39N:S65T:S72A:R73L:V93F,5,2.5891476415431622,388.28234294059916,0.09584418928183275,3
avGFP,Y39N:S65T:S72A:S202T:A206V:H231Y,6,2.58913701040367,388.272838253344,0.09584184313073699,4
avGFP,S65T:S72A:S147N:K158G:T203I:H231Y,6,2.5885732155983607,387.76911511294645,0.0957175033638337,4
avGFP,S65T:S72A:Q80R:S147N:L178V:H231Y,6,2.587969255305576,387.23023104225206,0.09558448442075881,4
avGFP,S65T:S72A:V93F:V163A:I171S:S202T,6,2.5877182075826397,387.00645390547425,0.09552924694049678,4
sfGFP,S65T:S72A:F99C:N164T:L178V,5,2.587619795279775,386.9187671329095,2.062925785412252,3
sfGFP,Y39N:S65T:S72A:F99C:N164T:L178V,6,2.587619795279775,386.9187671329095,2.062925785412252,3
avGFP,F46Y:S65T:S72A:Q80R:I171S,5,2.5874696385569687,386.7850136225326,0.09547458629270077,3
avGFP,S65T:S72A:V93F:M153I:K158G,5,2.586954714909641,386.3266915979659,0.09536145340455056,3
avGFP,L64M:S65T:S72A:V93F:T203I,5,2.5864898109140646,385.91335748362883,0.09525942539887011,3
avGFP,S65T:S72A:S147N:M153I:N164T:T203I,6,2.5860319388397706,385.506707517632,0.0951590473182773,4
avGFP,Y39N:S65T:S72A:K79R:Y145L:H231Y,6,2.586001691948675,385.47985943679134,0.09515242009819191,4
sfGFP,S30C:S65T:S72A:Q80R:N164T:I167V,6,2.585832905660451,385.3300738059099,2.054455386176605,3
avGFP,S30C:S65T:S72A:S147N:M153I:T203I,6,2.5857416179813177,385.2490868421834,0.09509545584874611,4
avGFP,S65T:S72A:V93F:N149H:T203I,5,2.5855308085581328,385.0621297579669,0.0950493070848556,3
avGFP,S30C:S65T:S72A:V163A:T203I:H231Y,6,2.585349313725625,384.901243104804,0.09500959358482391,4
avGFP,S30C:Y39N:S65T:S72A:N149H:V163A,6,2.584023583727129,383.72808271922895,0.0947200089356703,4
sfGFP,S65T:S72A:N164T:S202T,4,2.583352684510262,383.13575623556216,2.042755994258253,2
sfGFP,S65T:S72A:Q80R:N164T:S202T,5,2.583352684510262,383.13575623556216,2.042755994258253,2
sfGFP,S65T:S72A:R73L:K79R:V93F:Y145L,6,2.5829229350636806,382.7568176390326,2.040735616162713,4
avGFP,S65T:S72A:Q80R:N105Y:A206V:H231Y,6,2.582268001658421,382.1800400987017,0.09433788779976054,4
avGFP,S65T:S72A:M153I:K158G:L178V:A206V,6,2.5812245641130835,381.2629150911755,0.09411150330297727,4
avGFP,Y39N:S65T:S72A:F99C:S147N,5,2.580906020866959,380.9833715950692,0.09404250037188745,3
sfGFP,S65T:S72A:T203I:H231Y,4,2.580294825689895,380.44757979050354,2.0284235064718845,2
sfGFP,Y39N:S65T:S72A:V163A:T203I:H231Y,6,2.580294825689895,380.44757979050354,2.0284235064718845,2
sfGFP,Y39N:S65T:S72A:Q80R:T203I:H231Y,6,2.580294825689895,380.44757979050354,2.0284235064718845,2
sfGFP,S65T:S72A:Q80R:T203I:H231Y,5,2.580294825689895,380.44757979050354,2.0284235064718845,2
sfGFP,Y39N:S65T:S72A:T203I:H231Y,5,2.580294825689895,380.44757979050354,2.0284235064718845,2
avGFP,S30C:S65T:S72A:N164T:S202T,5,2.5801159603896977,380.290923737351,0.09387157551591714,3
sfGFP,S65T:S72A:K79R:N164T:S202T:H231Y,6,2.5800259700192965,380.2121316340075,2.027168173015814,4
sfGFP,F46Y:S65T:S72A:I167V:T203I:H231Y,6,2.579898603108969,380.10064197411305,2.026573746191012,4
avGFP,S65T:Q69H:S72A:V93F:K158G,5,2.579594169007131,379.83429032939057,0.09375885944839392,3
sfGFP,S65T:S72A:Y145L:L178V:T203I:H231Y,6,2.57952590157267,379.7745882707761,2.0248353332496416,4
avGFP,F46Y:S65T:S72A:N105Y:V163A,5,2.5792023832630657,379.49178872611003,0.09367431584477408,3
avGFP,S65T:S72A:N149H:V163A:N164T:H231Y,6,2.5791521509150965,379.4478976292176,0.09366348170133483,4
avGFP,L64M:S65T:Q69H:S72A:V163A:S202T,6,2.5783187029971173,378.72040323977103,0.0934839059075052,4
avGFP,S65T:S72A:V93F:N164T:I171S:T203I,6,2.577459230224281,377.9716532155525,0.09329908334127031,4
avGFP,S65T:S72A:F99C:N164T:I171S:A206V,6,2.577426299129879,377.9429939789838,0.09329200905281937,4
avGFP,S30C:S65T:S72A:N149H:M153I:K158G,6,2.5771563987170176,377.70818722029907,0.09323404900433097,4
avGFP,S65T:S72A:Q80R:F99C:N164T:I171S,6,2.5767131078217913,377.3228514976908,0.09313893216318125,4
sfGFP,F46Y:S65T:S72A:R73L:Q80R:H231Y,6,2.5766348738682217,377.2548865545201,2.011401098253678,3
sfGFP,S65T:S72A:K79R:V93F:N164T,5,2.5760685567270194,376.76326927211386,2.0087799538311804,3
avGFP,Y39N:S65T:S72A:N105Y:N164T:S202T,6,2.5757849343412107,376.51729881518486,0.09294008834454694,4
sfGFP,S65T:S72A:K79R:I167V:S202T:H231Y,6,2.575068437289572,375.89663442159764,2.0041593369691073,4
avGFP,F46Y:S65T:S72A:F99C:A206V:H231Y,6,2.5750073074369957,375.84372818011803,0.09277382317020728,4
avGFP,S65T:S72A:F99C:S147N:I171S:T203I,6,2.574803327433289,375.66724285250467,0.09273025927024434,4
sfGFP,S65T:S72A:F99C:Y145L:T203I:H231Y,6,2.5737768621102073,374.78039285975615,1.998207897813713,4
avGFP,S65T:S72A:Q80R:N149H:N164T:L178V,6,2.573709997301825,374.722695395976,0.09249710577548689,4
avGFP,S65T:S72A:Q80R:M153I:A206V:H231Y,6,2.5730075244814845,374.11707007805813,0.09234761232398254,4
sfGFP,S65T:S72A:F99C:N149H:N164T:T203I,6,2.572979340239324,374.0927919340692,1.9945418319617416,4
avGFP,S30C:Y39N:S65T:S72A:K79R:F99C,6,2.572851420884596,373.9826209240792,0.09231442469545133,4
avGFP,S65T:S72A:K79R:Q80R:I171S:T203I,6,2.572627004238187,373.78941965525826,0.09226673460777408,4
avGFP,S65T:S72A:Q80R:M153I:S202T:H231Y,6,2.572615536668467,373.779549855347,0.09226429833172892,4
avGFP,L64M:S65T:Q69H:S72A:T203I:H231Y,6,2.5723196004179947,373.5249363519902,0.09220144915701593,4
avGFP,S65T:S72A:R73L:A206V:H231Y,5,2.5722499180291623,373.4650092220142,0.09218665665539189,3
avGFP,S65T:S72A:K79R:Q80R:V93F:N149H,6,2.5719031929847866,373.16696722263146,0.09211308752632348,4
avGFP,S30C:S65T:S72A:Q80R:K158G:I167V,6,2.5717364604089896,373.0237299716012,0.09207773063088502,4
avGFP,S65T:Q69H:S72A:Y145L:V163A:A206V,6,2.571704667639008,372.99642356072036,0.09207099027593288,4
avGFP,S65T:Q69H:S72A:F99C:K158G,5,2.571704151417163,372.99598020075234,0.09207088083630095,3
avGFP,S65T:Q69H:S72A:V93F:K158G:I171S,6,2.5714247197538347,372.756066114543,0.09201166008751313,4
sfGFP,S30C:S65T:S72A:V163A:T203I,5,2.570596146377802,372.04557743601254,1.9836267460701849,2
sfGFP,S30C:S65T:S72A:T203I,4,2.570596146377802,372.04557743601254,1.9836267460701849,2
sfGFP,S30C:S65T:S72A:Q80R:T203I,5,2.570596146377802,372.04557743601254,1.9836267460701849,2
sfGFP,S30C:S65T:S72A:T203I:A206V,5,2.570596146377802,372.04557743601254,1.9836267460701849,2
avGFP,F46Y:S65T:S72A:R73L:I167V:A206V,6,2.570541278747594,371.9985771387735,0.09182468038551918,4
avGFP,S65T:S72A:R73L:F99C:Y145L:M153I,6,2.5697297032572153,371.3040644803609,0.09165324585108374,4
avGFP,L64M:S65T:S72A:F99C:N149H,5,2.5697265104175933,371.3013347427739,0.09165257203861006,3
avGFP,S65T:Q69H:S72A:R73L:N164T,5,2.5696581376657557,371.24288386025336,0.09163814393609693,3
avGFP,S65T:S72A:R73L:F99C:V163A,5,2.5694762254051393,371.08741448826135,0.09159976764578229,3
avGFP,S65T:Q69H:S72A:R73L:N105Y:N164T,6,2.569195692198131,370.84778738843545,0.09154061773713894,4
avGFP,S30C:F46Y:S65T:S72A:V93F:H231Y,6,2.5690451981656244,370.71930150487566,0.0915089020911204,4
sfGFP,S65T:S72A:Q80R:K158G:I167V:H231Y,6,2.5678452717977205,369.69644276892234,1.9711019194404094,3
avGFP,F46Y:S65T:S72A:K79R:Q80R:N149H,6,2.5674416527635384,369.35301863992004,0.09117164680279181,4
avGFP,S65T:S72A:R73L:N149H:S202T:H231Y,6,2.567407311464604,369.32381366154965,0.09116443780262533,4
sfGFP,Y39N:F46Y:S65T:S72A:R73L,5,2.5672334061073117,369.1759542370897,1.9683268428493064,2
sfGFP,F46Y:S65T:S72A:R73L:Q80R,5,2.5672334061073117,369.1759542370897,1.9683268428493064,2
sfGFP,F46Y:S65T:S72A:R73L,4,2.5672334061073117,369.1759542370897,1.9683268428493064,2
sfGFP,S30C:S65T:S72A:Y145L:T203I:H231Y,6,2.567006105254605,368.98278564507507,1.9672969303631491,4
avGFP,S65T:S72A:R73L:K158G:T203I:H231Y,6,2.566559932016623,368.60390515396307,0.09098673451912247,4
sfGFP,F46Y:S65T:S72A:K79R:I167V,5,2.56579312415066,367.95365744240013,1.9618099514773102,3
avGFP,F46Y:S65T:S72A:S147N:M153I:S202T,6,2.565670517199187,367.84979402572316,0.09080058861002142,4
sfGFP,S65T:Q69H:S72A:A206V:H231Y,5,2.5656365103749144,367.8209911878506,1.9611026178956588,2
sfGFP,S65T:Q69H:S72A:H231Y,4,2.5656365103749144,367.8209911878506,1.9611026178956588,2
sfGFP,S65T:S72A:K79R:K158G:N164T:S202T,6,2.5655174620771803,367.7201783439779,1.9605651164023434,4
avGFP,S30C:L64M:S65T:S72A:N105Y:K158G,6,2.5647913112678586,367.1058550946459,0.09061695362115148,4
avGFP,S65T:S72A:K79R:V93F:Y145L:N164T,6,2.564606868796203,366.949980364213,0.09057847727155822,4
avGFP,L64M:S65T:S72A:V163A:N164T:I171S,6,2.5645560295276355,366.9070270744485,0.09056787461782102,4
sfGFP,S30C:S65T:S72A:I167V:I171S:H231Y,6,2.5643804391799536,366.758712249067,1.9554388900016735,4
sfGFP,Y39N:S65T:S72A:V93F:F99C:H231Y,6,2.564269701343932,366.66520682748194,1.954940349321693,3
avGFP,S65T:S72A:Y145L:N149H:N164T,5,2.5642493021435424,366.64798463912615,0.0905039321989744,3
sfGFP,S30C:S65T:Q69H:S72A:K79R:F99C,6,2.5642153314203675,366.61930637911865,1.9546956229694608,4
avGFP,S65T:Q69H:S72A:R73L:K79R:V163A,6,2.563830205116359,366.29433758936494,0.09041663743681864,4
avGFP,S65T:S72A:F99C:M153I:T203I:A206V,6,2.5633882214310764,365.9217476195211,0.0903246667761809,4
avGFP,S65T:S72A:F99C:N105Y:I171S:H231Y,6,2.5632272354921866,365.78613148407595,0.09029119108821415,4
avGFP,S65T:Q69H:S72A:V93F:Y145L:M153I,6,2.5631506277388834,365.7216140113747,0.09027526549958517,4
avGFP,S30C:S65T:S72A:N105Y:M153I:T203I,6,2.563126367252303,365.7011847016233,0.09027022269847328,4
avGFP,S65T:S72A:V93F:V163A:N164T,5,2.5628063588665344,365.43181830251314,0.09020373189709674,3
avGFP,S65T:S72A:Q80R:N149H:N164T:S202T,6,2.562647513574237,365.29818430024443,0.0901707454818224,4
avGFP,S30C:S65T:S72A:N105Y:Y145L:N164T,6,2.5625462018214096,365.21297786883935,0.09014971299994912,4
avGFP,S65T:S72A:K79R:F99C:N105Y:A206V,6,2.562195689048567,364.91833869072576,0.09007698382832854,4
avGFP,S65T:S72A:S147N:K158G:I171S:A206V,6,2.5616712089994773,364.47790742989054,0.08996826712282648,4
sfGFP,S30C:S65T:S72A:R73L:V93F:Y145L,6,2.5616100447100814,364.42657944074836,1.9430047117866018,4
avGFP,S65T:Q69H:S72A:Q80R:Y145L:S202T,6,2.5614770894562966,364.315030677182,0.08992806238367201,4
avGFP,S65T:S72A:R73L:K79R:V93F:H231Y,6,2.561444001799125,364.2872756119927,0.08992121128222509,4
avGFP,S65T:S72A:R73L:V163A:I167V:H231Y,6,2.5612945900657995,364.1619702398038,0.08989028071834947,4
avGFP,S65T:S72A:K79R:S147N:V163A:S202T,6,2.5611846295290843,364.0697784703361,0.08986752396527084,4
avGFP,S65T:Q69H:S72A:V93F:I171S:T203I,6,2.561183663864632,364.0689689531374,0.08986732414284515,4
avGFP,S65T:S72A:Y145L:S147N:S202T:A206V,6,2.560736809131165,363.6945633779722,0.08977490531549766,4
avGFP,S65T:S72A:V93F:M153I:H231Y,5,2.56055570590814,363.5429323327281,0.08973747648344903,3
avGFP,L64M:S65T:S72A:V93F:S147N:V163A,6,2.5604902992672085,363.48818530605735,0.08972396264620597,4
avGFP,S30C:S65T:S72A:V93F:F99C:I171S,6,2.5602105654311993,363.2541339673883,0.08966618906671438,4
avGFP,S65T:S72A:Q80R:V93F:S147N:H231Y,6,2.560145050540651,363.19933990285165,0.08965266361857475,4
avGFP,S65T:S72A:K158G:N164T:I167V:T203I,6,2.5598573015974515,362.9587759174846,0.0895932824477152,4
avGFP,S65T:S72A:V93F:S147N:M153I:K158G,6,2.5589449791119403,362.19710865796935,0.08940527137196579,4
avGFP,S65T:S72A:R73L:S147N:T203I:A206V,6,2.558882374255748,362.14490061810704,0.08939238426199138,4
avGFP,S65T:S72A:Q80R:F99C:N149H:H231Y,6,2.5587612530199735,362.0439154025254,0.08936745692163495,4
avGFP,S65T:Q69H:S72A:S147N:N149H:K158G,6,2.558613947735618,361.92113710192046,0.08933715014385629,4
sfGFP,S30C:S65T:S72A:R73L:K158G:A206V,6,2.558442577116673,361.7783528471334,1.9288852236933656,3
sfGFP,S30C:S65T:S72A:R73L:K158G,5,2.558442577116673,361.7783528471334,1.9288852236933656,3
avGFP,S65T:S72A:K158G:I167V,4,2.558102112551531,361.4948483431948,0.08923192439454564,2
avGFP,S65T:S72A:R73L:Y145L:I167V,5,2.557742373784596,361.1955356146556,0.08915804159680801,3
avGFP,F46Y:S65T:S72A:V93F:T203I:A206V,6,2.557477947596614,360.9756836655263,0.08910377301568544,4
avGFP,S65T:S72A:R73L:F99C:V163A:H231Y,6,2.5559025001377713,359.66857987306156,0.08878112557736205,4
avGFP,S65T:S72A:V93F:Y145L:M153I:I167V,6,2.5556632100409846,359.4704621743667,0.08873222191084457,4
avGFP,L64M:S65T:S72A:K79R:V93F:A206V,6,2.55560835025773,359.4250569781755,0.08872101402488929,4
sfGFP,S30C:S65T:S72A:R73L,4,2.5542555031068916,358.30717353914986,1.9103780177666783,2
sfGFP,S30C:S65T:S72A:R73L:Q80R:A206V,6,2.5542555031068916,358.30717353914986,1.9103780177666783,2
avGFP,S30C:L64M:S65T:Q69H:S72A:N149H,6,2.554049051691144,358.13688483697445,0.08840303970343594,4
avGFP,S65T:S72A:M153I:N164T:I167V:S202T,6,2.5537383540072205,357.8807625231244,0.08833981809170352,4
avGFP,S65T:S72A:R73L:S147N:L178V:H231Y,6,2.553736497647096,357.8792327911462,0.0883394404903937,4
avGFP,F46Y:S65T:Q69H:S72A:R73L:S147N,6,2.553059334098005,357.32165274808165,0.08820180660577633,4
avGFP,Y39N:S65T:S72A:Y145L:N149H:S202T,6,2.552544740051918,356.89851428113985,0.0880973584791609,4
avGFP,S65T:S72A:Q80R:S147N:V163A:I171S,6,2.5519569714924906,356.4158191380427,0.08797820929429183,3
avGFP,Y39N:S65T:S72A:K158G,4,2.551390711944876,355.95140535668156,0.08786357270786153,2
avGFP,S65T:S72A:F99C:V163A:N164T:S202T,6,2.551205769283121,355.79985706804797,0.08782616430357733,4
avGFP,S65T:Q69H:S72A:K79R:K158G:S202T,6,2.550715648338069,355.39854734432424,0.08772710441630582,4
sfGFP,S65T:S72A:R73L:N149H:V163A:H231Y,6,2.550399182690313,355.13966663600036,1.8934898949330452,3
sfGFP,S65T:S72A:R73L:N149H:A206V:H231Y,6,2.550399182690313,355.13966663600036,1.8934898949330452,3
sfGFP,S30C:S65T:S72A:K79R:L178V:H231Y,6,2.5503089079531667,355.0658531073285,1.8930963450601928,4
sfGFP,S30C:S65T:S72A:S147N:T203I,5,2.5500034800180424,354.81623237801955,1.8917654480275141,3
avGFP,S65T:S72A:R73L:S202T:A206V,5,2.549257260017062,354.2070981588607,0.08743300533266882,3
sfGFP,S30C:S65T:S72A:Q80R:F99C:N105Y,6,2.54918035609676,354.1443814909493,1.888183356289862,3
avGFP,S65T:S72A:F99C:N105Y:I167V:T203I,6,2.548263436391371,353.3974702909097,0.08723315558921653,4
sfGFP,S65T:S72A:K79R:K158G:N164T,5,2.548102575187048,353.26659730448876,1.8835032947728292,3
avGFP,S65T:S72A:K158G:I167V:A206V,5,2.5480668581867967,353.2375453481805,0.08719367947921434,3
avGFP,S65T:S72A:Q80R:N105Y:N149H:K158G,6,2.5478571185304695,353.0669927918098,0.08715158003330215,4
avGFP,S65T:S72A:M153I:K158G:V163A:T203I,6,2.5477829448817966,353.0066972275376,0.0871366965868101,4
sfGFP,S30C:S65T:S72A:L178V:T203I,5,2.5475641202046213,352.8288752145409,1.8811695020935826,3
avGFP,S65T:S72A:R73L:Y145L:V163A:L178V,6,2.5469829006955096,352.3569975569737,0.08697632375674454,4
avGFP,S65T:S72A:N105Y:S147N:K158G:A206V,6,2.5462496805362256,351.76261449089446,0.08682960535935419,4
avGFP,S65T:Q69H:S72A:Q80R:F99C:N105Y,6,2.5461914743364398,351.7154727613348,0.08681796882492729,4
avGFP,S30C:S65T:S72A:M153I:N164T,5,2.5461429768310495,351.67619901646873,0.08680827443550888,3
sfGFP,S65T:S72A:V93F:K158G:N164T,5,2.5459870606917363,351.5499663423755,1.8743507734257217,3
avGFP,F46Y:L64M:S65T:S72A:I171S:S202T,6,2.5457708218782993,351.37497027700584,0.08673391868679378,4
avGFP,S30C:S65T:S72A:R73L:Y145L:T203I,6,2.545708420438831,351.32448672335505,0.0867214572515529,4
avGFP,S65T:Q69H:S72A:N149H:L178V:T203I,6,2.545457310525291,351.121408937933,0.0866713292298728,4
sfGFP,S65T:S72A:K79R:V163A:S202T:H231Y,6,2.5449947207853043,350.7476102944506,1.870072870359373,3
sfGFP,Y39N:S65T:S72A:K79R:S202T:H231Y,6,2.5449947207853043,350.7476102944506,1.870072870359373,3
avGFP,S30C:S65T:S72A:N164T:I167V,5,2.544929771645728,350.6951595885593,0.08656611320842504,3
sfGFP,F46Y:S65T:S72A:R73L:Y145L,5,2.544922180749898,350.68902995240063,1.8697605389130887,3
avGFP,L64M:S65T:S72A:L178V:T203I:A206V,6,2.5448612553933927,350.63983670572253,0.08655245722599207,4
avGFP,S65T:S72A:F99C:K158G,4,2.5442896283137473,350.1786211396984,0.08643861009177792,2
avGFP,F46Y:S65T:S72A:K158G:T203I,5,2.5442660691871124,350.15962555245915,0.08643392119285687,3
avGFP,S65T:Q69H:S72A:N149H:N164T:A206V,6,2.5441059053722594,350.03051370873504,0.08640205103390321,4
avGFP,L64M:S65T:S72A:K158G:L178V,5,2.5439655862746418,349.9174382861342,0.08637413932891862,3
avGFP,S65T:S72A:R73L:Y145L:I171S:A206V,6,2.5437792015709966,349.7672976147943,0.08633707838297444,4
avGFP,Y39N:F46Y:S65T:S72A:R73L:S147N,6,2.5437603213530506,349.7520924037115,0.08633332510612426,4
sfGFP,S65T:S72A:R73L:K79R:L178V:S202T,6,2.5435956405286615,349.6194944858211,1.8640581215587455,4
avGFP,L64M:S65T:S72A:Q80R:M153I:L178V,6,2.5434747733893293,349.5222065160636,0.08627657973273932,4
avGFP,F46Y:S65T:S72A:R73L:K79R:I167V,6,2.5434169174844365,349.4756469177336,0.08626508689244834,4
avGFP,S65T:S72A:R73L:Q80R:N149H:K158G,6,2.5431309629281724,349.2456157640699,0.08620830566138463,4
sfGFP,Y39N:S65T:S72A:K79R:Y145L:K158G,6,2.5429145941754623,349.0716623273728,1.8611372575900227,3
sfGFP,S65T:S72A:K79R:Y145L:K158G,5,2.5429145941754623,349.0716623273728,1.8611372575900227,3
avGFP,S65T:S72A:Q80R:L178V:H231Y,5,2.542827943251662,349.00202210402614,0.08614817664113542,3
avGFP,S65T:S72A:V93F:N149H:V163A:S202T,6,2.5427108075130964,348.90790371486395,0.08612494431839458,4
avGFP,L64M:S65T:S72A:V93F:N105Y:H231Y,6,2.5426703351243476,348.87539011189807,0.08611691861242687,4
avGFP,F46Y:S65T:Q69H:S72A:K158G,5,2.5425859356862324,348.80759734179395,0.08610018454453032,3
sfGFP,S65T:S72A:I167V:L178V:H231Y,5,2.5423908821314054,348.65097346449147,1.8588942805710882,3
avGFP,F46Y:S65T:S72A:F99C:N105Y,5,2.5418918129643253,348.2505515850272,0.08596268254393495,3
avGFP,F46Y:S65T:S72A:V163A,4,2.541674475907207,348.0763177002893,0.08591967439346984,2
avGFP,Y39N:S65T:S72A:R73L:K79R:N149H,6,2.5416384177003435,348.047419136369,0.08591254102910056,4
avGFP,L64M:S65T:S72A:N149H:N164T,5,2.5414977742187497,347.93472446141215,0.08588472330842903,3
sfGFP,S65T:S72A:K158G:N164T:L178V:T203I,6,2.541279217469538,347.75967192350834,1.8541421488895558,4
avGFP,S65T:S72A:Q80R:V163A:I171S:L178V,6,2.5408105563385504,347.38459570146944,0.08574892870958631,3
sfGFP,Y39N:S65T:S72A:K79R:S147N:H231Y,6,2.5397446501365275,346.53304131554137,1.8476021510261753,3
sfGFP,S65T:S72A:K79R:Q80R:S147N:H231Y,6,2.5397446501365275,346.53304131554137,1.8476021510261753,3
sfGFP,S30C:S65T:S72A:R73L:S147N:N164T,6,2.5396830300588924,346.48387679929203,1.8473400217191644,4
avGFP,S65T:S72A:K79R:S147N:K158G,5,2.5395599219516862,346.3856740107187,0.08550235339822662,3
avGFP,Y39N:S65T:S72A:S147N:N164T:S202T,6,2.53885990188191,345.82779998785077,0.08536464694719867,4
avGFP,L64M:S65T:S72A:V163A:N164T,5,2.538554413691064,345.58462590758097,0.08530462149664302,3
avGFP,S65T:Q69H:S72A:R73L:K158G,5,2.538304382521283,345.38572386384766,0.0852555242212332,3
avGFP,L64M:S65T:S72A:V93F:M153I:H231Y,6,2.5381685855991765,345.27774416768034,0.0852288703529175,4
avGFP,Y39N:S65T:S72A:F99C:H231Y,5,2.537569117352946,344.80147687445674,0.0851113078280425,3
avGFP,S30C:S65T:S72A:M153I:I171S:T203I,6,2.537346918402826,344.62511052979016,0.08506777329800658,4
sfGFP,S65T:S72A:Y145L:S147N:I167V:H231Y,6,2.5372064321876486,344.51364872310194,1.8368354025412592,4
avGFP,L64M:S65T:S72A:Q80R:N105Y:I171S,6,2.537205186806085,344.51266079820476,0.08504001603952005,4
sfGFP,Y39N:F46Y:S65T:S72A:K79R:K158G,6,2.5367154939110717,344.124421176693,1.8347601670911164,3
avGFP,L64M:S65T:S72A:K158G:I171S,5,2.536230993256483,343.7407286654024,0.08484947116722757,3
avGFP,S65T:S72A:F99C:N105Y:T203I,5,2.5359536964990177,343.5213204766932,0.08479531212458513,3
avGFP,Y39N:L64M:S65T:S72A:F99C:A206V,6,2.5359448948793553,343.5143585798774,0.08479359363965192,4
avGFP,S65T:S72A:R73L:T203I:A206V,5,2.5353315431465466,343.0295575426114,0.08467392463274358,3
avGFP,S65T:S72A:V93F:Y145L:N164T:T203I,6,2.5348412085399694,342.6424829785483,0.08457837857339076,4
avGFP,S30C:L64M:S65T:S72A:N164T,5,2.5345356595878856,342.4015007977215,0.0845188941745438,3
avGFP,S65T:S72A:R73L:V93F:N149H:A206V,6,2.534507077397522,342.37896709478576,0.08451333192189786,4
sfGFP,S65T:S72A:Y145L:S147N:H231Y,5,2.5337537801368955,341.78561489059183,1.8222904080498732,3
avGFP,S30C:S65T:Q69H:S72A:K158G,5,2.5336617561909676,341.71320059519593,0.08434899313193142,3
avGFP,L64M:S65T:S72A:K158G:A206V,5,2.5333450654243577,341.46411161736717,0.08428750763929162,3
avGFP,S65T:Q69H:S72A:K158G:V163A:A206V,6,2.5332822365926906,341.4147160106728,0.08427531475449071,4
avGFP,F46Y:L64M:S65T:S72A:T203I:A206V,6,2.533065700991238,341.2445319144732,0.0842333062598335,4
sfGFP,F46Y:S65T:S72A:R73L:S147N:T203I,6,2.5322241325507333,340.583914353608,1.8158833292657208,4
avGFP,S65T:S72A:R73L:Y145L:M153I,5,2.53184713117936,340.2883893276238,0.08399729060591425,3
avGFP,S30C:S65T:S72A:F99C:N105Y:S147N,6,2.531834039388326,340.27813150137194,0.0839947585488718,4
avGFP,S65T:S72A:R73L:K79R:A206V,5,2.531802156688685,340.25315170610276,0.08398859249916718,3
avGFP,F46Y:S65T:S72A:R73L:N164T:T203I,6,2.5313890859529082,339.92968040558026,0.08390874636369852,4
avGFP,S65T:S72A:R73L:S147N:S202T:H231Y,6,2.5311822695815605,339.76784025098783,0.08386879749996014,4
avGFP,F46Y:S65T:S72A:N149H:M153I:A206V,6,2.530479814813822,339.21872293033596,0.08373325256629176,4
avGFP,S65T:S72A:R73L:I167V:L178V:H231Y,6,2.530366637225358,339.13033370006633,0.08371143443762723,4
sfGFP,S65T:S72A:S147N:N164T:L178V,5,2.5292623816465127,338.26914183816035,1.8035417105200986,3
avGFP,Y39N:F46Y:S65T:S72A:R73L,5,2.5286465651521635,337.78982629154626,0.0833805416011854,3
sfGFP,S30C:S65T:S72A:N105Y:N164T,5,2.528448235319242,337.6356025842304,1.8001638840251797,3
avGFP,F46Y:S65T:S72A:R73L:V93F,5,2.527548764521279,336.9370464117837,0.0831700401511511,3
avGFP,S30C:L64M:S65T:S72A:V163A:H231Y,6,2.527507582114879,336.9050975358974,0.08316215384325312,4
avGFP,S65T:S72A:R73L:F99C:I167V:S202T,6,2.5261380815558763,335.8443771530921,0.08290032405111075,4
avGFP,S65T:S72A:K79R:N164T:I171S:H231Y,6,2.525149404265219,335.08069246306377,0.08271181498982204,4
avGFP,S65T:S72A:F99C:N105Y:S147N:L178V,6,2.525108282547908,335.0489664297819,0.08270398368872293,4
avGFP,F46Y:S65T:S72A:F99C:H231Y,5,2.525092652372879,335.03690829878815,0.08270100724178849,3
avGFP,S30C:Y39N:L64M:S65T:S72A:Q80R,6,2.5250870265648953,335.0325682917558,0.0826999359480172,4
sfGFP,S30C:S65T:S72A:S202T:T203I,5,2.5247906137079026,334.8039812777113,1.785066594609558,3
avGFP,S65T:S72A:M153I:N164T:H231Y,5,2.524395881408327,334.49981461282425,0.08256843023993528,3
avGFP,S65T:S72A:V93F:N105Y:M153I:A206V,6,2.5227091539671056,333.20319260161307,0.08224837014003904,4
avGFP,L64M:S65T:S72A:V93F:L178V:A206V,6,2.52250490369743,333.046522775954,0.08220969752796117,4
avGFP,Y39N:S65T:S72A:K79R:S147N:A206V,6,2.5224654437904346,333.01626361232076,0.08220222831114125,4
avGFP,S65T:S72A:R73L:N149H:T203I:A206V,6,2.5222662463834307,332.8635544065545,0.08216453334435062,4
avGFP,F46Y:S65T:S72A:H231Y,4,2.521208554015328,332.0538759818535,0.08196467112139516,2
avGFP,S30C:F46Y:S65T:S72A:L178V:S202T,6,2.5205530873299478,331.5530957535575,0.0818410577872788,4
avGFP,F46Y:L64M:S65T:S72A:S147N:S202T,6,2.5205299095066453,331.53540159825246,0.08183669013574618,4
sfGFP,S30C:S65T:S72A:S202T:H231Y,5,2.5203451099206426,331.3943577347797,1.7668875841227234,3
avGFP,Y39N:S65T:S72A:R73L:Q80R:V163A,6,2.519405482483435,330.6781372151502,0.08162508172425784,3
avGFP,Y39N:F46Y:S65T:S72A:N164T:L178V,6,2.519294065185253,330.59331334442186,0.08160414367422926,4
avGFP,S65T:S72A:R73L:Q80R:S147N:K158G,6,2.519187253762734,330.51201643265466,0.08158407622398046,4
avGFP,S65T:S72A:K79R:Y145L:V163A:S202T,6,2.5190721458545244,330.42442723429417,0.0815624555763787,4
avGFP,S30C:Y39N:S65T:Q69H:S72A:F99C,6,2.5184365352917513,329.9411891278706,0.08144317236563701,4
avGFP,L64M:S65T:S72A:S147N:T203I:H231Y,6,2.5169668595539982,328.8265375939747,0.0811680301281896,4
avGFP,S30C:S65T:S72A:N149H:K158G:T203I,6,2.5158861435888524,328.0092895880816,0.08096629941858842,4
sfGFP,S65T:S72A:K158G:I167V:L178V:T203I,6,2.515685937757153,327.85811511731396,1.7480334816631808,4
avGFP,L64M:S65T:S72A:Q80R:V93F:L178V,6,2.5153077859340747,327.5727645352653,0.08085854692726592,4
sfGFP,S65T:S72A:S147N:K158G:N164T:H231Y,6,2.5147498383335254,327.15219486986877,1.7442697431097625,4
avGFP,S65T:S72A:R73L:I167V:A206V,5,2.514581554121348,327.0254516425459,0.080723447401264,3
sfGFP,Y39N:S65T:S72A:K79R:N164T,5,2.5144226845931144,326.9058441416116,1.7429562806655843,2
sfGFP,S65T:S72A:K79R:Q80R:N164T,5,2.5144226845931144,326.9058441416116,1.7429562806655843,2
sfGFP,S65T:S72A:K79R:N164T,4,2.5144226845931144,326.9058441416116,1.7429562806655843,2
avGFP,S65T:S72A:Q80R:N149H:M153I:K158G,6,2.5142224409257605,326.7551497651444,0.08065672568503889,4
avGFP,Y39N:S65T:S72A:V93F:V163A,5,2.514093897257683,326.65845019400416,0.08063285621951119,3
avGFP,S65T:S72A:Q80R:V93F:H231Y,5,2.513934826817665,326.53882585926294,0.08060332797134306,3
avGFP,F46Y:S65T:S72A:T203I:H231Y,5,2.51360885641234,326.2938260687578,0.08054285185976573,3
sfGFP,S65T:S72A:Y145L:S147N:S202T:H231Y,6,2.512960877038405,325.80734966758826,1.7370994632452568,4
avGFP,Y39N:S65T:Q69H:S72A:V163A:N164T,6,2.5127449472501335,325.6453995885756,0.0803827933059019,4
avGFP,S65T:S72A:K158G:L178V:S202T:A206V,6,2.5122605887619,325.2824173336644,0.08029319422786456,4
avGFP,S65T:S72A:N149H:K158G:S202T,5,2.5120958439883543,325.15904847316847,0.0802627416754067,3
avGFP,S65T:S72A:S147N:K158G,4,2.5120704982623976,325.14007252022327,0.08025805762304392,2
avGFP,L64M:S65T:Q69H:S72A:L178V:S202T,6,2.5117019556885976,324.8642754850301,0.0801899794739212,4
avGFP,S30C:S65T:S72A:K79R:M153I:T203I,6,2.511570196397096,324.7657308427633,0.08016565456830071,4
avGFP,S65T:S72A:N105Y:N149H:S202T:T203I,6,2.510867478170491,324.2406625523271,0.080036045932911,4
sfGFP,S65T:S72A:F99C:N164T:H231Y,5,2.5106998368957303,324.1155271185202,1.7280792123365811,3
avGFP,S65T:S72A:Y145L:N149H:N164T:T203I,6,2.509767551306562,323.4205053017315,0.07983359710103358,4
avGFP,Y39N:S65T:S72A:N105Y:N149H:K158G,6,2.5095327349093512,323.24568403712124,0.07979044396084982,4
avGFP,S65T:S72A:F99C:Y145L:K158G,5,2.5092446066686427,323.0313011107081,0.07973752536140406,3
avGFP,Y39N:F46Y:S65T:S72A:Y145L:N164T,6,2.509106996982115,322.9289622688471,0.07971226388992966,4
avGFP,S65T:S72A:Q80R:V93F:Y145L:N164T,6,2.5089824188908194,322.83634284592466,0.07968940157423812,4
avGFP,L64M:S65T:S72A:N105Y:N164T:L178V,6,2.5088219739721853,322.71709683631406,0.07965996671240623,4
avGFP,S65T:S72A:T203I:A206V:H231Y,5,2.508294217540093,322.3251678843352,0.07956322238874215,3
avGFP,S65T:S72A:F99C:S147N:K158G,5,2.507688328957794,321.8758023437578,0.07945230033238065,3
avGFP,S65T:S72A:R73L:F99C:N149H:V163A,6,2.506868558520038,321.2688054762882,0.07930246832555118,4
avGFP,S30C:S65T:Q69H:S72A:Q80R:F99C,6,2.5067796629973325,321.20305185315755,0.07928623760371725,4
avGFP,S65T:S72A:Q80R:K158G:I171S,5,2.5057897556698276,320.4717527664475,0.07910572265277344,3
avGFP,S65T:S72A:Q80R:K158G:S202T:A206V,6,2.505724793508496,320.4238198968794,0.07909389083217373,4
avGFP,S65T:S72A:N105Y:I167V:S202T:A206V,6,2.5054111812744857,320.192519338235,0.07903679625930231,4
avGFP,Y39N:S65T:S72A:R73L:V93F:S147N,6,2.5053534708814174,320.14997399345856,0.07902629430331087,4
avGFP,S65T:Q69H:S72A:R73L:V93F:M153I,6,2.5052855221318766,320.09988795824825,0.07901393099211129,4
avGFP,S65T:Q69H:S72A:F99C:M153I:K158G,6,2.505210712208001,320.0447535117207,0.07900032152357633,4
avGFP,S65T:S72A:F99C:N105Y:N164T,5,2.5041218779350234,319.243363583236,0.0788025052453172,3
avGFP,S65T:S72A:K79R:V163A:S202T:H231Y,6,2.503761607433993,318.97864395310114,0.07873716145928483,4
avGFP,S30C:S65T:S72A:F99C:S147N,5,2.5033247245807813,318.6579255558902,0.07865799485455163,3
avGFP,S65T:S72A:R73L:V93F:S147N:V163A,6,2.5028567331434646,318.3147278741491,0.07857327942989246,4
sfGFP,S30C:S65T:S72A:F99C:Y145L:K158G,6,2.5028471225467985,318.30768389652246,1.6971136698040439,4
sfGFP,S65T:S72A:R73L:S202T:T203I:A206V,6,2.502332443163547,317.930683099084,1.6951036234268164,3
avGFP,Y39N:S65T:S72A:V93F:S202T:H231Y,6,2.5019851162110043,317.67651972583855,0.0784157431842197,4
avGFP,L64M:S65T:S72A:Q80R:V163A,5,2.50178984829598,317.5337178002298,0.07838049374515378,2
avGFP,S65T:S72A:R73L:V93F:M153I:S202T,6,2.501655885603517,317.4357862960654,0.07835632018745166,4
avGFP,Y39N:S65T:S72A:V93F:N164T:H231Y,6,2.5010381760525324,316.9846091710006,0.07824495095688905,4
avGFP,S65T:S72A:R73L:V93F:S147N:T203I,6,2.5005282951974173,316.61267365176445,0.07815314184180973,4
avGFP,S65T:S72A:Q80R:T203I:A206V:H231Y,6,2.5000907843190885,316.29387674219856,0.07807444953993606,4
avGFP,S65T:S72A:V93F:N105Y:V163A:A206V,6,2.499076902456791,315.55633435510947,0.07789239348346902,4
sfGFP,S30C:S65T:S72A:F99C:S202T,5,2.4989810465125153,315.48669356113834,1.682073061289793,3
avGFP,F46Y:L64M:S65T:S72A:M153I:T203I,6,2.498042961541757,314.8059712968329,0.07770717275351542,4
sfGFP,S65T:S72A:R73L:V163A:I167V:H231Y,6,2.4975624600390067,314.45786396387706,1.6765876744714885,3
avGFP,L64M:S65T:S72A:S147N:K158G:L178V,6,2.496149725882982,313.43661314334923,0.07736915835640648,4
avGFP,S65T:S72A:Q80R:I171S:L178V:H231Y,6,2.4959463732407134,313.2898849527438,0.07733293975226689,4
avGFP,S65T:Q69H:S72A:R73L:N164T:H231Y,6,2.4959342968775355,313.2811734678263,0.07733078939641233,4
sfGFP,S65T:S72A:R73L:N149H:K158G:T203I,6,2.495763624651786,313.15808212643435,1.669657657900465,4
avGFP,S65T:S72A:K158G:I167V:S202T,5,2.4951221485976363,312.69587241738486,0.07718631281722896,3
avGFP,L64M:S65T:Q69H:S72A:Q80R:A206V,6,2.495009607034365,312.61485199346276,0.07716631361564982,4
avGFP,F46Y:S65T:S72A:F99C:A206V,5,2.4944902475294852,312.241228887903,0.07707408793426,3
avGFP,L64M:S65T:S72A:K158G:S202T,5,2.4944221724748323,312.19228934622663,0.07706200762522437,3
avGFP,L64M:S65T:S72A:Q80R:S147N:N164T,6,2.4943944034596295,312.1723282469327,0.07705708039787608,4
avGFP,S65T:S72A:F99C:N105Y:K158G,5,2.4940891283026296,311.9529725455812,0.07700293431129084,3
avGFP,S65T:S72A:Q80R:N149H:N164T:I171S,6,2.49408653228769,311.95110783812925,0.07700247402413839,4
avGFP,S30C:L64M:S65T:S72A:R73L:K158G,6,2.4940704819983273,311.9395792250864,0.0769996282842001,4
avGFP,S65T:S72A:Q80R:V93F:S147N:I171S,6,2.493950560264367,311.85345524128337,0.07697836931233233,4
avGFP,S65T:S72A:Y145L:N164T:T203I:H231Y,6,2.493536421055189,311.5562164095631,0.0769049984383607,4
avGFP,S65T:S72A:K79R:N105Y:M153I:H231Y,6,2.4931378670930595,311.2704310484928,0.07683445475606766,4
avGFP,Y39N:S65T:S72A:R73L:K79R:V163A,6,2.492659948465693,310.92808243264,0.07674994891609133,4
avGFP,S65T:S72A:K79R:F99C:K158G,5,2.492266886100324,310.6468013116938,0.07668051706710947,3
avGFP,F46Y:S65T:S72A:I171S:A206V:H231Y,6,2.4922240760311603,310.616181176813,0.07667295874761154,4
avGFP,S65T:S72A:R73L:Q80R:N164T:T203I,6,2.4921473738252913,310.561327054807,0.07665941847479714,4
avGFP,S30C:L64M:S65T:S72A:F99C:A206V,6,2.4917362323446928,310.2674614188571,0.07658688024547128,4
avGFP,S65T:S72A:K158G:I171S:S202T:A206V,6,2.491467365778028,310.07543795651435,0.07653948088929158,4
avGFP,S65T:S72A:F99C:Y145L:S147N:N164T,6,2.49133883443675,309.983683359952,0.07651683204862114,4
sfGFP,S30C:S65T:S72A:R73L:F99C:N164T,6,2.490261613778366,309.21575501582475,1.6486384442002087,4
avGFP,S65T:S72A:R73L:N149H:S202T:T203I,6,2.4899134730176278,308.9679796547421,0.07626611423992778,4
avGFP,S65T:S72A:R73L:N164T:H231Y,5,2.4897392143158124,308.8440325149,0.07623551894413864,3
avGFP,S65T:S72A:V93F:Y145L:S147N:K158G,6,2.4896643362354296,308.79078833200674,0.07622237607108205,4
sfGFP,S65T:S72A:R73L:K158G:N164T:H231Y,6,2.4891872501856613,308.45175826029345,1.6445650604803244,4
avGFP,S30C:S65T:S72A:F99C:M153I:S202T,6,2.4889831612550406,308.3068409220738,0.07610291777481036,4
avGFP,S65T:S72A:Y145L:N149H:M153I:N164T,6,2.4889056546422155,308.2518236750613,0.07608933723597747,4
avGFP,S30C:S65T:S72A:K158G:S202T,5,2.4887986899106407,308.17591201868765,0.07607059909015536,3
sfGFP,S65T:S72A:R73L:Q80R:S202T,5,2.488336002919604,307.8477635781861,1.6413447560913592,2
sfGFP,S65T:S72A:R73L:S202T,4,2.488336002919604,307.8477635781861,1.6413447560913592,2
sfGFP,S65T:S72A:Y145L:S147N:T203I:A206V,6,2.488085126664312,307.66998238441846,1.6403968842383025,3
avGFP,S65T:S72A:R73L:K79R:V163A:H231Y,6,2.4874683262335484,307.2333287090752,0.07583793042833517,4
avGFP,S30C:S65T:S72A:Y145L:N164T,5,2.4871886405370183,307.03553410659396,0.07578910651536618,3
avGFP,S30C:S65T:S72A:N164T:H231Y,5,2.48708806784009,306.9644399117583,0.07577155751889349,3
avGFP,S65T:S72A:F99C:S147N:H231Y,5,2.4865410327118704,306.57803246858674,0.07567617613265078,3
avGFP,L64M:S65T:S72A:R73L:K158G,5,2.4857144471308414,305.99508245152936,0.07553227988603405,3
avGFP,S65T:S72A:N164T:I171S:A206V:H231Y,6,2.485704555757483,305.988113269868,0.07553055960289877,4
avGFP,S65T:Q69H:S72A:F99C:N149H:I167V,6,2.4851736823436053,305.61430766303107,0.07543828887262308,4
avGFP,S65T:S72A:F99C:I171S:S202T:T203I,6,2.4846556648934364,305.2499945714406,0.07534836128888645,4
avGFP,S65T:S72A:K79R:F99C:N105Y:K158G,6,2.4845922749857197,305.20544333326274,0.07533736419519342,4
avGFP,S30C:Y39N:S65T:S72A:S147N:N164T,6,2.4844742150157613,305.12248660731717,0.07531688703395166,4
avGFP,Y39N:S65T:S72A:R73L:Q80R:N164T,6,2.483945087552533,304.75096363713607,0.07522517975309281,4
avGFP,S30C:S65T:S72A:R73L:L178V:H231Y,6,2.483747911473176,304.61263362380015,0.07519103416748332,4
avGFP,S65T:S72A:M153I:K158G,4,2.4826297194350753,303.829346441655,0.07499768639797365,2
avGFP,Y39N:S65T:S72A:Q80R:V163A:S202T,6,2.4823546328011847,303.63695871574106,0.07495019712643392,3
avGFP,Y39N:S65T:S72A:R73L:K158G,5,2.482124501746799,303.4761052256683,0.07491049181242859,3
sfGFP,S30C:S65T:S72A:R73L:F99C:V163A,6,2.481846303977616,303.28176856220176,1.6170003467355256,3
sfGFP,S65T:S72A:R73L:K79R:S202T,5,2.481611233146954,303.11765547904986,1.6161253488297218,3
avGFP,S65T:S72A:K79R:V163A:N164T:H231Y,6,2.4815597667851086,303.0817364442488,0.07481314523764757,4
avGFP,F46Y:S65T:Q69H:S72A:V163A:N164T,6,2.480454881334496,302.3116483935146,0.07462305556130723,4
avGFP,S65T:S72A:F99C:I167V:H231Y,5,2.4804415040979086,302.30233666534565,0.07462075704051845,3
avGFP,S65T:S72A:F99C:N149H:S202T:T203I,6,2.480325230522039,302.221412153888,0.07460078151411427,4
avGFP,S65T:S72A:F99C:N164T:I171S:S202T,6,2.480093101093756,302.0599186485056,0.0745609182177809,4
avGFP,S65T:S72A:N164T:T203I:A206V,5,2.480054607402405,302.0331467541334,0.07455430980367633,3
sfGFP,F46Y:S65T:Q69H:S72A:R73L:K158G,6,2.47954362378604,301.6779885879082,1.6084495103736351,4
avGFP,S65T:S72A:F99C:N105Y:M153I:A206V,6,2.4790796268911337,301.355850253449,0.07438712493114287,4
avGFP,F46Y:L64M:S65T:S72A:V163A:I167V,6,2.4790510771364236,301.3360403015017,0.07438223501322974,4
avGFP,S65T:S72A:Q80R:K158G:N164T:T203I,6,2.478348797055954,300.8491557181293,0.07426205170071096,4
avGFP,S30C:S65T:S72A:N164T:I171S:L178V,6,2.477324159973037,300.1401947309155,0.07408705071937005,4
avGFP,S65T:S72A:Q80R:V93F:T203I,5,2.475672795375991,299.00110641356486,0.07380587647005946,3
avGFP,L64M:S65T:S72A:V93F:K158G,5,2.4755076304638863,298.88741603965485,0.07377781296958187,3
avGFP,S65T:S72A:R73L:F99C:S147N:N149H,6,2.474625404376891,298.280872227773,0.07362809279566547,4
avGFP,S65T:S72A:V93F:N164T:I171S:H231Y,6,2.474599576348103,298.26313362367597,0.07362371417232713,4
avGFP,L64M:S65T:S72A:Y145L:N164T:T203I,6,2.4744568322309104,298.1651164638816,0.0735995194712623,4
avGFP,S30C:Y39N:L64M:S65T:S72A:L178V,6,2.473270636499931,297.35184428699057,0.07339877016118738,4
avGFP,S65T:S72A:Q80R:V163A:I167V:H231Y,6,2.472939749995753,297.1253798841479,0.07334286935218519,3
avGFP,S65T:S72A:R73L:M153I:S202T,5,2.472936931790212,297.1234517968478,0.07334239342025704,3
avGFP,S30C:S65T:Q69H:S72A:Q80R:N149H,6,2.4720504655740245,296.5175926739663,0.07319284225598877,4
avGFP,Y39N:L64M:S65T:S72A:F99C:S202T,6,2.4716614246113835,296.2520911736979,0.07312730547197327,4
avGFP,Y39N:S65T:S72A:Q80R:V93F:L178V,6,2.4708603258056936,295.70612880445174,0.07299253931118806,4
avGFP,S65T:S72A:F99C:K158G:L178V,5,2.4702652782711128,295.30124520534946,0.0728925972432187,3
avGFP,L64M:S65T:S72A:V93F:I171S:T203I,6,2.469532441214412,294.8033682537878,0.07276970055823646,4
avGFP,S30C:F46Y:S65T:S72A:L178V:A206V,6,2.4690681193990467,294.48835046522123,0.07269194110019399,4
avGFP,F46Y:S65T:Q69H:S72A:F99C:V163A,6,2.4689023040642715,294.37593512087057,0.07266419232990347,4
sfGFP,S65T:S72A:R73L:K158G:I167V,5,2.468338495542658,293.9940192074246,1.567481069667649,3
avGFP,F46Y:S65T:S72A:R73L:N149H,5,2.467662537298319,293.53678773301243,0.07245705594438533,3
sfGFP,S30C:S65T:S72A:V93F:H231Y,5,2.4676485722909907,293.52734902804036,1.5649929351337044,3
sfGFP,S30C:Y39N:S65T:S72A:V93F:H231Y,6,2.4676485722909907,293.52734902804036,1.5649929351337044,3
avGFP,S65T:S72A:N105Y:K158G:H231Y,5,2.4674508918592095,293.393772821549,0.07242175393157524,3
avGFP,S30C:L64M:S65T:S72A:V93F:F99C,6,2.467297402295084,293.2900990994601,0.072396162956286,4
avGFP,S65T:S72A:Q80R:Y145L:K158G:V163A,6,2.4672403117468082,293.25154693554146,0.07238664668297863,3
avGFP,S65T:S72A:R73L:N149H:S202T,5,2.4666183291376584,292.8318620894214,0.07228305105324792,3
avGFP,S30C:L64M:S65T:S72A:V163A:L178V,6,2.4653027832670116,291.94617073236503,0.07206442568535686,4
avGFP,S65T:Q69H:S72A:K79R:Q80R:V163A,6,2.465060477452501,291.7833307073072,0.07202423001211015,3
sfGFP,S30C:S65T:S72A:S147N:I167V:H231Y,6,2.464174970085998,291.1890034259243,1.552525632310542,4
avGFP,F46Y:S65T:S72A:K79R:L178V:H231Y,6,2.463686436065493,290.86163165543434,0.07179671645143788,4
avGFP,S65T:S72A:R73L:F99C:Y145L,5,2.4635023487510566,290.73836831117325,0.0717662899447639,3
sfGFP,S30C:S65T:S72A:R73L:N105Y,5,2.4631402927960173,290.496091015635,1.5488312473397376,3
sfGFP,S30C:S65T:S72A:R73L:Q80R:N105Y,6,2.4631402927960173,290.496091015635,1.5488312473397376,3
sfGFP,S30C:Y39N:S65T:S72A:R73L:N105Y,6,2.4631402927960173,290.496091015635,1.5488312473397376,3
avGFP,S65T:S72A:V93F:I171S:H231Y,5,2.462615429944668,290.1452265295043,0.07161987794785799,3
avGFP,F46Y:S65T:S72A:Q80R:V93F:T203I,6,2.4618404592798258,289.62794263819814,0.07149219082509232,4
avGFP,S65T:S72A:K158G:N164T:L178V,5,2.4617937947458244,289.5968240597677,0.07148450946904951,3
avGFP,S30C:S65T:S72A:N164T:T203I:A206V,6,2.4614949452898074,289.39761341692156,0.0714353360185771,4
avGFP,S65T:S72A:F99C:S202T:T203I,5,2.461461809209559,289.3755336136595,0.07142988580719967,3
avGFP,Y39N:S65T:S72A:M153I:K158G:T203I,6,2.461366932099419,289.31232278142784,0.07141428275164172,4
avGFP,F46Y:S65T:S72A:Q80R:V163A,5,2.460506422462977,288.7396478464696,0.07127292282152639,2
avGFP,S65T:Q69H:S72A:Q80R:N164T:I167V,6,2.46031769461546,288.61419984775375,0.07124195705150735,4
avGFP,S30C:Y39N:S65T:S72A:V93F:F99C,6,2.4601206563312377,288.4832860309378,0.0712096420908437,4
avGFP,S65T:S72A:R73L:K79R:V93F:S202T,6,2.4598219318149375,288.2849243143617,0.07116067819059059,4
avGFP,S65T:S72A:R73L:K158G,4,2.4595691093843244,288.1171494803907,0.07111926440179436,2
avGFP,S65T:S72A:K79R:S202T:A206V,5,2.4593249205570866,287.9551966663839,0.07107928772903907,3
avGFP,L64M:S65T:S72A:R73L:I167V:H231Y,6,2.4590010815212433,287.7405580314592,0.07102630601012515,4
avGFP,Y39N:S65T:S72A:V93F:N105Y:N149H,6,2.4587356960173765,287.5647813419341,0.0709829170314387,4
avGFP,L64M:S65T:S72A:R73L:N164T:S202T,6,2.458586039770567,287.46570467037617,0.07095846079891908,4
avGFP,S65T:S72A:K79R:V93F:S147N:K158G,6,2.458200637383349,287.210714498362,0.07089551864675618,4
avGFP,S65T:S72A:R73L:V163A:H231Y,5,2.457246020841181,286.580094032468,0.07073985535586226,3
avGFP,S65T:S72A:Q80R:K158G:N164T:L178V,6,2.455605872856517,285.4998424074647,0.07047320444293455,4
avGFP,F46Y:L64M:S65T:S72A:V93F:S202T,6,2.4550831281092336,285.15640318442354,0.07038842939586268,4
sfGFP,S30C:S65T:S72A:V163A:N164T:L178V,6,2.4549612305300683,285.0763768452845,1.5199350834383896,3
sfGFP,S30C:S65T:S72A:N164T:L178V,5,2.4549612305300683,285.0763768452845,1.5199350834383896,3
avGFP,S65T:S72A:N105Y:Y145L:K158G:V163A,6,2.4535951807900256,284.1810933332775,0.07014768246600298,4
avGFP,F46Y:S65T:S72A:V93F:N105Y:S147N,6,2.4535399706370558,284.1449688024666,0.07013876543325168,4
avGFP,L64M:S65T:S72A:K79R:K158G:I167V,6,2.4532914666482806,283.98242711008095,0.07009864340088415,4
avGFP,F46Y:S65T:Q69H:S72A:Q80R:H231Y,6,2.453040178451322,283.81815886877524,0.07005809518462106,4
avGFP,Y39N:S65T:Q69H:S72A:N149H:K158G,6,2.451412733585252,282.75658875485885,0.06979605564359123,4
avGFP,S65T:S72A:F99C:T203I:A206V,5,2.451353104156285,282.71776842169095,0.06978647317498875,3
avGFP,L64M:S65T:S72A:K79R:Y145L:A206V,6,2.4512714768259594,282.66463551529483,0.06977335776958772,4
avGFP,S65T:Q69H:S72A:V93F:N149H:N164T,6,2.4501430798550063,281.9311610471671,0.06959230584426909,4
avGFP,L64M:S65T:S72A:N149H:K158G:I171S,6,2.449331977923302,281.40510899831696,0.06946245437649373,4
avGFP,S65T:S72A:R73L:F99C:M153I:I167V,6,2.4490850908649477,281.24518171716994,0.06942297768927305,4
avGFP,S65T:S72A:K79R:V163A:N164T:S202T,6,2.4482272575921105,280.6902049269882,0.06928598639545741,4
sfGFP,S30C:S65T:S72A:N164T,4,2.447391693862156,280.15068832747755,1.4936729046105466,2
avGFP,S65T:Q69H:S72A:V93F:K158G:T203I,6,2.4471224829781377,279.97708206066534,0.06910995808970591,4
avGFP,F46Y:S65T:S72A:I171S:H231Y,5,2.446944103226037,279.86210941082936,0.0690815780703374,3
sfGFP,S65T:S72A:K158G:N164T:I167V:S202T,6,2.4466593367456686,279.67866423979257,1.4911562247683239,4
avGFP,Y39N:S65T:S72A:K158G:I171S,5,2.445639736664944,279.0228283392431,0.06887440868612957,3
avGFP,Y39N:S65T:S72A:Q80R:F99C:L178V,6,2.4456385344280336,279.0220559345897,0.06887421802461957,4
avGFP,Y39N:L64M:S65T:S72A:V93F:N105Y,6,2.4454692746210647,278.9133324314418,0.06884738055388587,4
avGFP,S30C:S65T:S72A:N149H:N164T:I171S,6,2.4450564504301164,278.6483337542694,0.06878196788746896,4
avGFP,F46Y:L64M:S65T:S72A:K158G:L178V,6,2.4447449729701196,278.44855788262964,0.068732654915083,4
avGFP,S65T:S72A:K79R:M153I:K158G,5,2.4444268146064734,278.24464487210287,0.06868232072519956,3
avGFP,L64M:S65T:S72A:N105Y:K158G,5,2.4443256780817118,278.179856068183,0.06866632816077027,3
avGFP,Y39N:F46Y:S65T:Q69H:S72A:R73L,6,2.4441106618496553,278.0421652089361,0.06863234034490387,4
avGFP,Y39N:L64M:S65T:S72A:Q80R:N164T,6,2.4436562507344584,277.7513962036376,0.06856056649247971,4
avGFP,S65T:S72A:F99C:Y145L:N164T:L178V,6,2.4435251146217136,277.6675412585655,0.06853986761349687,4
avGFP,S65T:S72A:V93F:M153I:K158G:S202T,6,2.443511755516983,277.65900020435515,0.06853775932701078,4
avGFP,S30C:S65T:S72A:M153I:S202T:H231Y,6,2.443412941594136,277.59583234218627,0.06852216687824685,4
avGFP,S65T:S72A:Q80R:F99C:N105Y:N164T,6,2.442812741462679,277.2124565812448,0.06842753383694122,4
avGFP,Y39N:S65T:S72A:Q80R:Y145L:T203I,6,2.4422516334681004,276.8545296615844,0.06833918262535332,4
avGFP,S65T:S72A:R73L:F99C:N105Y:Y145L,6,2.442182045034873,276.8101719036135,0.06832823329060148,4
avGFP,S65T:S72A:Q80R:N149H:V163A:H231Y,6,2.441917359156495,276.6415180888918,0.0682866025328934,3
avGFP,L64M:S65T:S72A:V163A:L178V:H231Y,6,2.441907382675319,276.63516323679715,0.0682850338917793,4
avGFP,S65T:S72A:R73L:K79R:Y145L:M153I,6,2.44185358134813,276.60089520508694,0.06827657512001883,4
avGFP,S30C:L64M:S65T:S72A:S147N:K158G,6,2.441012995899812,276.06604654441,0.06814455228353644,4
avGFP,L64M:S65T:S72A:V93F:K158G:T203I,6,2.4403778304056583,275.6625888176184,0.06804496218000256,4
avGFP,S65T:S72A:F99C:M153I:K158G:I171S,6,2.4400396889178575,275.44804158428036,0.0679920030227918,4
avGFP,S65T:S72A:F99C:Y145L:N164T,5,2.4397113580655065,275.23987888221006,0.06794061983274627,3
avGFP,S65T:Q69H:S72A:N149H:N164T:T203I,6,2.43960145272012,275.170233726989,0.06792342851936072,4
sfGFP,S65T:Q69H:S72A:N164T:H231Y,5,2.439561026902138,275.14462100444575,1.4669821719776561,3
avGFP,S30C:S65T:S72A:F99C:N105Y:L178V,6,2.4369334496212898,273.48496115568923,0.06750743333891583,4
avGFP,Y39N:S65T:S72A:Y145L:V163A:S202T,6,2.4363257480636706,273.1025454921149,0.06741303728946797,4
avGFP,S30C:S65T:S72A:F99C:Y145L:N149H,6,2.4362761901328187,273.0713831692117,0.06740534513547461,4
avGFP,S65T:S72A:R73L:N105Y:N164T,5,2.4358001473571926,272.7722256949263,0.06733150066092722,3
avGFP,L64M:S65T:S72A:Q80R:N105Y:H231Y,6,2.4357075229203486,272.71405622515084,0.06731714202275335,4
avGFP,S65T:S72A:N149H:K158G:H231Y,5,2.435495844524952,272.58116573249436,0.06728433913649418,3
avGFP,S65T:Q69H:S72A:Q80R:M153I:K158G,6,2.4352386093925174,272.41976213700707,0.06724449803365262,4
avGFP,S65T:S72A:Q80R:I171S:S202T:H231Y,6,2.434257925656152,271.80530297883735,0.06709282402392157,4
avGFP,L64M:S65T:S72A:K79R:Q80R:F99C,6,2.4338624076370823,271.5578787961776,0.06703174947178986,4
sfGFP,S65T:S72A:R73L:Q80R:N164T,5,2.4331229503587433,271.09590056879017,1.4453957034624954,2
sfGFP,S65T:S72A:R73L:N164T:A206V,5,2.4331229503587433,271.09590056879017,1.4453957034624954,2
sfGFP,S65T:S72A:R73L:N164T,4,2.4331229503587433,271.09590056879017,1.4453957034624954,2
avGFP,S65T:S72A:K79R:F99C:N105Y:H231Y,6,2.4329639682534516,270.9966787018955,0.06689322200836209,4
avGFP,S65T:S72A:K158G:N164T:A206V,5,2.4325759144354175,270.75464401808125,0.06683347780811703,3
avGFP,S65T:S72A:F99C:I167V:T203I:A206V,6,2.432565407986121,270.7480940027142,0.06683186099261139,4
avGFP,S65T:Q69H:S72A:N149H:K158G:S202T,6,2.430803737621524,269.652057021625,0.06656131359898068,4
avGFP,S65T:S72A:M153I:I167V:T203I:H231Y,6,2.4303998104155724,269.40137650340614,0.06649943524815102,4
avGFP,F46Y:S65T:S72A:R73L:F99C,5,2.430277685321627,269.32563056527283,0.06648073800846509,3
avGFP,F46Y:L64M:S65T:S72A:R73L:I167V,6,2.4296371385224553,268.9286913513189,0.06638275694430579,4
sfGFP,F46Y:S65T:S72A:R73L:I167V:H231Y,6,2.429193322938692,268.6540072735911,1.432376317814135,4
avGFP,Y39N:L64M:S65T:S72A:K158G,5,2.429185421569547,268.6491195412754,0.06631374702416175,3
avGFP,L64M:S65T:S72A:N105Y:H231Y,5,2.4291367628007734,268.6190215233318,0.06630631758478281,3
avGFP,L64M:S65T:S72A:L178V:H231Y,5,2.4269260814888987,267.2551491900001,0.06596965731565464,3
avGFP,Y39N:S65T:S72A:K79R:V93F:H231Y,6,2.4250720464974997,266.11664925840745,0.06568862830435701,4
avGFP,S30C:S65T:S72A:R73L:F99C,5,2.424740444964542,265.91353590587755,0.06563849150323928,3
avGFP,S30C:S65T:Q69H:S72A:N164T:L178V,6,2.4241519332259056,265.55344094756373,0.06554960512977535,4
avGFP,F46Y:S65T:S72A:Q80R:F99C:V163A,6,2.4240180199445156,265.4715710364151,0.06552939623950961,3
avGFP,S30C:Y39N:S65T:S72A:N164T,5,2.4230147590870077,264.859014690713,0.06537819192282955,3
sfGFP,S65T:S72A:N164T:I167V:T203I:H231Y,6,2.422808392326592,264.7331896686914,1.4114717858448511,4
avGFP,S65T:S72A:R73L:F99C:L178V:H231Y,6,2.4208900449185875,263.5664001477805,0.06505912103234555,4
avGFP,S30C:Y39N:L64M:S65T:S72A:S202T,6,2.4200971226516543,263.0856272841188,0.0649404463457827,4
avGFP,Y39N:F46Y:S65T:S72A:K79R:S202T,6,2.4193291757077597,262.620833714618,0.06482571601188487,4
avGFP,S65T:S72A:K79R:Q80R:K158G,5,2.4190506919151114,262.4524866474141,0.0647841609721889,3
avGFP,S65T:S72A:K158G:N164T,4,2.4182179070366714,261.9497009841597,0.06466005261353373,2
avGFP,F46Y:S65T:S72A:S147N:A206V:H231Y,6,2.4174099143014653,261.4628039624986,0.06453986623072934,4
avGFP,L64M:S65T:S72A:N164T:A206V:H231Y,6,2.4168601993719374,261.1320627558463,0.0644582255808517,4
avGFP,S65T:Q69H:S72A:F99C:S147N:K158G,6,2.4168216530542543,261.1088867009222,0.06445250476908845,4
avGFP,S65T:S72A:R73L:S147N:V163A:H231Y,6,2.4162127150658526,260.74303424347283,0.06436219720600062,4
avGFP,Y39N:S65T:S72A:R73L:N164T,5,2.4153780891837933,260.24242022606484,0.06423862489962631,3
avGFP,S65T:S72A:V93F:K158G:V163A:T203I,6,2.4151472875962967,260.1041536610044,0.06420449497568323,4
sfGFP,S30C:Y39N:S65T:S72A:F99C:K158G,6,2.4150012971785433,260.01673294998034,1.3863251633304985,3
sfGFP,S30C:S65T:S72A:F99C:K158G:V163A,6,2.4150012971785433,260.01673294998034,1.3863251633304985,3
avGFP,L64M:S65T:S72A:I171S:T203I:H231Y,6,2.414662565052072,259.81400948560184,0.06413287535719711,4
avGFP,Y39N:S65T:S72A:K79R:V93F:V163A,6,2.413709104448281,259.2442332078425,0.06399223093592293,4
avGFP,S30C:S65T:S72A:K158G:I171S:H231Y,6,2.4123370611816455,258.4265091804023,0.06379038272445721,4
avGFP,S30C:S65T:S72A:S202T:T203I,5,2.4115363396418608,257.9504795764725,0.06367287887115997,3
avGFP,S65T:S72A:F99C:N105Y:S147N:S202T,6,2.4114395820668695,257.8930165328099,0.0636586946082553,4
avGFP,S30C:S65T:S72A:R73L:H231Y,5,2.411003155954962,257.63398788224924,0.06359475559205968,3
avGFP,S65T:S72A:K158G:V163A:A206V,5,2.4106097967186004,257.40074331760917,0.06353718115786569,3
avGFP,S30C:S65T:S72A:S147N:N149H:N164T,6,2.408796009495475,256.3279767122473,0.06327237785828514,4
avGFP,F46Y:S65T:S72A:S147N:I171S:H231Y,6,2.4082636800801276,256.01397933128084,0.06319487027916777,4
avGFP,S65T:S72A:F99C:S147N:N164T:I167V,6,2.4079647013231003,255.83779380826778,0.06315138038341692,4
avGFP,S65T:S72A:F99C:T203I:H231Y,5,2.407900914158614,255.80022029598013,0.06314210568192931,3
avGFP,Y39N:S65T:S72A:Y145L:K158G:T203I,6,2.407255663389854,255.42044864022284,0.06304836228329158,4
avGFP,S65T:S72A:Q80R:K158G:N164T,5,2.4070953440208127,255.3261778408235,0.0630250923393818,3
avGFP,F46Y:S65T:S72A:Q80R:I171S:S202T,6,2.406749733224013,255.12307053748597,0.06297495703145568,4
avGFP,F46Y:S65T:S72A:V93F:Y145L:K158G,6,2.4063835300809453,254.9080378906473,0.06292187805405668,4
avGFP,Y39N:S65T:S72A:R73L:K158G:I167V,6,2.40506454317932,254.13503632242873,0.06273106920074029,4
avGFP,F46Y:S65T:S72A:S147N:V163A,5,2.40500289414211,254.09896386693833,0.06272216502233831,3
avGFP,F46Y:S65T:S72A:I167V:H231Y,5,2.402656579323374,252.72987311417418,0.06238421663081949,3
avGFP,F46Y:L64M:S65T:S72A:A206V,5,2.401351829662597,251.97173688796565,0.062197077160567396,3
avGFP,Y39N:S65T:S72A:N164T:S202T,5,2.4009822127960883,251.75738145080328,0.062144165346609055,3
avGFP,F46Y:S65T:S72A:F99C:M153I:L178V,6,2.4006453991165335,251.5622086801246,0.06209598861048988,4
avGFP,S30C:S65T:S72A:M153I:S202T:T203I,6,2.3997004724264674,251.0154611545407,0.06196102864055003,4
avGFP,S65T:Q69H:S72A:F99C:K158G:S202T,6,2.3996474784189585,250.98483331047422,0.06195346841810527,4
avGFP,L64M:S65T:S72A:V93F:N164T:L178V,6,2.3993929264552065,250.83776728718465,0.061917166422844956,4
avGFP,S65T:S72A:R73L:N164T:S202T,5,2.3993908629275014,250.83657544737508,0.0619168722273391,3
avGFP,S30C:S65T:S72A:K158G:V163A,5,2.3983535243904255,250.23815214311955,0.06176915653156638,3
avGFP,S65T:S72A:V93F:S147N:K158G,5,2.398144822965246,250.11792839006,0.06173948032209174,3
avGFP,S65T:S72A:K79R:V93F:T203I:A206V,6,2.3977270156475012,249.8774214200408,0.06168011322498517,4
avGFP,S65T:Q69H:S72A:Q80R:Y145L:K158G,6,2.3961961192639745,248.99814934991025,0.06146307240339748,4
avGFP,Y39N:S65T:S72A:F99C:N164T,5,2.3950542437916744,248.34432703392568,0.06130168193342317,3
avGFP,L64M:S65T:S72A:K79R:N164T:S202T,6,2.3950398458745257,248.33609395263167,0.06129964966742842,4
avGFP,F46Y:S65T:S72A:R73L:V163A:L178V,6,2.394676833045124,248.12860450491615,0.06124843266448613,4
avGFP,S65T:S72A:K158G:S202T,4,2.39464073252255,248.1079797897177,0.06124334162920393,2
avGFP,L64M:S65T:S72A:N105Y:L178V:S202T,6,2.394165309571998,247.8365241465423,0.06117633511572437,4
avGFP,S30C:L64M:S65T:S72A:Q80R,5,2.3931536381064724,247.25987087335727,0.06103399316670201,3
avGFP,L64M:S65T:S72A:V93F:H231Y,5,2.3926926635437575,246.99756028538096,0.06096924403220821,3
avGFP,S65T:S72A:R73L:V93F:K158G,5,2.3916614857884406,246.41179126257543,0.06082465193803256,3
avGFP,S30C:S65T:Q69H:S72A:N164T:S202T,6,2.3909285024586175,245.99625892032995,0.06072208131851564,4
avGFP,F46Y:L64M:S65T:S72A:Q80R:N105Y,6,2.3908466952819554,245.94992546460782,0.0607106442996013,4
avGFP,S30C:L64M:S65T:S72A:N149H:V163A,6,2.3902878893070065,245.63366562084664,0.06063257825081287,4
avGFP,S65T:S72A:F99C:S202T:H231Y,5,2.390191630515482,245.57922841137517,0.06061914088930669,3
avGFP,S30C:S65T:S72A:K79R:F99C:V163A,6,2.3896986696346425,245.30063341054978,0.06055037208619848,4
avGFP,S65T:S72A:N105Y:Y145L:S202T:A206V,6,2.389594475189951,245.24178878189053,0.0605358467908046,4
avGFP,S65T:S72A:V93F:Y145L:N149H:T203I,6,2.3892544659248505,245.04986405915162,0.060488471807655125,4
avGFP,S30C:S65T:S72A:V93F:N164T:T203I,6,2.38920320999693,245.02094470250833,0.060481333310779276,4
avGFP,F46Y:L64M:S65T:S72A:N149H:V163A,6,2.3890246537163926,244.9202272449329,0.06045647206420613,4
avGFP,S65T:S72A:Y145L:N149H:K158G:A206V,6,2.387133912176215,243.85626190490257,0.06019384128201067,4
avGFP,S30C:S65T:S72A:N149H:N164T,5,2.386828041004009,243.68457577076109,0.06015146202208063,3
avGFP,S65T:S72A:K158G:V163A:I167V,5,2.386548555238132,243.52780550714857,0.06011276461774942,3
avGFP,S30C:S65T:S72A:M153I:K158G,5,2.3846256524523852,242.4519338269044,0.0598471948568807,3
avGFP,S65T:S72A:V93F:N149H:K158G:A206V,6,2.3840052361558817,242.10582365196822,0.05976176050808254,4
avGFP,F46Y:S65T:S72A:F99C:N149H:H231Y,6,2.383169220512694,241.6402189172953,0.0596468299449708,4
avGFP,S30C:F46Y:S65T:S72A:V163A:S202T,6,2.3825949243239575,241.320893324629,0.059568007142176686,4
avGFP,F46Y:S65T:S72A:N105Y:K158G:I167V,6,2.382005830723581,240.99377836607488,0.05948726160075665,4
sfGFP,S65T:Q69H:S72A:R73L:K158G:H231Y,6,2.3814477277948867,240.68428111261088,1.2832507798208188,4
avGFP,F46Y:S65T:S72A:Q80R:M153I:V163A,6,2.381410437215067,240.6636157082547,0.05940576376073061,3
avGFP,S65T:S72A:R73L:K79R:N164T:S202T,6,2.380795229927902,240.32294089255083,0.05932167108406498,4
avGFP,S65T:S72A:Q80R:V93F:Y145L:T203I,6,2.380382937497882,240.09490135603443,0.059265381466731125,4
avGFP,S65T:Q69H:S72A:V93F:I171S:H231Y,6,2.37872505541905,239.18010676965972,0.05903957221456045,4
avGFP,S65T:S72A:Q80R:K158G:I167V:S202T,6,2.3786327030370953,239.12925071443786,0.059027018830479436,4
avGFP,Y39N:S65T:S72A:K79R:Q80R:H231Y,6,2.3776072119799463,238.56526562211857,0.058887803914006526,4
avGFP,Y39N:S65T:S72A:N164T:H231Y,5,2.3768185754337354,238.132447395845,0.05878096642124436,3
sfGFP,S30C:Y39N:S65T:S72A:F99C,5,2.376096052422216,237.73660278550634,1.267534711889702,2
sfGFP,S30C:S65T:S72A:Q80R:F99C,5,2.376096052422216,237.73660278550634,1.267534711889702,2
sfGFP,S30C:S65T:S72A:F99C,4,2.376096052422216,237.73660278550634,1.267534711889702,2
avGFP,S30C:L64M:S65T:S72A:F99C,5,2.37543886129748,237.3771226665604,0.0585945209450619,3
avGFP,L64M:S65T:S72A:F99C:K158G:I167V,6,2.3742241949810023,236.71413668323066,0.05843086850185209,4
avGFP,S65T:S72A:F99C:N149H:K158G:I167V,6,2.3738159480463152,236.49172443060021,0.058375967931616854,4
avGFP,F46Y:S65T:S72A:V93F:H231Y,5,2.3737366050813073,236.4485227748757,0.05836530397085781,3
avGFP,F46Y:L64M:S65T:S72A:R73L:N164T,6,2.3732961274299984,236.20882944326874,0.05830613771346339,4
avGFP,S65T:S72A:R73L:N105Y:K158G:A206V,6,2.3725532913640186,235.80515297613115,0.05820649361573816,4
avGFP,L64M:S65T:S72A:R73L:N105Y:V163A,6,2.372478417452346,235.76450283418788,0.05819645947442429,4
avGFP,S65T:S72A:V93F:S147N:N149H:K158G,6,2.3713229784854293,235.13808584949112,0.05804183377706206,4
avGFP,S65T:S72A:K79R:N105Y:S202T:A206V,6,2.3702432367377204,234.55421229964026,0.05789770956424118,4
avGFP,S65T:S72A:K79R:Q80R:F99C:K158G,6,2.369939432848117,234.3901909571595,0.05785722229285013,4
sfGFP,S30C:S65T:S72A:R73L:V163A:T203I,6,2.369852433924722,234.34324204853448,1.2494424094268957,3
sfGFP,S65T:S72A:R73L:K79R:K158G:S202T,6,2.369638430519008,234.22779527226305,1.248826884536806,4
avGFP,F46Y:S65T:S72A:N105Y:N164T:S202T,6,2.366621709428777,232.60642654817573,0.05741691524114629,4
avGFP,S30C:S65T:S72A:S147N:K158G:I167V,6,2.3646978792088063,231.57830945288106,0.05716313329283765,4
avGFP,S65T:S72A:Q80R:N149H:K158G:T203I,6,2.364551752845519,231.50040378004638,0.05714390294103554,4
sfGFP,Y39N:S65T:S72A:R73L:K158G,5,2.364517620407911,231.48221022033488,1.2341883126173432,2
sfGFP,S65T:S72A:R73L:K158G,4,2.364517620407911,231.48221022033488,1.2341883126173432,2
avGFP,S30C:S65T:S72A:N164T:I171S:S202T,6,2.3635540399183923,230.9691839483716,0.0570127758500849,4
avGFP,S65T:S72A:F99C:N164T:T203I,5,2.3620029445384825,230.14574213529565,0.05680951625193443,3
avGFP,F46Y:S65T:S72A:I167V:T203I:H231Y,6,2.361738257462422,230.00551920682742,0.05677490341634685,4
avGFP,S65T:S72A:F99C:N105Y:I167V:S202T,6,2.3612414893179356,229.74257759279223,0.05670999851844498,4
avGFP,S65T:S72A:K79R:Q80R:N149H:I171S,6,2.3599798135131915,229.07611731857224,0.0565454884761201,4
sfGFP,S65T:S72A:R73L:N164T:S202T,5,2.3588297483552814,228.47029810496616,1.2181297708923422,3
avGFP,S65T:S72A:F99C:V163A:I171S:H231Y,6,2.35781553378895,227.93737043200466,0.05626439850609028,4
avGFP,S65T:Q69H:S72A:V93F:Y145L:I171S,6,2.3577729582798357,227.9150259760523,0.05625888296745034,4
avGFP,F46Y:S65T:Q69H:S72A:Q80R:N149H,6,2.3577623760371775,227.9094725489957,0.05625751215128098,4
sfGFP,S65T:S72A:R73L:K79R:S147N:N164T,6,2.3574708704194713,227.7565472815489,1.2143242822392657,4
avGFP,S65T:S72A:Q80R:N105Y:I171S:H231Y,6,2.357030174946196,227.525551090071,0.05616274440907601,4
avGFP,Y39N:S65T:S72A:V93F:N105Y:A206V,6,2.356892368734415,227.45336629020488,0.056144926206040446,4
avGFP,S65T:S72A:R73L:V93F:M153I:N164T,6,2.356490609574516,227.24304996707738,0.05609301141297974,4
avGFP,S65T:S72A:F99C:M153I:H231Y,5,2.3552236067199526,226.58106131582412,0.05592960515269854,3
avGFP,S65T:S72A:F99C:N105Y:H231Y,5,2.3543069661884553,226.1033339580844,0.0558116822233334,3
avGFP,S65T:S72A:R73L:M153I:V163A,5,2.3542849865176603,226.0918911438249,0.05580885766209402,3
avGFP,S65T:S72A:Q80R:K158G:H231Y,5,2.353897834161701,225.89043105557283,0.055759128955182105,3
avGFP,F46Y:S65T:Q69H:S72A:R73L:S202T,6,2.353380224858624,225.6213662978649,0.055692712611416575,4
avGFP,S65T:S72A:R73L:S147N:K158G:A206V,6,2.353336623806224,225.5987161477226,0.0556871216147695,4
avGFP,S65T:S72A:R73L:M153I:S202T:T203I,6,2.3528374240980137,225.33955072444584,0.05562314883739382,4
avGFP,Y39N:S65T:Q69H:S72A:R73L:V163A,6,2.352723625971394,225.28051276646352,0.05560857582030317,4
avGFP,S65T:S72A:R73L:V93F:A206V:H231Y,6,2.351613921071292,224.70561306369206,0.05546666672520191,4
sfGFP,S65T:S72A:R73L:Q80R:Y145L:N164T,6,2.3515909269292123,224.69371612226863,1.197994256632953,3
sfGFP,S65T:S72A:R73L:Y145L:N164T,5,2.3515909269292123,224.69371612226863,1.197994256632953,3
sfGFP,S30C:S65T:S72A:F99C:V163A:L178V,6,2.351300794454912,224.54365855574724,1.1971941981980339,3
avGFP,S65T:S72A:K158G:S202T:A206V,5,2.35038871160855,224.0725784004792,0.05531040751026198,3
sfGFP,S65T:Q69H:S72A:R73L:K158G:N164T,6,2.3499642979738837,223.8537107689054,1.1935156196410643,4
avGFP,F46Y:S65T:S72A:R73L:M153I,5,2.3493278057713574,223.52587610888352,0.05517545870594686,3
avGFP,S65T:Q69H:S72A:S147N:K158G:N164T,6,2.3478097133978904,222.74589718452683,0.05498292755169523,4
avGFP,S65T:S72A:Y145L:S147N:K158G:S202T,6,2.345812204343333,221.72374446843543,0.05473061785959318,4
avGFP,S30C:Y39N:S65T:S72A:M153I:K158G,6,2.344545774706175,221.0781260709763,0.054571252457032565,4
avGFP,S65T:S72A:R73L:Q80R:V93F:Y145L,6,2.344449838677106,221.0292951140965,0.05455919895122915,4
avGFP,S65T:S72A:V93F:V163A:N164T:S202T,6,2.34444770594491,221.02820968668223,0.05455893102271672,4
avGFP,S65T:S72A:R73L:Q80R:F99C:K158G,6,2.343804711634884,220.7012086970959,0.05447821361356568,4
avGFP,S30C:S65T:S72A:F99C:N164T,5,2.3435310645467493,220.56218961547597,0.05444389793731923,3
avGFP,L64M:S65T:S72A:F99C:S147N:S202T,6,2.342814260795091,220.19845161895185,0.05435411231090153,4
avGFP,S65T:S72A:V93F:Y145L:K158G,5,2.3422029213107103,219.8887048663298,0.05427765396318757,3
avGFP,L64M:S65T:S72A:F99C:I171S:L178V,6,2.342119232547637,219.8463362856851,0.05426719563991653,4
avGFP,S65T:S72A:F99C:K158G:I167V:A206V,6,2.3419685769699474,219.77008541436547,0.05424837376177415,4
avGFP,S65T:S72A:K158G:I167V:I171S:H231Y,6,2.3418767667197233,219.7236307279925,0.054236906818106195,4
avGFP,Y39N:S65T:S72A:F99C:V163A:N164T,6,2.340841456009459,219.20045738231963,0.05410776593369171,4
sfGFP,S30C:S65T:S72A:Q80R:F99C:Y145L,6,2.3404354341674294,218.9956226744779,1.1676138644171927,3
avGFP,S65T:S72A:S147N:K158G:N164T:L178V,6,2.3396205806159194,218.58511306999534,0.053955873431196615,4
avGFP,Y39N:S65T:S72A:R73L:Y145L:T203I,6,2.3392734651669533,218.41047590752873,0.05391276573505898,4
avGFP,S65T:S72A:K158G:H231Y,4,2.3375791491661992,217.56004960565133,0.053702845245679795,2
avGFP,S65T:Q69H:S72A:R73L:N149H:N164T,6,2.336706006960711,217.12308795705576,0.05359498498440775,4
avGFP,S30C:S65T:S72A:Q80R:F99C:I171S,6,2.3365191371116802,217.02968352182634,0.05357192889511434,4
avGFP,S30C:L64M:S65T:S72A:I171S:H231Y,6,2.336198735280414,216.86962838227626,0.05353242064713585,4
avGFP,Y39N:S65T:S72A:K79R:Y145L:A206V,6,2.33454818920292,216.04697466372974,0.05332935558340763,4
avGFP,S65T:S72A:K79R:Y145L:K158G:H231Y,6,2.3328565032325033,215.20705440384742,0.05312202842101301,4
avGFP,S65T:S72A:K79R:V163A:I171S:H231Y,6,2.332515476595491,215.03813093461017,0.05308033110138445,4
sfGFP,F46Y:S65T:S72A:R73L:Y145L:N164T,6,2.3304508977113434,214.01829393050596,1.1410763565974025,4
avGFP,F46Y:S65T:S72A:K79R:I171S:H231Y,6,2.32911325701613,213.36012494928354,0.05266612961579618,4
avGFP,L64M:S65T:S72A:F99C:N164T,5,2.327897307998034,212.76358919426912,0.05251887984547703,3
avGFP,F46Y:L64M:S65T:Q69H:S72A:I171S,6,2.3274469007199885,212.54304622767927,0.052464440692579856,4
avGFP,S30C:S65T:S72A:R73L:F99C:N105Y,6,2.3269528027041173,212.3013729268857,0.05240478569665549,4
avGFP,Y39N:S65T:S72A:Q80R:K158G:L178V,6,2.3267152268228815,212.1852676234695,0.05237612609139771,4
avGFP,Y39N:F46Y:S65T:S72A:H231Y,5,2.3261975442384637,211.93249172956465,0.052313730514926673,3
avGFP,S65T:S72A:Y145L:K158G:H231Y,5,2.3259109916424947,211.79270230673862,0.05227922468651463,3
avGFP,Y39N:S65T:S72A:Q80R:K158G:I167V,6,2.3258388572989555,211.75752742082577,0.0522705420655181,4
avGFP,S30C:S65T:S72A:Y145L:N164T:L178V,6,2.3249089835903725,211.30461559487478,0.05215874463881649,4
avGFP,L64M:S65T:S72A:V93F:Y145L:V163A,6,2.324675053888442,211.19082848148926,0.05213065725902333,4
avGFP,Y39N:L64M:S65T:S72A:N149H:K158G,6,2.32442499067478,211.06926153027038,0.05210064949252331,4
avGFP,S30C:S65T:S72A:F99C:I171S,5,2.322103715835825,209.94412008395634,0.051822917909540016,3
avGFP,S30C:Y39N:F46Y:S65T:S72A:K158G,6,2.321446392159051,209.6266008340195,0.051744540987063714,4
avGFP,S65T:Q69H:S72A:K158G:I171S:H231Y,6,2.319885806106939,208.8746841133034,0.05155893674876974,4
avGFP,S65T:S72A:R73L:K158G:I171S,5,2.318750101894424,208.32917877730736,0.051424283402749696,3
avGFP,S65T:S72A:Y145L:K158G:N164T:I171S,6,2.318158379964505,208.0455256159098,0.05135426603578553,4
avGFP,S65T:S72A:Y145L:N164T:S202T:A206V,6,2.3177945826368394,207.8713241973443,0.05131126589931857,4
avGFP,L64M:S65T:S72A:K158G:L178V:A206V,6,2.3169796160959293,207.48161322766396,0.05121506906569391,4
avGFP,S65T:S72A:N105Y:K158G:I171S:H231Y,6,2.316569985410606,207.28600686038286,0.05116678529994645,4
avGFP,S30C:S65T:S72A:N164T:T203I:H231Y,6,2.3156334618455037,206.83949170283154,0.05105656683635769,4
avGFP,Y39N:S65T:S72A:R73L:Y145L,5,2.3123110293920957,205.26316891586183,0.05066746498222907,3
avGFP,S30C:L64M:S65T:S72A:N105Y:H231Y,6,2.3116195644036663,204.93661775916038,0.05058685861049436,4
avGFP,S65T:S72A:M153I:K158G:I171S,5,2.3115011374962364,204.8807416149732,0.05057306606020929,3
avGFP,S65T:S72A:Q80R:S147N:K158G:I171S,6,2.311475792518825,204.868785335381,0.05057011475442581,4
avGFP,S65T:S72A:S147N:K158G:S202T,5,2.3108806281822702,204.588222053822,0.050500860097982714,3
avGFP,Y39N:S65T:Q69H:S72A:S147N:K158G,6,2.3090842978143153,203.74375118375167,0.05029240965622158,4
sfGFP,S30C:S65T:S72A:H231Y,4,2.308022075350313,203.24603190258205,1.0836421378612822,2
sfGFP,S30C:S65T:S72A:A206V:H231Y,5,2.308022075350313,203.24603190258205,1.0836421378612822,2
sfGFP,S30C:S65T:S72A:V163A:H231Y,5,2.308022075350313,203.24603190258205,1.0836421378612822,2
avGFP,Y39N:S65T:S72A:S147N:K158G,5,2.3059416557272083,202.27474191700148,0.04992979723054991,3
avGFP,L64M:S65T:S72A:Q80R:F99C:N149H,6,2.305907288449628,202.25873582563707,0.04992584626322347,4
sfGFP,S65T:S72A:R73L:V93F:K158G:N164T,6,2.305838848093145,202.22686443448396,1.0782082663921562,4
avGFP,F46Y:L64M:S65T:S72A:H231Y,5,2.3036307709122794,201.20129465361498,0.04966482591633328,3
avGFP,S30C:S65T:S72A:F99C:M153I:T203I,6,2.301975239033285,200.4357747188088,0.04947586384050228,4
avGFP,S65T:S72A:Q80R:V93F:K158G:N164T,6,2.3011524280971343,200.0563901672289,0.049382215995233694,4
avGFP,S65T:S72A:K158G:I167V:A206V:H231Y,6,2.3006358722173874,199.81858177663588,0.04932351501947417,4
avGFP,S65T:S72A:F99C:N149H:N164T:L178V,6,2.300483252527639,199.74837390303512,0.049306184803849365,4
avGFP,L64M:S65T:S72A:Q80R:I171S:H231Y,6,2.300460019902987,199.73768863056551,0.049303547235348695,4
avGFP,S30C:S65T:S72A:F99C:A206V:H231Y,6,2.3004053139508716,199.71253023525145,0.04929733709974416,4
avGFP,S65T:S72A:M153I:K158G:N164T:A206V,6,2.293823251647296,196.70855659896299,0.048555831793029476,4
avGFP,L64M:S65T:S72A:K158G:N164T,5,2.29262849749164,196.1681504897677,0.04842243714771413,3
avGFP,Y39N:S65T:S72A:Q80R:K158G,5,2.292328022262884,196.03247461457684,0.04838894671349997,3
avGFP,S65T:S72A:K79R:Y145L:K158G:N164T,6,2.292152322670723,195.9531831175318,0.04836937428279486,4
avGFP,S65T:S72A:R73L:Y145L:V163A,5,2.292086588716166,195.92352627542178,0.04836205374391284,3
avGFP,S65T:S72A:R73L:F99C:S202T:T203I,6,2.2900898526495745,195.0248051415442,0.0481402120865905,4
avGFP,Y39N:S65T:S72A:V93F:K158G,5,2.2897978764771456,194.89373403301866,0.04810785829980802,3
avGFP,F46Y:S65T:S72A:M153I:H231Y,5,2.2889242479441214,194.5020790702835,0.048011181608055134,3
avGFP,S65T:S72A:R73L:N149H:K158G,5,2.2884327843009977,194.28209784148015,0.047956881115346135,3
avGFP,S65T:S72A:R73L:S147N:N164T:S202T,6,2.2879413781237674,194.06239108909756,0.04790264837480383,4
avGFP,S65T:S72A:Q80R:V93F:V163A:I167V,6,2.2854780732910114,192.96479094480236,0.047631715127649486,3
avGFP,S30C:Y39N:S65T:S72A:R73L:F99C,6,2.285418993188438,192.9385423860117,0.04762523589447588,4
avGFP,F46Y:S65T:S72A:K79R:H231Y,5,2.2848401930117794,192.68157738908818,0.04756180627360406,3
avGFP,S30C:S65T:S72A:F99C:N149H:L178V,6,2.284421833021683,192.49605477179767,0.04751601159565659,4
avGFP,S30C:S65T:S72A:Q80R:F99C:K158G,6,2.283391903832985,192.04009132779026,0.047403460903028966,4
avGFP,S65T:Q69H:S72A:V93F:K158G:V163A,6,2.2831263634570504,191.9227082764002,0.04737448589656664,4
avGFP,S65T:S72A:R73L:K79R:V163A,5,2.2828891917132115,191.8179263403816,0.047348621368107725,3
avGFP,Y39N:S65T:S72A:F99C:S147N:H231Y,6,2.2826845932714215,191.72758117712004,0.047326320434043195,4
avGFP,F46Y:S65T:S72A:M153I:I171S:H231Y,6,2.2822855856572533,191.55151255045783,0.047282859393160924,4
avGFP,S65T:S72A:V93F:N149H:S202T:T203I,6,2.281494486202602,191.2029049353153,0.047196808572519,4
avGFP,S65T:S72A:F99C:M153I:N164T,5,2.280847664885382,190.91834671969863,0.04712656780062936,3
avGFP,L64M:S65T:S72A:Q80R:N164T:S202T,6,2.2789894395873342,190.10320533929251,0.04692535709358711,4
avGFP,F46Y:L64M:S65T:S72A:M153I:H231Y,6,2.2774134826004055,189.41461369563157,0.046755384111212724,4
avGFP,L64M:S65T:S72A:R73L:K158G:H231Y,6,2.2759587222900874,188.7811912656156,0.046599029179340126,4
avGFP,S30C:S65T:S72A:K158G:L178V,5,2.2755389955430902,188.59883058268804,0.04655401499795937,3
avGFP,S30C:Y39N:S65T:S72A:N164T:T203I,6,2.2748672700020585,188.30734926338502,0.04648206531689013,4
avGFP,S30C:S65T:S72A:R73L:K158G,5,2.2740893906642876,187.97036756648336,0.04639888425514584,3
avGFP,Y39N:F46Y:S65T:S72A:R73L:S202T,6,2.2739804356407287,187.92321581148258,0.04638724524602418,4
avGFP,F46Y:S65T:S72A:R73L:N164T,5,2.272582675391923,187.31936435662618,0.04623818965750823,3
avGFP,S65T:S72A:Q80R:S147N:M153I:K158G,6,2.2698138258681575,186.12890649049712,0.0459443352726057,4
avGFP,F46Y:S65T:S72A:F99C:Y145L:K158G,6,2.2654449985296963,184.26591095874664,0.045484470693073126,4
avGFP,S30C:Y39N:S65T:S72A:R73L:N164T,6,2.2637064856234805,183.52975532534236,0.04530275694494196,4
avGFP,S30C:S65T:S72A:F99C:S147N:T203I,6,2.2628639376602786,183.1740457128193,0.04521495305673568,4
avGFP,F46Y:S65T:S72A:S147N:T203I:H231Y,6,2.262564208560558,183.04767143707267,0.04518375864312088,4
avGFP,S65T:Q69H:S72A:F99C:K158G:V163A,6,2.2574963812893154,180.92408348920796,0.044659569045184665,4
avGFP,L64M:S65T:S72A:I171S:L178V:H231Y,6,2.2558686786373094,180.24726292766502,0.04449250165417461,4
avGFP,S65T:S72A:F99C:N164T:S202T,5,2.254751547552208,179.78421061443262,0.04437820113455601,3
avGFP,S65T:S72A:K158G:I167V:H231Y,5,2.253072729381419,179.09057440100872,0.04420698294310118,3
avGFP,F46Y:S65T:S72A:V163A:H231Y,5,2.2524750837732013,178.84429200957462,0.04414619023240868,3
avGFP,S65T:S72A:V93F:Y145L:K158G:T203I,6,2.251554994379916,178.4657964113078,0.04405276181769405,4
avGFP,S65T:S72A:R73L:Y145L:N164T,5,2.2508985460074706,178.19624409003808,0.043986225123015955,3
avGFP,F46Y:S65T:S72A:N105Y:I167V:H231Y,6,2.2505910415000496,178.0701159540105,0.04395509146689438,4
avGFP,S65T:S72A:R73L:S147N:N164T:H231Y,6,2.250487401183158,178.02762625610993,0.043944603246860295,4
avGFP,L64M:S65T:S72A:K158G:N164T:T203I,6,2.2493008942290196,177.54191266110493,0.04382470898284649,4
sfGFP,S30C:S65T:S72A:F99C:T203I,5,2.2490136387463204,177.42451990750004,0.9459701833378446,3
avGFP,Y39N:S65T:S72A:K79R:N164T:H231Y,6,2.2489356484705527,177.3926610066098,0.04378786748313852,4
avGFP,S65T:S72A:K79R:K158G:S202T:A206V,6,2.2487523425527316,177.31780335935036,0.04376938951048905,4
avGFP,F46Y:S65T:S72A:Y145L:K158G:I167V,6,2.248281154042077,177.12552644212334,0.04372192759112989,4
avGFP,S65T:Q69H:S72A:K79R:Q80R:K158G,6,2.247160813382033,176.66918817304963,0.0436092843761271,4
avGFP,S65T:S72A:V93F:N149H:N164T:A206V,6,2.246544779713194,176.418765890063,0.043547469768465095,4
avGFP,S30C:S65T:S72A:N164T:S202T:H231Y,6,2.2456012106546344,176.035886084785,0.043452959149590846,4
avGFP,S65T:S72A:V93F:K158G:N164T,5,2.2425337842769797,174.796923370574,0.043147131756064126,3
avGFP,S30C:Y39N:S65T:S72A:Y145L:S202T,6,2.2377961734614433,172.90046985330946,0.0426790083577753,4
avGFP,F46Y:S65T:S72A:R73L:K79R:S147N,6,2.2364924020202634,172.382193250727,0.04255107619268621,4
avGFP,F46Y:S65T:S72A:N149H:K158G,5,2.2356114751122598,172.03288601857827,0.042464852677545066,3
avGFP,S65T:S72A:R73L:K158G:S202T,5,2.2350299835432823,171.80269950624773,0.042408033097517686,3
avGFP,S65T:S72A:F99C:S202T:T203I:H231Y,6,2.2347863870751317,171.70636211827434,0.04238425303381993,4
avGFP,F46Y:S65T:S72A:R73L:V93F:S202T,6,2.233748158498943,171.29636949470878,0.042283049846676336,4
avGFP,F46Y:S65T:S72A:Y145L:K158G,5,2.2335086153951447,171.20191388545604,0.042259734284028315,3
avGFP,L64M:S65T:S72A:K79R:Q80R:K158G,6,2.2326312348345856,170.8563934840975,0.04217444551581459,4
avGFP,S65T:S72A:F99C:K158G:T203I,5,2.231986443196401,170.60291332887527,0.04211187609843569,3
avGFP,Y39N:F46Y:S65T:S72A:K158G,5,2.2309566932968696,170.19887820892504,0.04201214347031836,3
avGFP,S65T:S72A:S147N:M153I:K158G:I167V,6,2.2309542559826756,170.19792303451015,0.04201190769364945,4
sfGFP,S30C:S65T:S72A:F99C:H231Y,5,2.2303562346867385,169.96372264225406,0.9061916242044692,3
avGFP,S30C:S65T:S72A:K158G:N164T:L178V,6,2.229464775614094,169.6152026631087,0.04186806813310697,4
avGFP,S65T:S72A:Y145L:K158G:V163A,5,2.226615354945278,168.50599438227658,0.04159426951631714,3
avGFP,S65T:S72A:K79R:N164T:S202T:A206V,6,2.226513199668183,168.46636285827284,0.04158448681216589,4
avGFP,L64M:S65T:S72A:K158G:V163A:A206V,6,2.225925564391825,168.23856850047233,0.041528257715109824,4
avGFP,L64M:S65T:S72A:R73L:V163A:H231Y,6,2.2250233731509943,167.889437155175,0.04144207761613988,4
avGFP,S65T:S72A:S147N:K158G:H231Y,5,2.224774354087443,167.79319903000157,0.041418322054618865,3
avGFP,Y39N:S65T:S72A:Q80R:V93F,5,2.2226346144803086,166.96852648190267,0.04121475866001039,3
avGFP,S65T:S72A:K79R:Q80R:F99C:H231Y,6,2.2221020310379775,166.7638953535206,0.04116424720885072,4
avGFP,S30C:S65T:S72A:Q80R:F99C:N164T,6,2.221998810402705,166.7242645718786,0.04115446468794513,4
avGFP,S65T:S72A:R73L:M153I:K158G,5,2.2219865994594294,166.71957689565522,0.04115330757499521,3
avGFP,F46Y:S65T:S72A:K79R:V163A:H231Y,6,2.22119356572054,166.41542011973684,0.041078229065419684,4
avGFP,S65T:Q69H:S72A:V93F:V163A:I171S,6,2.2207740318289817,166.25473836903726,0.041038566143815895,4
avGFP,S65T:S72A:M153I:K158G:L178V:H231Y,6,2.22047401858332,166.13992825405325,0.04101022624479123,4
avGFP,F46Y:L64M:S65T:S72A:F99C:N164T,6,2.220417308296196,166.1182350751158,0.041004871468335376,4
avGFP,S30C:S65T:S72A:R73L:S202T:T203I,6,2.2203814085812117,166.10450395241844,0.04100148205764806,4
avGFP,S65T:Q69H:S72A:Q80R:N149H:V163A,6,2.2203225707029564,166.08200176787986,0.04099592758505001,3
avGFP,S65T:S72A:R73L:M153I:N164T:S202T,6,2.2196496538708894,165.82486555924052,0.04093245570202438,4
avGFP,F46Y:S65T:S72A:R73L:S147N:N164T,6,2.2156034440767964,164.2870926511884,0.04055286955717007,4
avGFP,S65T:Q69H:S72A:F99C:K158G:L178V,6,2.2154862713007337,164.24277392523538,0.04054192985713942,4
avGFP,F46Y:S65T:S72A:R73L:F99C:N164T,6,2.212887560894735,163.26292044793206,0.040300061371861706,4
avGFP,F46Y:S65T:S72A:K158G:I167V:I171S,6,2.2109053877918807,162.51946642013274,0.040116546077235915,4
avGFP,Y39N:L64M:S65T:S72A:K158G:N164T,6,2.210342209576011,162.3088533274425,0.04006455802913628,4
avGFP,S30C:S65T:S72A:F99C:V163A:L178V,6,2.209773342425024,162.0963898173854,0.040012113221269976,4
avGFP,S65T:Q69H:S72A:R73L:Y145L:S202T,6,2.2095302801092553,162.00569444319558,0.03998972584062062,4
avGFP,Y39N:S65T:S72A:V93F:K158G:S202T,6,2.209242476241244,161.89836998585136,0.0399632337124276,4
avGFP,S30C:S65T:S72A:N164T:I167V:L178V,6,2.2081117058061146,161.47738428257287,0.03985931697718697,4
avGFP,F46Y:S65T:Q69H:S72A:R73L:N164T,6,2.2080856401636026,161.4676929656407,0.03985692475814502,4
avGFP,L64M:S65T:S72A:Q80R:K158G:A206V,6,2.206973301816309,161.05466240392883,0.039754971681844685,4
avGFP,S65T:S72A:R73L:Y145L:A206V,5,2.2060291353675754,160.70490609554693,0.039668637316060254,3
avGFP,S30C:F46Y:S65T:S72A:K158G,5,2.205969425644719,160.6828128242811,0.03966318378022079,3
sfGFP,S30C:S65T:S72A:R73L:F99C:I167V,6,2.20550938357977,160.51269388828177,0.8558017941641374,4
avGFP,S65T:S72A:R73L:F99C:T203I:A206V,6,2.2045400144383396,160.15482028316433,0.039532853318456955,4
avGFP,S30C:S65T:S72A:N164T:L178V:H231Y,6,2.2044624864303706,160.12623282349546,0.039525796747522414,4
avGFP,F46Y:L64M:S65T:S72A:L178V:A206V,6,2.204290135511561,160.0626989102727,0.039510113942173554,4
avGFP,S65T:S72A:R73L:K158G:A206V,5,2.203654759816609,159.82869733942894,0.039452352647445746,3
avGFP,S30C:L64M:S65T:Q69H:S72A:N164T,6,2.2018586712115322,159.16906722985857,0.039289528573090836,4
avGFP,F46Y:S65T:S72A:S147N:H231Y,5,2.2015790274637266,159.06661069599258,0.0392642380503474,3
avGFP,Y39N:S65T:S72A:N149H:N164T:H231Y,6,2.199782920325216,158.4101190392972,0.0391021886763539,4
avGFP,S30C:S65T:S72A:N149H:M153I:N164T,6,2.1995405624122757,158.3217429785287,0.03908037379846857,4
avGFP,S65T:S72A:Q80R:I171S:H231Y,5,2.1983548442488026,157.89007980469057,0.0389738214205623,3
avGFP,F46Y:S65T:S72A:S147N:V163A:N164T,6,2.196497671094574,157.2163361709721,0.03880751354297895,4
avGFP,S65T:S72A:F99C:K158G:A206V:H231Y,6,2.1964910699907305,157.21394656318947,0.03880692368865053,4
avGFP,S30C:S65T:S72A:M153I:K158G:S202T,6,2.1958701176178965,156.98932336291332,0.038751477364820014,4
avGFP,F46Y:S65T:S72A:R73L:K79R:V93F,6,2.19092940322468,155.21346820688066,0.038313122644842566,4
avGFP,S65T:S72A:R73L:K79R:V163A:N164T,6,2.190304568446433,154.99031768527422,0.038258039839198586,4
avGFP,S65T:S72A:F99C:K158G:I167V:T203I,6,2.188802006085331,154.45501219433416,0.038125904238056625,4
avGFP,S65T:S72A:S147N:M153I:K158G,5,2.187428334176132,153.96724334963628,0.038005502653161084,3
avGFP,S65T:S72A:R73L:Y145L:S202T,5,2.1872619157571154,153.9082555483994,0.03799094201683585,3
avGFP,Y39N:L64M:S65T:S72A:V93F:K158G,6,2.185989939362086,153.45814330798834,0.03787983564398019,4
avGFP,S30C:L64M:S65T:S72A:F99C:V163A,6,2.1857473783309866,153.3724581931187,0.0378586850031707,4
avGFP,S30C:S65T:S72A:N149H:K158G:N164T,6,2.1841615662436937,152.8134449119957,0.037720697335945755,4
avGFP,S65T:Q69H:S72A:K158G:V163A:S202T,6,2.1839284484766166,152.7314407158371,0.037700455298569024,4
avGFP,S65T:S72A:V93F:Y145L:K158G:H231Y,6,2.183741157563629,152.6655889838752,0.0376842003594057,4
avGFP,S65T:S72A:Q80R:V93F:I171S:H231Y,6,2.1829582187500427,152.39061395325584,0.03761632511511088,4
avGFP,S65T:S72A:R73L:F99C:S202T:H231Y,6,2.1812996656951213,151.8097502177787,0.037472943849333,4
avGFP,S65T:S72A:M153I:K158G:H231Y,5,2.1804120681180392,151.49980300217698,0.03739643601903989,3
avGFP,S30C:L64M:S65T:S72A:F99C:N105Y,6,2.179777774947991,151.27869692277253,0.037341857866540575,4
avGFP,S65T:S72A:V93F:Y145L:K158G:N164T,6,2.179539090333645,151.1955782591554,0.03732134073236383,4
avGFP,Y39N:S65T:S72A:N149H:K158G,5,2.1753536336499675,149.7454494417756,0.03696338878481093,3
avGFP,S65T:S72A:F99C:N149H:K158G:L178V,6,2.174167706371566,149.33709756836816,0.0368625906028693,4
avGFP,S65T:S72A:Q80R:V93F:I171S,5,2.1738021766033317,149.21145887993177,0.03683157776271688,3
avGFP,S65T:S72A:F99C:K158G:S202T,5,2.1735772348868894,149.13419519731846,0.03681250588073297,3
avGFP,S30C:S65T:S72A:K158G:N164T,5,2.173503173452664,149.10876510062812,0.03680622867795783,3
avGFP,S65T:S72A:S147N:K158G:I167V,5,2.1708955435491153,148.21615529720265,0.036585895550506245,3
avGFP,F46Y:S65T:S72A:F99C:K158G:I167V,6,2.16766488991098,147.1176875594638,0.03631474814529979,4
avGFP,Y39N:S65T:S72A:K158G:S202T,5,2.167286683999881,146.98962570054368,0.036283137166152064,3
avGFP,L64M:S65T:S72A:K158G:I167V:H231Y,6,2.1654491878877726,146.36902769228902,0.036129947833563256,4
avGFP,F46Y:S65T:S72A:N105Y:S147N:K158G,6,2.163127101663835,145.58851010614575,0.03593728371523749,4
avGFP,S65T:Q69H:S72A:R73L:K158G:N164T,6,2.1624645466757513,145.36657117869274,0.03588249998129091,4
avGFP,S30C:S65T:S72A:R73L:F99C:N164T,6,2.1608653237800466,144.8322654038136,0.03575061115154382,4
avGFP,S65T:S72A:K79R:Q80R:K158G:H231Y,6,2.1573851410619764,143.67630188276766,0.0354652714019303,4
avGFP,F46Y:S65T:S72A:K158G:L178V,5,2.157350081715528,143.66470377563,0.03546240850796661,3
avGFP,S65T:S72A:R73L:V93F:N164T:S202T,6,2.155652698569129,143.10430491847723,0.03532407882309992,4
avGFP,S65T:S72A:F99C:N105Y:S202T:T203I,6,2.1540656874477166,142.5823234395336,0.03519523214083619,4
avGFP,Y39N:S65T:S72A:K158G:N164T,5,2.1525299483392777,142.07901851835945,0.035070995607786135,3
avGFP,S65T:S72A:R73L:N164T:S202T:H231Y,6,2.151578282871864,141.76802294904223,0.03499422900030738,4
avGFP,L64M:S65T:S72A:S202T:T203I:H231Y,6,2.1513108343030813,141.68074580382253,0.034972685380365603,4
avGFP,S65T:S72A:Q80R:K158G:V163A,5,2.1496094907061716,141.12679887379886,0.03483594829875847,2
avGFP,S65T:S72A:R73L:N105Y:K158G:S202T,6,2.146813073302196,140.22100429450867,0.034612360621681874,4
avGFP,S65T:S72A:N149H:K158G:N164T,5,2.145916741852232,139.93190348460962,0.034540998549083754,3
avGFP,S65T:S72A:N105Y:K158G:V163A:S202T,6,2.144966206631168,139.6259710918379,0.034465481743611234,4
avGFP,Y39N:S65T:S72A:Q80R:I171S:H231Y,6,2.1442001479814206,139.37989980355533,0.03440474114193369,4
avGFP,S65T:S72A:S147N:N149H:K158G:N164T,6,2.144092613885512,139.34539271972835,0.034396223362194264,4
avGFP,S65T:S72A:R73L:K79R:K158G,5,2.1433976025854182,139.1225734692253,0.03434122232800066,3
avGFP,L64M:S65T:S72A:F99C:S147N:L178V,6,2.142076166016296,138.69990576810864,0.03423689040591957,4
avGFP,S65T:S72A:M153I:K158G:S202T,5,2.1415239523399467,138.5236582802548,0.034193385214675534,3
avGFP,S65T:S72A:R73L:V93F:K158G:S202T,6,2.1361644115820737,136.82467069864705,0.033774004600749426,4
avGFP,L64M:S65T:S72A:K158G:N164T:L178V,6,2.1358047923314247,136.7114193885098,0.03374604947942455,4
avGFP,S30C:L64M:S65T:S72A:F99C:N149H,6,2.133746298626422,136.06496009396517,0.03358647650858046,4
avGFP,F46Y:S65T:S72A:R73L:S202T,5,2.1330502619535823,135.8470656593296,0.033532691123238166,3
avGFP,S65T:S72A:R73L:Y145L:K158G:V163A,6,2.1317794521535207,135.4501380979291,0.03343471293541244,4
avGFP,S65T:S72A:R73L:Y145L:K158G:S202T,6,2.131446278786937,135.34626601464055,0.03340907299635055,4
avGFP,S65T:S72A:Q80R:N149H:V163A:I171S,6,2.1288761918970764,134.54767326300976,0.03321194717737373,3
avGFP,F46Y:S65T:S72A:R73L:N149H:H231Y,6,2.1276283605408746,134.1616406389638,0.033116658312039776,4
avGFP,S65T:S72A:N149H:M153I:K158G:N164T,6,2.125134724592255,133.39351744692706,0.032927053644333834,4
avGFP,S30C:Y39N:S65T:S72A:Y145L:N164T,6,2.1249757403000826,133.34469437054148,0.032915002083763294,4
avGFP,L64M:S65T:S72A:Q80R:K158G:V163A,6,2.1192842899408415,131.60860625590325,0.03248646351925076,3
avGFP,S65T:S72A:Q80R:S147N:K158G:H231Y,6,2.114252433836397,130.09255217808553,0.032112238482656486,4
avGFP,S65T:S72A:R73L:F99C:N164T,5,2.114097944215511,130.04628317018697,0.03210081737213849,3
avGFP,Y39N:S65T:S72A:K158G:H231Y,5,2.1131081369998057,129.7502301889233,0.03202773921525195,3
avGFP,S65T:S72A:R73L:K79R:K158G:V163A,6,2.112532719077929,129.57843162360487,0.031985332202643484,4
avGFP,F46Y:S65T:S72A:Q80R:F99C:H231Y,6,2.1124257351135034,129.54651524530328,0.03197745391649748,4
avGFP,F46Y:S65T:Q69H:S72A:K79R:A206V,6,2.1089624127620343,128.51754260066534,0.031723460783120314,4
avGFP,S65T:S72A:R73L:M153I:K158G:V163A,6,2.108851364803956,128.4846852036076,0.031715350214509185,4
avGFP,S65T:S72A:R73L:V93F:S202T:A206V,6,2.1086979286779592,128.43929961601788,0.031704147168770166,4
avGFP,S65T:S72A:Y145L:K158G:I167V:H231Y,6,2.0998108194601626,125.83771379067473,0.031061967865975378,4
avGFP,Y39N:S65T:S72A:K79R:K158G:I171S,6,2.0993803242720417,125.71303873241965,0.03103119288972581,4
avGFP,S65T:S72A:F99C:N164T:I167V:H231Y,6,2.0993081763552786,125.6921561725554,0.031026038207683976,4
avGFP,S30C:S65T:S72A:R73L:K158G:V163A,6,2.098071334846628,125.33470259923014,0.030937803837607313,4
avGFP,L64M:S65T:S72A:V93F:K158G:H231Y,6,2.094135900689766,124.20409098343528,0.030658721989878124,4
avGFP,S65T:S72A:M153I:K158G:I167V:S202T,6,2.09268126353003,123.7887745158244,0.03055620465717611,4
avGFP,Y39N:S65T:S72A:F99C:K158G:H231Y,6,2.091171048929482,123.3590593034925,0.030450133116976502,4
avGFP,S65T:S72A:F99C:M153I:L178V:H231Y,6,2.090503684329931,123.1696434768016,0.03040337743344774,4
avGFP,F46Y:S65T:S72A:R73L:N149H:V163A,6,2.0897574229366502,122.95817907391233,0.03035117924667624,4
avGFP,L64M:S65T:S72A:Q80R:V93F:I171S,6,2.088660500145422,122.64800833419964,0.03027461624136014,4
avGFP,S65T:S72A:R73L:Y145L:M153I:A206V,6,2.087905385304454,122.43494354139443,0.030222023011968708,4
avGFP,S65T:Q69H:S72A:K158G:N164T:S202T,6,2.086875273350862,122.14488173540416,0.03015042372567045,4
avGFP,Y39N:S65T:S72A:K79R:K158G,5,2.083304844175049,121.1448186582287,0.029903566672793234,3
avGFP,S65T:S72A:R73L:N149H:M153I:V163A,6,2.079393203069555,120.0585801833257,0.02963543795695889,4
avGFP,S65T:S72A:N149H:K158G:I171S:S202T,6,2.078590592174224,119.83690723425042,0.029580719877509463,4
avGFP,S65T:S72A:S147N:K158G:N164T,5,2.076010256777667,119.12701420452233,0.029405488829412275,3
avGFP,L64M:S65T:S72A:K158G:I171S:H231Y,6,2.074178497564314,118.62562062037343,0.029281724093627687,4
avGFP,S65T:S72A:R73L:F99C:N164T:H231Y,6,2.0732735246769365,118.37868863597478,0.0292207710364446,4
avGFP,L64M:S65T:S72A:M153I:K158G:S202T,6,2.068543638340971,117.09642560608488,0.0289042553287894,4
avGFP,Y39N:S65T:S72A:R73L:K158G:H231Y,6,2.0657956860749556,116.35784948933032,0.02872194410495892,4
avGFP,L64M:S65T:S72A:K158G:L178V:H231Y,6,2.0657890321363817,116.35606675414893,0.028721504051963283,4
avGFP,Y39N:S65T:S72A:K158G:N164T:I171S,6,2.0657060503247164,116.33383641221874,0.02871601668139778,4
avGFP,F46Y:S65T:S72A:K79R:K158G,5,2.065571967709593,116.29792543931698,0.028707152363597426,3
avGFP,Y39N:S65T:S72A:K158G:I171S:S202T,6,2.0648216656801,116.09717861646587,0.028657599720174717,4
avGFP,F46Y:L64M:S65T:S72A:K158G,5,2.064754877157087,116.07932583865441,0.028653192914027396,3
avGFP,S65T:S72A:K79R:V93F:K158G:V163A,6,2.0618730915015058,115.31162477015386,0.028463692443921062,4
avGFP,F46Y:S65T:S72A:N164T:I167V:H231Y,6,2.0613815441391,115.18118548809747,0.028431494618121108,4
avGFP,S65T:S72A:N149H:K158G:N164T:A206V,6,2.060423011242541,114.92724901883035,0.02836881256350674,4
avGFP,S65T:S72A:N164T:T203I:A206V:H231Y,6,2.0596504545007366,114.72298923609247,0.028318392775856523,4
avGFP,S65T:S72A:V93F:Y145L:V163A:S202T,6,2.0592719870784224,114.62305704137638,0.028293725364731973,4
avGFP,S65T:S72A:V93F:S147N:K158G:V163A,6,2.0590721246753962,114.5703196245792,0.02828070758256999,4
avGFP,S65T:S72A:K158G:N164T:I167V:H231Y,6,2.0579901176734148,114.28523290058557,0.028210336352888908,4
avGFP,S65T:S72A:K79R:K158G:H231Y,5,2.0542586517493118,113.30749851441671,0.02796899094720905,3
avGFP,F46Y:S65T:S72A:Q80R:S147N:H231Y,6,2.050500178938372,112.33114325019356,0.027727985966035252,4
avGFP,L64M:S65T:S72A:F99C:K158G:L178V,6,2.0472169060345293,111.48512009819125,0.027519152356700285,4
avGFP,S65T:S72A:R73L:K158G:V163A:I171S,6,2.0455041164445595,111.04630607677679,0.027410834852974898,4
avGFP,F46Y:S65T:S72A:R73L:V163A:N164T,6,2.044274368144937,110.73231210754612,0.027333328116015444,4
avGFP,S30C:Y39N:S65T:S72A:S147N:K158G,6,2.0441857759373145,110.70972600552747,0.02732775292910218,4
avGFP,S65T:S72A:R73L:N149H:K158G:H231Y,6,2.0419022330707057,110.1291362585336,0.027184439295047786,4
avGFP,S30C:S65T:S72A:K79R:F99C:K158G,6,2.040251750462685,109.71139834415506,0.027081324248835085,4
avGFP,S65T:S72A:K158G:N164T:L178V:H231Y,6,2.039535956122377,109.53072343238598,0.027036726185706773,4
avGFP,F46Y:S65T:S72A:V93F:K158G,5,2.0394315896274993,109.50440496709489,0.02703022969670894,3
avGFP,S65T:S72A:R73L:K79R:K158G:A206V,6,2.036640439645076,108.80289212671859,0.026857067226977605,4
avGFP,S65T:S72A:Q80R:V163A:N164T:I171S,6,2.0325349774878063,107.77920541072918,0.026604378880066098,3
avGFP,F46Y:S65T:S72A:V93F:S147N:K158G,6,2.027340295412598,106.49771639756365,0.026288054231846863,4
avGFP,Y39N:S65T:S72A:Q80R:V93F:N164T,6,2.0269172165773544,106.39401950031227,0.026262457535966153,4
avGFP,S65T:S72A:K79R:K158G:V163A,5,2.024975288798494,105.91934557318612,0.026145288319941336,3
avGFP,Y39N:L64M:S65T:S72A:F99C:N164T,6,2.020665768816654,104.87350160003967,0.025887130642818102,4
avGFP,S65T:Q69H:S72A:K158G:V163A:H231Y,6,2.017521021161011,104.11685020951892,0.025700357691608916,4
avGFP,L64M:S65T:S72A:V93F:K158G:S202T,6,2.0163125203679244,103.82752948810035,0.02562894133572523,4
avGFP,F46Y:S65T:S72A:F99C:M153I:K158G,6,2.0157775013685595,103.69970032905941,0.025597387796560737,4
avGFP,S65T:S72A:K79R:Q80R:K158G:V163A,6,2.0111082101808986,102.59075127556359,0.025323653167830987,3
avGFP,S65T:S72A:N149H:K158G:N164T:T203I,6,2.009524044142056,102.21721502485238,0.02523144892582076,4
avGFP,S65T:S72A:F99C:M153I:N164T:H231Y,6,2.002939657232579,100.67917710980278,0.024851797366246233,4
avGFP,Y39N:S65T:S72A:Q80R:M153I:K158G,6,2.002365696383996,100.54620802912946,0.02481897508120446,4
avGFP,Y39N:S65T:S72A:N149H:K158G:V163A,6,2.001386309487097,100.31971957215868,0.024763068334645606,4
avGFP,S65T:Q69H:S72A:Q80R:V93F:I171S,6,2.000099017112184,100.02280213193765,0.0246897767934282,4
avGFP,Y39N:S65T:S72A:R73L:V93F:Y145L,6,1.9981907868384037,99.58427979322062,0.02458153128909236,4
avGFP,S65T:S72A:R73L:K158G:N164T,5,1.9981458487980337,99.57397597622233,0.024578987879625862,3
avGFP,S65T:S72A:S147N:K158G:V163A:I171S,6,1.995136243589944,98.88632647288985,0.02440924745656717,4
avGFP,S65T:S72A:F99C:S147N:K158G:N164T,6,1.9945381863792457,98.75024604412772,0.024375657161749605,4
avGFP,S65T:S72A:K158G:V163A:S202T,5,1.9921482710892027,98.20831756654387,0.02424188673276384,3
avGFP,F46Y:S65T:S72A:R73L:Q80R:K158G,6,1.991891394431253,98.15024645084262,0.024227552372455496,4
avGFP,F46Y:S65T:Q69H:S72A:S147N:K158G,6,1.9910426872621887,97.95862652429778,0.02418025262565052,4
avGFP,S65T:S72A:K158G:V163A,4,1.9906706815797672,97.87475356622122,0.02415954930031093,2
avGFP,S65T:Q69H:S72A:Q80R:V93F:V163A,6,1.9877246758516074,97.21307390261622,0.023996219310999004,3
avGFP,S65T:S72A:Q80R:M153I:K158G:H231Y,6,1.98715839374791,97.08639914235685,0.02396495072534151,4
avGFP,F46Y:S65T:S72A:K79R:K158G:A206V,6,1.9849836303486474,96.60144667886286,0.023845244340158504,4
avGFP,S65T:S72A:F99C:N105Y:K158G:N164T,6,1.9828799280077782,96.13464524361565,0.02373001838170252,4
avGFP,S65T:S72A:Q80R:F99C:K158G:H231Y,6,1.9754068753650427,94.4945748458862,0.02332518097280814,4
avGFP,F46Y:L64M:S65T:S72A:F99C:K158G,6,1.9672118426180043,92.72820279516355,0.022889167076607098,4
avGFP,S30C:S65T:S72A:F99C:K158G,5,1.9664841157376547,92.57295260685532,0.022850844889917985,3
avGFP,S30C:S65T:S72A:F99C:N164T:L178V,6,1.953991401820488,89.94797734172455,0.022202892103123838,4
avGFP,F46Y:S65T:S72A:M153I:K158G:I171S,6,1.9532640868738667,89.7974671197014,0.022165739936741025,4
avGFP,Y39N:S65T:S72A:S147N:K158G:V163A,6,1.9467531964918416,88.46127538482145,0.021835912387579856,4
avGFP,S65T:S72A:R73L:V93F:Y145L:V163A,6,1.9454850343734937,88.2033407069442,0.02177224340922356,4
avGFP,F46Y:S65T:S72A:K79R:F99C:K158G,6,1.9401881854578666,87.13410716062184,0.021508312215175206,4
avGFP,S65T:S72A:V93F:K158G:S202T:H231Y,6,1.9396771656813925,87.03163967087123,0.021483018988064966,4
avGFP,S30C:S65T:S72A:F99C:K158G:I167V,6,1.9368976520168917,86.47641001802292,0.02134596527725376,4
avGFP,S65T:S72A:K158G:N164T:S202T,5,1.9351800147978544,86.13507075435034,0.021261708587266285,3
avGFP,F46Y:S65T:S72A:S147N:K158G,5,1.9281637044931816,84.75468312264344,0.02092097165739807,3
avGFP,S30C:S65T:S72A:R73L:K158G:N164T,6,1.926571707652912,84.44456593319357,0.02084442187050825,4
avGFP,F46Y:S65T:S72A:K158G:L178V:S202T,6,1.92640766313647,84.4126750097958,0.020836549867688448,4
avGFP,S30C:F46Y:S65T:S72A:K158G:N164T,6,1.923786580306202,83.904756295087,0.020711174459000902,4
avGFP,F46Y:S65T:S72A:Y145L:K158G:H231Y,6,1.9213887781048955,83.44278257163002,0.020597140180081814,4
avGFP,Y39N:S65T:S72A:K79R:K158G:V163A,6,1.9198280072587341,83.14344346422097,0.020523250870944837,4
avGFP,Y39N:S65T:S72A:K79R:K158G:S202T,6,1.9196331324741778,83.1061440586822,0.02051404383037358,4
avGFP,S65T:S72A:M153I:K158G:V163A:S202T,6,1.9193806034627356,83.05783441420448,0.020502119006096498,4
avGFP,F46Y:L64M:S65T:S72A:K158G:H231Y,6,1.9115631548076264,81.57614059756328,0.0201363755073209,4
avGFP,S65T:S72A:F99C:N164T:L178V:H231Y,6,1.909958514498688,81.27528751340247,0.020062112485917574,4
avGFP,F46Y:S65T:S72A:K158G:N164T:I171S,6,1.9010024614895846,79.61638628934936,0.01965262684793085,4
avGFP,S65T:S72A:N149H:K158G:N164T:I171S,6,1.8971296566696536,78.90956634272587,0.019478154364224013,4
avGFP,S65T:S72A:R73L:K158G:L178V:H231Y,6,1.8932474945719642,78.20733634854892,0.019304814871185124,4
avGFP,F46Y:S65T:S72A:K79R:S147N:K158G,6,1.8929127826630305,78.14708496795427,0.019289942331057568,4
avGFP,S65T:S72A:S147N:K158G:V163A,5,1.8871033323556858,77.10869131381239,0.019033623701724855,3
avGFP,F46Y:S65T:S72A:K79R:K158G:I171S,6,1.8815718056051411,76.13280054427493,0.01879273337710803,4
avGFP,S65T:S72A:K158G:V163A:N164T,5,1.875575278338025,75.08881978801959,0.018535035619205005,3
avGFP,S65T:S72A:M153I:K158G:N164T,5,1.8734912940396782,74.72936536322818,0.01844630735598555,3
avGFP,S65T:S72A:N149H:K158G:N164T:S202T,6,1.8620722409717463,72.79008742152621,0.017967613113267944,4
avGFP,S65T:S72A:F99C:N164T:T203I:H231Y,6,1.8591076166775276,72.29489256633175,0.017845378480930034,4
avGFP,S30C:S65T:S72A:K158G:S202T:H231Y,6,1.8514187500202375,71.0262278159534,0.017532219392753175,4
avGFP,F46Y:S65T:S72A:K158G:L178V:H231Y,6,1.8485670745882863,70.56138141236977,0.01741747601721198,4
avGFP,S65T:S72A:Y145L:N149H:K158G:N164T,6,1.8391961564055492,69.05516326703109,0.017045678896775687,4
avGFP,S65T:S72A:V93F:K158G:N164T:S202T,6,1.8142346054105682,65.19804981108307,0.016093583291928826,4
avGFP,Y39N:S65T:S72A:F99C:K158G:N164T,6,1.8013442638965564,63.29133610469397,0.015622927253342547,4
avGFP,S65T:S72A:R73L:K158G:N164T:H231Y,6,1.7975851069860345,62.74586445460436,0.015488282222401594,4
avGFP,F46Y:S65T:S72A:K158G,4,1.7741075727421565,59.443938027737275,0.014673229807052001,2
avGFP,F46Y:S65T:S72A:F99C:K158G:V163A,6,1.7695086667549673,58.81778516683048,0.014518669306397732,4
avGFP,S65T:S72A:R73L:M153I:K158G:N164T,6,1.7659839491850022,58.342354149372085,0.014401313209072676,4
avGFP,F46Y:S65T:S72A:K158G:S202T:H231Y,6,1.760673136795097,57.63325347654524,0.014226277747527912,4
avGFP,F46Y:S65T:S72A:K158G:I167V:S202T,6,1.7313638623464667,53.872094683832316,0.01329786773403689,4
avGFP,F46Y:S65T:S72A:K158G:V163A:N164T,6,1.729076970483546,53.58916257533204,0.013228028352839077,4
avGFP,L64M:S65T:S72A:F99C:L178V:H231Y,6,1.707332924675363,50.972146737659806,0.01258204028292114,4
avGFP,S65T:S72A:K158G:V163A:S202T:H231Y,6,1.6766824107543177,47.49877516405384,0.01172466809332931,4
avGFP,F46Y:S65T:S72A:K158G:N164T:L178V,6,1.6662196168431564,46.368133783883735,0.0114455788985176,4
avGFP,S65T:S72A:R73L:Y145L:N149H:N164T,6,1.6559757642333621,45.28723066978718,0.011178767171056066,4
avGFP,F46Y:S65T:S72A:K158G:N164T,5,1.6238110315148797,42.054360331116264,0.01038076066291413,3
avGFP,S65T:S72A:K158G:V163A:I171S:H231Y,6,1.6159504117958725,41.30003424811265,0.010194561694060472,4
